日付,M1,M2,M3,M4,M5,M6,M7,M8,USDJPY,JGB_Future,Nikkei225,DXY,JPY_Effective,Date,Policy_Rate,Event,Is_Meeting_Day,Actual_Policy_Rate,M1_is_imputed,M2_is_imputed,M3_is_imputed,M4_is_imputed,M5_is_imputed,M6_is_imputed,M7_is_imputed,M8_is_imputed
2023-02-24,-0.00625,0.0125,0.04375,0.08,0.11375,0.14125,0.17472813808690063,0.19433105970852282,136.47,146.6,27453.48,105.214,0.7709679783102513,,,,0,-0.08323571795648999,0,0,0,0,0,0,1,1
2023-02-27,-0.00625,0.015,0.03875,0.0775,0.1225,0.15,0.18444912127538893,0.20412274095262317,136.22,146.46,27423.96,104.673,0.7684113933343122,,,,0,-0.10259464258188,0,0,0,0,0,0,1,1
2023-02-28,-0.00625,0.01625,0.04125,0.075,0.11125,0.13625,0.1693629591907296,0.18819210814045317,136.22,146.65,27445.56,104.869,0.7698502422551755,,,,0,-0.09300860094455743,0,0,0,0,0,0,1,1
2023-03-01,-0.0075,0.01375,0.04625,0.0725,0.1025,0.14125,0.17227244665157748,0.18704746665331062,136.19,146.69,27516.53,104.483,0.7671855495998238,,,,0,-0.09672753735468387,0,0,0,0,0,0,1,1
2023-03-02,-0.0075,0.015,0.04125,0.075,0.10875,0.13625,0.16883213232870264,0.1877316132516833,136.78,146.63,27498.87,105.027,0.767853487351952,,,,0,-0.09199432503217242,0,0,0,0,0,0,1,1
2023-03-03,-0.0075,0.0125,0.035,0.06875,0.1075,0.125,0.1575205985952619,0.17684705266394873,135.88,146.89,27927.47,104.521,0.7692154842508095,,,,0,-0.09155741402207873,0,0,0,0,0,0,1,1
2023-03-06,-0.0075,0.0125,0.03375,0.06625,0.09625,0.12,0.15196064764180905,0.17112195005734132,135.93,146.81,28237.78,104.35,0.7676745383653351,,,,0,-0.09480876126989424,0,0,0,0,0,0,1,1
2023-03-07,-0.00875,0.0075,0.035,0.06375,0.09,0.10375,0.1363284489601817,0.15793277991867027,137.16,146.87,28309.16,105.615,0.77001312335958,,,,0,-0.07179126169669914,0,0,0,0,0,0,1,1
2023-03-08,-0.00875,0.00625,0.0375,0.06,0.08375,0.11,0.1421095250027941,0.1602200159803744,137.35,146.79,28444.19,105.658,0.7692610120131053,,,,0,-0.08340617956692542,0,0,0,0,0,0,1,1
2023-03-09,-0.00625,0.01125,0.03375,0.065,0.09375,0.1175,0.15314706246438628,0.17442742828186453,136.15,146.5,28623.15,105.309,0.7734777818582446,,,,0,-0.09552961857780629,0,0,0,0,0,0,1,1
2023-03-10,-0.00625,0.005,0.02875,0.0525,0.0775,0.1075,0.13580832691173483,0.1463512822549995,135.0,147.49,28143.97,104.576,0.774637037037037,2023-03-10,-0.1," ""MPM""",1,-0.1,0,0,0,0,0,0,1,1
2023-03-13,-0.00125,0.0175,0.0425,0.06625,0.07125,0.09066217209371535,0.11736039498445786,0.12830629746368172,133.21,147.79,27832.96,103.595,0.7776818557165377,,,,0,-0.1,0,0,0,0,0,1,1,1
2023-03-14,-0.01125,0.00375,0.02,0.03,0.0375,0.052638546428865396,0.07523003467195186,0.08373820822449352,134.22,148.1,27222.04,103.597,0.7718447325286842,,,,0,-0.1,0,0,0,0,0,1,1,1
2023-03-15,-0.0125,0.01125,0.0375,0.07,0.09375,0.11666903619049268,0.14632412238924056,0.15787686781351118,133.41,147.72,27229.48,104.646,0.7843939734652575,,,,0,-0.1,0,0,0,0,0,1,1,1
2023-03-16,-0.01,0.00875,0.03125,0.06125,0.08125,0.0996777876168734,0.12356292631577814,0.12990582507178994,133.75,148.44,27010.61,104.418,0.7806953271028038,,,,0,-0.1,0,0,0,0,0,1,1,1
2023-03-17,-0.0075,0.00875,0.04125,0.06,0.09,0.10911837184847356,0.13597583823625467,0.14080596964275083,131.81,148.27,27333.79,103.708,0.7867991806387983,,,,0,-0.1,0,0,0,0,0,1,1,1
2023-03-20,-0.00625,0.01,0.0325,0.055,0.0575,0.06992574958851927,0.09067681028178101,0.09352493164921771,131.32,148.99,26945.67,103.281,0.7864833993298813,,,,0,-0.1,0,0,0,0,0,1,1,1
2023-03-22,-0.0075,0.01,0.0325,0.0575,0.08625,0.10460004414011437,0.12920435363764482,0.1359767586679539,131.46,148.28,27466.61,102.346,0.7785333941883462,,,,0,-0.1,0,0,0,0,0,1,1,1
2023-03-23,-0.0075,0.0075,0.0325,0.04625,0.08,0.09650349019450122,0.12081732162484687,0.1236661076729404,130.82,148.52,27419.61,102.532,0.7837639504662895,,,,0,-0.1,0,0,0,0,0,1,1,1
2023-03-24,-0.0075,0.01125,0.04,0.06125,0.0825,0.09866329963304049,0.1230865265096065,0.12625643011183763,130.71,148.7,27385.25,103.116,0.7888914390635758,,,,0,-0.1,0,0,0,0,0,1,1,1
2023-03-27,-0.0075,0.00875,0.04125,0.0625,0.08625,0.103114317215933,0.12661157572823695,0.130327304364092,131.56,148.64,27476.87,102.857,0.7818257829127394,,,,0,-0.1,0,0,0,0,0,1,1,1
2023-03-28,-0.01125,0.01,0.04,0.06875,0.085,0.10227543373091974,0.12670770732604766,0.1338081820744419,130.88,148.51,27518.25,102.43,0.782625305623472,,,,0,-0.1,0,0,0,0,0,1,1,1
2023-03-29,-0.01125,0.01,0.0425,0.06125,0.08125,0.09809616348662992,0.12001661561618376,0.12493206985169913,132.86,148.62,27883.78,102.64,0.7725425259671834,,,,0,-0.1,0,0,0,0,0,1,1,1
2023-03-30,-0.0125,0.0075,0.03625,0.05625,0.08,0.09789955382333942,0.12088986127453993,0.12839243530787936,132.66,148.31,27782.93,102.144,0.769968340117594,,,,0,-0.1,0,0,0,0,0,1,1,1
2023-03-31,-0.015,0.00375,0.04,0.0575,0.08625,0.10594070127556893,0.13127574257058702,0.13960909414722278,132.81,148.12,28041.48,102.506,0.7718244108124388,,,,0,-0.1,0,0,0,0,0,1,1,1
2023-04-03,-0.015,0.0025,0.04,0.065,0.08375,0.10484993925614405,0.1323076232904467,0.14590065667965457,132.42,147.71,28188.15,102.093,0.7709787041232443,,,,0,-0.1,0,0,0,0,0,1,1,1
2023-04-04,-0.01625,0.0025,0.03875,0.06,0.07875,0.10004491473966404,0.12883710302811496,0.14402892016505353,131.71,147.48,28287.42,101.586,0.7712853997418571,,,,0,-0.1,0,0,0,0,0,1,1,1
2023-04-05,-0.01625,0.005,0.03875,0.06125,0.075,0.09556751124702739,0.1244844889016028,0.1395356881415799,131.32,147.51,27813.26,101.852,0.7756015839171491,,,,0,-0.1,0,0,0,0,0,1,1,1
2023-04-06,-0.00875,0.0025,0.035,0.07125,0.06625,0.08511776063084775,0.11134052615244477,0.12804252299087748,131.78,147.66,27472.63,101.822,0.7726665654879344,,,,0,-0.1,0,0,0,0,0,1,1,1
2023-04-07,-0.01,0.00125,0.035,0.0725,0.07625,0.09642980521972633,0.12317479629326358,0.13930137011179267,132.15,147.66,27518.31,102.092,0.7725463488460083,,,,0,-0.1,0,0,0,0,0,1,1,1
2023-04-10,-0.0075,0.0,0.03625,0.0725,0.0725,0.09301408763376257,0.1191240123050773,0.1357442986628501,133.62,147.57,27633.66,102.578,0.7676844783715012,,,,0,-0.1,0,0,0,0,0,1,1,1
2023-04-11,-0.01,-0.00375,0.01875,0.0425,0.05875,0.07716298723162474,0.10114519777879949,0.11399959522723035,133.66,147.81,27923.37,102.204,0.7646565913511896,,,,0,-0.1,0,0,0,0,0,1,1,1
2023-04-12,-0.01,-0.00375,0.015,0.0325,0.0475,0.06498292225262248,0.0888895737229854,0.10248545114391217,133.13,147.68,28082.7,101.5,0.7624126793359874,,,,0,-0.1,0,0,0,0,0,1,1,1
2023-04-13,-0.00875,-0.00375,0.01125,0.03375,0.045,0.06207736756053739,0.08565689434125565,0.10049505852506768,132.57,147.68,28156.97,101.011,0.7619446330240628,,,,0,-0.1,0,0,0,0,0,1,1,1
2023-04-14,-0.00875,-0.00625,0.0175,0.0425,0.05875,0.07774570992175239,0.10168434050509378,0.11634586933570823,133.78,147.68,28493.47,101.552,0.7590970249663628,,,,0,-0.1,0,0,0,0,0,1,1,1
2023-04-17,-0.00875,-0.00625,0.0175,0.04125,0.05875,0.07946075504373196,0.10540594744709172,0.12190990481722275,134.48,147.35,28514.78,102.103,0.759243010113028,,,,0,-0.1,0,0,0,0,0,1,1,1
2023-04-18,-0.00875,-0.00625,0.01625,0.04125,0.0575,0.07762669856864729,0.10296192100841786,0.11940838974317858,134.11,147.44,28658.83,101.745,0.7586682574006413,,,,0,-0.1,0,0,0,0,0,1,1,1
2023-04-19,-0.00875,-0.0075,0.01625,0.04625,0.05375,0.07382113557755055,0.09873831041715106,0.11688452081713718,134.71,147.41,28606.76,101.968,0.7569445475465816,,,,0,-0.1,0,0,0,0,0,1,1,1
2023-04-20,-0.00875,-0.0075,0.01375,0.04,0.04125,0.05967123538979602,0.0841541820906862,0.10201193249659224,134.24,147.48,28657.57,101.84,0.7586412395709178,,,,0,-0.1,0,0,0,0,0,1,1,1
2023-04-21,-0.00875,-0.0075,0.0075,0.03625,0.04375,0.06156920416922079,0.0847272395089565,0.10075475611371787,134.16,147.71,28564.37,101.822,0.7589594514013119,,,,0,-0.1,0,0,0,0,0,1,1,1
2023-04-24,-0.00875,-0.00875,0.00625,0.02875,0.0375,0.05414718206090968,0.07588416277398802,0.09087374335125364,134.24,147.77,28593.52,101.348,0.7549761620977353,,,,0,-0.1,0,0,0,0,0,1,1,1
2023-04-25,-0.0075,-0.00875,0.00625,0.02875,0.0425,0.059974514921110944,0.0836388587610063,0.09782685949695047,133.72,147.74,28620.07,101.863,0.7617633861800778,,,,0,-0.1,0,0,0,0,0,1,1,1
2023-04-26,-0.00875,-0.01,0.00875,0.025,0.04375,0.059676468892466694,0.0810265542210532,0.09194863156167399,133.66,148.04,28416.47,101.467,0.7591426006284603,,,,0,-0.1,0,0,0,0,0,1,1,1
2023-04-27,-0.0175,-0.0075,0.0075,0.025,0.04875,0.06556637155703393,0.08707788642669201,0.09872617586975507,133.96,148.06,28457.68,101.503,0.7577112570916691,,,,0,-0.1,0,0,0,0,0,1,1,1
2023-04-28,-0.0225,-0.00875,-0.00125,0.01875,0.03875,0.05317507292848728,0.06905421440095269,0.07894098452140574,136.29,148.6,28856.44,101.659,0.7459021204783918,2023-04-28,-0.1," ""MPM""",1,-0.1,0,0,0,0,0,1,1,1
2023-05-01,-0.01,-0.0025,0.01625,0.03875,0.060147333286011184,0.07814032170711438,0.0942812182722417,0.10230554769206579,137.5,148.52,29123.18,102.151,0.7429163636363636,,,,0,-0.1,0,0,0,0,1,1,1,1
2023-05-02,-0.015,0.0,0.01625,0.03125,0.05063915035281613,0.06779174797385401,0.08512952713793015,0.09350027745180478,136.56,148.45,29157.95,101.958,0.7466168717047451,,,,0,-0.1,0,0,0,0,1,1,1,1
2023-05-08,-0.015,0.0,0.01625,0.03,0.045991568309625586,0.06117700912610463,0.07779058793684299,0.08486971782253394,135.09,148.66,28949.88,101.377,0.7504404471093344,,,,0,-0.1,0,0,0,0,1,1,1,1
2023-05-09,-0.01625,-0.00125,0.01375,0.03375,0.05099858512033151,0.06795976440323825,0.08643657286680212,0.09603884061340273,135.23,148.46,29242.82,101.605,0.751349552614065,,,,0,-0.1,0,0,0,0,1,1,1,1
2023-05-10,-0.02125,-0.01375,0.01,0.0275,0.04342056224273594,0.05911201478063138,0.07802411258875774,0.08750427486733292,134.35,148.58,29122.18,101.477,0.7553181987346483,,,,0,-0.1,0,0,0,0,1,1,1,1
2023-05-11,-0.0225,-0.015,0.0025,0.02875,0.0438971521405514,0.05895033784994397,0.07698411119615617,0.08585454740801901,134.56,148.86,29126.72,102.058,0.7584571938168847,,,,0,-0.1,0,0,0,0,1,1,1,1
2023-05-12,-0.02375,-0.01375,-0.00125,0.02125,0.037437782620741045,0.052089678875210266,0.0692122528302612,0.07692821315923037,135.72,148.96,29388.3,102.681,0.7565649867374005,,,,0,-0.1,0,0,0,0,1,1,1,1
2023-05-15,-0.0225,-0.01375,-0.00125,0.0225,0.04037592638287363,0.056577410717651766,0.0745078080605927,0.08422764355378454,136.12,148.7,29626.34,102.434,0.752527181898325,,,,0,-0.1,0,0,0,0,1,1,1,1
2023-05-16,-0.0225,-0.01375,-0.005,0.02,0.0374729633606693,0.05307068939259618,0.07009237884209163,0.07914291099222037,136.38,148.85,29842.99,102.564,0.7520457545094589,,,,0,-0.1,0,0,0,0,1,1,1,1
2023-05-17,-0.02375,-0.015,-0.00625,0.01375,0.03202933457983875,0.04650617710388821,0.061055254107100915,0.06772780280876356,137.69,149.12,30093.59,102.882,0.7472002324061298,,,,0,-0.1,0,0,0,0,1,1,1,1
2023-05-18,-0.0275,-0.01375,-0.0075,0.0125,0.03328651568459151,0.049791692881529626,0.06642664277003069,0.07527663050263689,138.72,148.86,30573.93,103.584,0.7467128027681661,,,,0,-0.1,0,0,0,0,1,1,1,1
2023-05-19,-0.02625,-0.01625,-0.00125,0.01125,0.03213913660519624,0.049047266310209225,0.06748625556487675,0.07682881730461921,137.97,148.65,30808.35,103.198,0.7479741972892657,,,,0,-0.1,0,0,0,0,1,1,1,1
2023-05-22,-0.02625,-0.01625,-0.00125,0.0125,0.03371431560542171,0.05039057936571134,0.06737322776898597,0.07586994732465135,138.6,148.82,31086.82,103.198,0.7445743145743146,,,,0,-0.1,0,0,0,0,1,1,1,1
2023-05-23,-0.02625,-0.01625,-0.0025,0.0125,0.034329939949000854,0.05168253422858998,0.069864612103162,0.0792753121603127,138.59,148.68,30957.77,103.488,0.7467205426076917,,,,0,-0.1,0,0,0,0,1,1,1,1
2023-05-24,-0.03125,-0.02,0.0,0.01375,0.03765250993603447,0.05589694949230828,0.07433995644392172,0.08423928942614722,139.47,148.61,30682.68,103.887,0.7448698644869864,,,,0,-0.1,0,0,0,0,1,1,1,1
2023-05-25,-0.03375,-0.0225,-0.01,0.015,0.040236521415891735,0.060051982830728434,0.07940344795036847,0.09229579649877095,140.06,148.47,30801.13,104.251,0.7443310009995716,,,,0,-0.1,0,0,0,0,1,1,1,1
2023-05-26,-0.04125,-0.02875,-0.005,0.01375,0.039904880593188086,0.05962089105248358,0.07845293908832199,0.0909064500933765,140.63,148.56,30916.31,104.206,0.7409940979876272,,,,0,-0.1,0,0,0,0,1,1,1,1
2023-05-29,-0.03875,-0.02875,-0.00625,0.015,0.041553462583527434,0.0620772088803726,0.08212778637061241,0.09561641340590188,140.45,148.44,31233.54,104.264,0.7423567105731578,,,,0,-0.1,0,0,0,0,1,1,1,1
2023-05-30,-0.03875,-0.03125,-0.01375,0.00125,0.025747154412331275,0.044263925307785834,0.06393835541724102,0.07635735474064154,139.81,148.54,31328.16,104.165,0.7450468492954725,,,,0,-0.1,0,0,0,0,1,1,1,1
2023-05-31,-0.03875,-0.03125,-0.01375,0.00125,0.024915563484386893,0.04279410165295877,0.06254368176021158,0.07420491917228289,139.34,148.6,30887.88,104.326,0.7487153724702167,,,,0,-0.1,0,0,0,0,1,1,1,1
2023-06-01,-0.0425,-0.0375,-0.02125,-0.00125,0.02072820082171517,0.037855993320296655,0.05651222719607518,0.06935780825596072,138.79,148.74,31148.01,103.56,0.7461632682469919,,,,0,-0.1,0,0,0,0,1,1,1,1
2023-06-02,-0.04125,-0.03625,-0.025,-0.00375,0.01944202187862787,0.03669816319399877,0.05437895534978049,0.06671307568620777,139.96,148.82,31524.22,104.015,0.7431766218919691,,,,0,-0.1,0,0,0,0,1,1,1,1
2023-06-05,-0.04125,-0.0375,-0.025,-0.00375,0.020024245015719033,0.038687324952726754,0.05896232779021554,0.07343894705691167,139.56,148.58,32217.43,104.002,0.7452135282315849,,,,0,-0.1,0,0,0,0,1,1,1,1
2023-06-06,-0.04375,-0.0375,-0.025,-0.00375,0.01938273328655926,0.03750697512047574,0.057211142610696875,0.07087144942189161,139.63,148.77,32506.78,104.125,0.745720833631741,,,,0,-0.1,0,0,0,0,1,1,1,1
2023-06-07,-0.0425,-0.0325,-0.02,-0.00875,0.014231105831798097,0.0309461031088637,0.04872949049627523,0.059771002352921654,140.13,148.84,31913.74,104.099,0.7428744737029901,,,,0,-0.1,0,0,0,0,1,1,1,1
2023-06-08,-0.0425,-0.03125,-0.02,-0.0075,0.0141749788363692,0.031219055675091034,0.050136146336511755,0.06313017693475764,138.93,148.62,31641.27,103.343,0.7438494205715108,,,,0,-0.1,0,0,0,0,1,1,1,1
2023-06-09,-0.0425,-0.0325,-0.0225,-0.00875,0.013127005547542592,0.030109510516446114,0.04869456252276022,0.06134811468247281,139.35,148.75,32265.17,103.557,0.7431431646932185,,,,0,-0.1,0,0,0,0,1,1,1,1
2023-06-12,-0.04,-0.03375,-0.0225,-0.00875,0.013490775724771309,0.03031083355210268,0.04843082682710548,0.060321472245953744,139.6,148.82,32434.0,103.654,0.7425071633237822,,,,0,-0.1,0,0,0,0,1,1,1,1
2023-06-13,-0.045,-0.035,-0.02875,-0.01625,0.005134526860028188,0.020895217939032373,0.03698103612902556,0.04872675992357922,140.22,149.03,33018.65,103.338,0.7369704749679076,,,,0,-0.1,0,0,0,0,1,1,1,1
2023-06-14,-0.05,-0.045,-0.0275,-0.01375,0.011851753469470316,0.032492001665912706,0.05456387842582683,0.07394197774396338,140.09,148.12,33502.42,102.948,0.7348704404311514,,,,0,-0.1,0,0,0,0,1,1,1,1
2023-06-15,-0.0525,-0.045,-0.02875,-0.01375,0.011586404614164325,0.03226997896445016,0.05293579234957341,0.07357242722270274,140.29,148.08,33485.49,102.115,0.7278850951600256,,,,0,-0.1,0,0,0,0,1,1,1,1
2023-06-16,-0.0525,-0.045,-0.03,-0.01375,0.01248963214649601,0.03261689773802695,0.05040302082090048,0.06963124593837589,141.84,148.32,33706.08,102.243,0.7208333333333333,2023-06-16,-0.1," ""MPM""",1,-0.1,0,0,0,0,1,1,1,1
2023-06-19,-0.04625,-0.03125,-0.01375,0.019080266233190868,0.04479770914655751,0.06644837654356633,0.08398867137837557,0.10311569316155733,141.99,148.43,33370.42,102.522,0.7220367631523347,,,,0,-0.1,0,0,0,1,1,1,1,1
2023-06-20,-0.04625,-0.03125,-0.01375,0.018254514649319098,0.04312561503657519,0.06423951629822994,0.08187558914834994,0.10019899795380405,141.46,148.53,33388.91,102.54,0.7248692209811961,,,,0,-0.1,0,0,0,1,1,1,1,1
2023-06-21,-0.04625,-0.03125,-0.0225,0.008208279815103692,0.03148846195044075,0.05083255299324435,0.06597421193441236,0.08391673081451723,141.88,148.67,33575.14,102.071,0.71941781787426,,,,0,-0.1,0,0,0,1,1,1,1,1
2023-06-22,-0.04625,-0.0325,-0.0225,0.010106778922853221,0.03447755326672913,0.05362524484370157,0.06705970919727816,0.0843032904908747,143.12,148.76,33264.88,102.386,0.7153856903297932,,,,0,-0.1,0,0,0,1,1,1,1,1
2023-06-23,-0.04875,-0.03625,-0.025,0.009202303345361706,0.034498640472098385,0.053644037430208236,0.06688280392177218,0.08405421426247339,143.69,148.78,32781.54,102.903,0.7161458695803467,,,,0,-0.1,0,0,0,1,1,1,1,1
2023-06-26,-0.04875,-0.0375,-0.025,0.008647510580219009,0.03272899325275791,0.050586599587704284,0.06225698310510369,0.07789420360850352,143.51,149.01,32698.81,102.692,0.7155738276078322,,,,0,-0.1,0,0,0,1,1,1,1,1
2023-06-27,-0.05,-0.03875,-0.02625,0.008304532971381784,0.033260693632848115,0.05177036760224424,0.06341408294046774,0.08073926747039062,144.07,148.82,32538.33,102.492,0.7114041785243285,,,,0,-0.1,0,0,0,1,1,1,1,1
2023-06-28,-0.05,-0.03875,-0.02625,0.008980608033706095,0.03581056515652298,0.05614195539229472,0.07000574175719909,0.08906075051263285,144.47,148.6,33193.99,102.905,0.7122932096629058,,,,0,-0.1,0,0,0,1,1,1,1,1
2023-06-29,-0.05125,-0.04,-0.0275,0.008311811600759667,0.03565107400492468,0.05604149374079426,0.0700586720992068,0.08876248588272029,144.78,148.66,33234.14,103.342,0.713786434590413,,,,0,-0.1,0,0,0,1,1,1,1,1
2023-06-30,-0.05125,-0.04,-0.025,0.010516504149001016,0.03767627941309665,0.0584606903778796,0.07296683760546166,0.09252840874733459,144.34,148.55,33189.04,102.912,0.7129832340307607,,,,0,-0.1,0,0,0,1,1,1,1,1
2023-07-03,-0.05125,-0.04,-0.02625,0.00910804406126331,0.0366855986403507,0.05785285259051959,0.07264110223506609,0.0926925290519085,144.68,148.53,33753.33,102.962,0.7116533038429638,,,,0,-0.1,0,0,0,1,1,1,1,1
2023-07-04,-0.05125,-0.04375,-0.03125,0.0037838140366647233,0.030280308786150956,0.04991962817748635,0.06347233263038213,0.08207611578541574,144.46,148.73,33422.52,103.039,0.7132701093728367,,,,0,-0.1,0,0,0,1,1,1,1,1
2023-07-05,-0.05,-0.04125,-0.02875,0.00673924261723885,0.0336909417238514,0.05355185664501677,0.06720512491782898,0.08511449834311535,144.65,148.76,33338.7,103.373,0.7146422398893881,,,,0,-0.1,0,0,0,1,1,1,1,1
2023-07-06,-0.05125,-0.04125,-0.0275,0.008040244881827863,0.03487002305993192,0.05516948211742273,0.0696747475596309,0.0888302729937629,144.07,148.57,32773.02,103.069,0.7154091760949539,,,,0,-0.1,0,0,0,1,1,1,1,1
2023-07-07,-0.05,-0.0375,-0.01875,0.015599778748833393,0.04212206699094412,0.06427002639109497,0.08227171050193072,0.10401029246592897,142.09,148.12,32388.42,102.272,0.7197691603913013,,,,0,-0.1,0,0,0,1,1,1,1,1
2023-07-10,-0.04875,-0.03625,-0.01875,0.015500804880580366,0.04315642150086657,0.06748372290922838,0.08895418673558389,0.11439487826604267,141.31,147.55,32189.73,101.972,0.7216191352345905,,,,0,-0.1,0,0,0,1,1,1,1,1
2023-07-11,-0.04875,-0.03875,-0.03125,0.00018454149142216325,0.024937064752998395,0.046775076010433014,0.06722098187205178,0.09159640464653562,140.38,147.74,32203.57,101.732,0.7246901267986893,,,,0,-0.1,0,0,0,1,1,1,1,1
2023-07-12,-0.05,-0.04125,-0.0325,-0.003269174252682472,0.019757290917196968,0.04181043490112679,0.06410020373633407,0.09123034489973048,138.5,147.41,31943.93,100.521,0.7257833935018051,,,,0,-0.1,0,0,0,1,1,1,1,1
2023-07-13,-0.05,-0.0425,-0.035,-0.007641268708456106,0.013404039987797434,0.034043978735900815,0.05475913713872685,0.08122712890710382,138.04,147.6,32419.33,99.77,0.7227615184004637,,,,0,-0.1,0,0,0,1,1,1,1,1
2023-07-14,-0.05,-0.0425,-0.04,-0.01169405010376351,0.010745392953619093,0.03236008104257021,0.053785510354610544,0.08228612895655218,138.75,147.33,32391.26,99.914,0.720100900900901,,,,0,-0.1,0,0,0,1,1,1,1,1
2023-07-18,-0.0475,-0.0425,-0.04,-0.011690081106955297,0.01083741949866529,0.032321091121211565,0.05350428770437832,0.08150709029410819,138.82,147.36,32493.89,99.941,0.7199322864140614,,,,0,-0.1,0,0,0,1,1,1,1,1
2023-07-19,-0.0475,-0.04375,-0.04,-0.011347793518409699,0.01076457754603033,0.030780488875263246,0.049297034301191395,0.07437564486507697,139.69,147.81,32896.03,100.276,0.7178466604624526,,,,0,-0.1,0,0,0,1,1,1,1,1
2023-07-20,-0.04625,-0.0425,-0.04,-0.010365194715846793,0.012475733725485827,0.032530038041115206,0.0510560972251872,0.07530889282751785,140.08,147.83,32490.52,100.88,0.7201599086236435,,,,0,-0.1,0,0,0,1,1,1,1,1
2023-07-21,-0.05,-0.04625,-0.0375,-0.004655838500502718,0.020581369307245134,0.04167434075539256,0.05905427386098969,0.08436127287522965,141.81,147.78,32304.25,101.071,0.7127212467385938,,,,0,-0.1,0,0,0,1,1,1,1,1
2023-07-24,-0.05,-0.04625,-0.0375,-0.0059749495168478495,0.01761320532578231,0.03700834307956974,0.053088232624475096,0.07529930635348636,141.46,148.22,32700.94,101.346,0.7164286724162308,,,,0,-0.1,0,0,0,1,1,1,1,1
2023-07-25,-0.05,-0.04625,-0.0375,-0.006553338902869632,0.01667618945144317,0.03612393930668689,0.053032171060321875,0.07533736265974289,140.91,148.19,32682.51,101.349,0.7192463274430488,,,,0,-0.1,0,0,0,1,1,1,1,1
2023-07-26,-0.0525,-0.05,-0.04375,-0.014575214994024144,0.0063416963354777645,0.023884386619526965,0.03944619397729168,0.06096786349045602,140.22,148.4,32668.34,100.887,0.7194908001711596,,,,0,-0.1,0,0,0,1,1,1,1,1
2023-07-27,-0.05625,-0.0525,-0.0425,-0.013466449732345176,0.007970024568743295,0.02640754247395416,0.045021759582058424,0.06649734903488436,139.46,148.41,32891.16,101.773,0.7297648071131506,,,,0,-0.1,0,0,0,1,1,1,1,1
2023-07-28,-0.055,-0.04875,-0.04125,-0.03375,-0.01375,-0.0025,0.01875,0.015,141.16,147.38,32759.23,101.622,0.7199064890903939,2023-07-28,-0.1," ""MPM""",1,-0.1,0,0,0,0,0,0,0,0
2023-07-31,-0.055,-0.04875,-0.03625,-0.03,-0.01375,0.00125,0.02125,0.0275,142.29,146.8,33172.22,101.855,0.7158268325251248,,,,0,-0.1,0,0,0,0,0,0,0,0
2023-08-01,-0.055,-0.04875,-0.035,-0.03,-0.01375,0.01125,0.04,0.04375,143.34,147.05,33476.58,102.303,0.7137086647132691,,,,0,-0.1,0,0,0,0,0,0,0,0
2023-08-02,-0.05625,-0.04625,-0.0325,-0.0175,0.0075,0.02375,0.0475,0.0625,143.32,146.73,32707.69,102.59,0.7158107730951717,,,,0,-0.1,0,0,0,0,0,0,0,0
2023-08-03,-0.05625,-0.04625,-0.03,-0.01375,0.02375,0.05875,0.08125,0.09125,142.56,146.32,32159.28,102.542,0.7192901234567901,,,,0,-0.1,0,0,0,0,0,0,0,0
2023-08-04,-0.05625,-0.0475,-0.03125,-0.01375,0.0175,0.045,0.06,0.08125,141.76,146.36,32192.75,102.017,0.7196458803611738,,,,0,-0.1,0,0,0,0,0,0,0,0
2023-08-07,-0.0575,-0.05,-0.03875,-0.02,-0.005,0.0275,0.05,0.07,142.51,146.6,32254.56,102.047,0.7160690477861203,,,,0,-0.1,0,0,0,0,0,0,0,0
2023-08-08,-0.0575,-0.05125,-0.03875,-0.02125,0.00125,0.0225,0.0475,0.0575,143.38,146.72,32377.29,102.528,0.7150788115497281,,,,0,-0.1,0,0,0,0,0,0,0,0
2023-08-09,-0.05875,-0.0525,-0.04125,-0.02625,-0.01125,0.005,0.0275,0.04,143.72,147.17,32204.33,102.49,0.7131227386585026,,,,0,-0.1,0,0,0,0,0,0,0,0
2023-08-10,-0.06,-0.05375,-0.0425,-0.025,-0.00875,0.01625,0.03125,0.0575,144.75,146.95,32473.65,102.524,0.7082832469775475,,,,0,-0.1,0,0,0,0,0,0,0,0
2023-08-14,-0.05375,-0.04375,-0.0175,-0.00625,0.02375,0.03875,0.06,0.14,145.56,146.62,32059.91,103.19,0.7089172849683979,,,,0,-0.1,0,0,0,0,0,0,0,0
2023-08-15,-0.05375,-0.04375,-0.0175,-0.00125,0.025,0.0475,0.0625,0.15,145.58,146.6,32238.89,103.209,0.7089504052754498,,,,0,-0.1,0,0,0,0,0,0,0,0
2023-08-16,-0.05375,-0.0425,-0.01875,0.0,0.02125,0.05,0.06125,0.1425,146.35,146.63,31766.82,103.431,0.7067372736590366,,,,0,-0.1,0,0,0,0,0,0,0,0
2023-08-17,-0.05375,-0.04125,-0.02,0.00125,0.02,0.0575,0.085,0.155,145.84,146.34,31626.0,103.572,0.7101755348326934,,,,0,-0.1,0,0,0,0,0,0,0,0
2023-08-18,-0.05625,-0.0425,-0.015,0.005,0.02,0.0425,0.07375,0.1375,145.39,146.66,31450.76,103.375,0.7110186395212876,,,,0,-0.1,0,0,0,0,0,0,0,0
2023-08-21,-0.05625,-0.04375,-0.015,0.0075,0.025,0.045,0.08625,0.1475,146.19,146.46,31565.64,103.3,0.7066146795266434,,,,0,-0.1,0,0,0,0,0,0,0,0
2023-08-22,-0.05625,-0.04375,-0.01625,0.0075,0.0225,0.045,0.075,0.14625,145.89,146.4,31856.71,103.563,0.7098704503392969,,,,0,-0.1,0,0,0,0,0,0,0,0
2023-08-23,-0.05625,-0.04375,-0.0175,0.0075,0.02125,0.03875,0.07125,0.1375,144.84,146.42,32010.26,103.419,0.7140223695111847,,,,0,-0.1,0,0,0,0,0,0,0,0
2023-08-24,-0.0575,-0.04375,-0.02,0.00625,0.0175,0.04125,0.06375,0.08375,145.88,146.79,32287.21,103.982,0.7127913353441184,,,,0,-0.1,0,0,0,0,0,0,0,0
2023-08-25,-0.0575,-0.045,-0.02,0.00625,0.01875,0.04,0.06625,0.1025,146.43,146.69,31624.28,104.077,0.7107628218261285,,,,0,-0.1,0,0,0,0,0,0,0,0
2023-08-28,-0.0575,-0.045,-0.02125,0.00625,0.01875,0.04,0.065,0.11125,146.54,146.68,32169.99,104.058,0.7100996314999318,,,,0,-0.1,0,0,0,0,0,0,0,0
2023-08-29,-0.05875,-0.045,-0.02125,0.00625,0.01875,0.03875,0.0525,0.1125,145.88,146.92,32226.97,103.531,0.7096997532218262,,,,0,-0.1,0,0,0,0,0,0,0,0
2023-08-30,-0.0575,-0.045,-0.02125,0.01125,0.0225,0.04125,0.0725,0.095,146.25,146.79,32333.46,103.157,0.7053470085470085,,,,0,-0.1,0,0,0,0,0,0,0,0
2023-08-31,-0.05625,-0.045,-0.0225,0.0125,0.025,0.0425,0.065,0.10125,145.54,146.82,32619.34,103.619,0.7119623471210664,,,,0,-0.1,0,0,0,0,0,0,0,0
2023-09-01,-0.0525,-0.04375,-0.0225,0.00625,0.02125,0.03125,0.05625,0.10375,146.25,147.04,32710.62,104.236,0.7127247863247863,,,,0,-0.1,0,0,0,0,0,0,0,0
2023-09-04,-0.0525,-0.04375,-0.025,0.00625,0.0225,0.03875,0.0575,0.105,146.48,146.89,32939.18,104.236,0.7116056799563081,,,,0,-0.1,0,0,0,0,0,0,0,0
2023-09-05,-0.055,-0.04625,-0.02375,0.00375,0.02125,0.0375,0.06125,0.10125,147.72,146.73,33036.76,104.807,0.7094976983482264,,,,0,-0.1,0,0,0,0,0,0,0,0
2023-09-06,-0.055,-0.04625,-0.025,0.00375,0.02125,0.03375,0.06375,0.0925,147.66,146.87,33241.02,104.861,0.7101516998510091,,,,0,-0.1,0,0,0,0,0,0,0,0
2023-09-07,-0.055,-0.0475,-0.02625,0.0025,0.02,0.035,0.06,0.09125,147.29,146.84,32991.08,105.059,0.7132799239595357,,,,0,-0.1,0,0,0,0,0,0,0,0
2023-09-08,-0.06125,-0.0475,-0.0225,0.0025,0.02,0.03375,0.05375,0.09625,147.81,146.96,32606.84,105.09,0.7109803125634261,,,,0,-0.1,0,0,0,0,0,0,0,0
2023-09-11,-0.04625,-0.0325,-0.01125,0.055,0.05625,0.09875,0.10875,0.175,146.59,146.19,32467.76,104.569,0.71334333856334,,,,0,-0.1,0,0,0,0,0,0,0,0
2023-09-12,-0.05,-0.03625,-0.0025,0.05875,0.08375,0.10125,0.11375,0.19,147.09,146.23,32776.37,104.711,0.7118838806173091,,,,0,-0.1,0,0,0,0,0,0,0,0
2023-09-13,-0.04625,-0.03,0.0025,0.0725,0.10375,0.115,0.13,0.20375,147.47,145.56,32706.52,104.766,0.7104224588051807,,,,0,-0.1,0,0,0,0,0,0,0,0
2023-09-14,-0.04875,-0.03,-0.01125,0.0625,0.1075,0.11,0.12,0.20375,147.47,145.62,33168.1,105.405,0.714755543500373,,,,0,-0.1,0,0,0,0,0,0,0,0
2023-09-15,-0.05,-0.03125,-0.0225,0.0525,0.09125,0.09625,0.10625,0.17875,147.84,145.72,33533.09,105.322,0.712405303030303,,,,0,-0.1,0,0,0,0,0,0,0,0
2023-09-19,-0.0525,-0.03625,-0.0125,0.04875,0.095,0.09375,0.12,0.175,147.87,145.52,33242.59,105.157,0.7111449245959288,,,,0,-0.1,0,0,0,0,0,0,0,0
2023-09-20,-0.0525,-0.035,-0.01125,0.045,0.08875,0.09375,0.125,0.1675,148.34,145.57,33023.78,105.12,0.7086423082108669,,,,0,-0.1,0,0,0,0,0,0,0,0
2023-09-21,-0.05125,-0.03125,-0.01625,0.05625,0.07125,0.125,0.13,0.16375,147.59,145.32,32571.03,105.363,0.7138898299342774,,,,0,-0.1,0,0,0,0,0,0,0,0
2023-09-22,-0.05125,-0.03,-0.0025,0.04,0.08375,0.10125,0.1275,0.165,148.38,145.31,32402.41,105.583,0.711571640382801,2023-09-22,-0.1," ""MPM""",1,-0.1,0,0,0,0,0,0,0,0
2023-09-25,-0.035,-0.00125,0.02625,0.05125,0.11,0.13,0.15625,0.195,148.88,145.49,32678.62,105.998,0.7119693713057497,,,,0,-0.1,0,0,0,0,0,0,0,0
2023-09-26,-0.035,-0.005,0.03,0.055,0.1075,0.1325,0.1525,0.205,149.07,145.31,32315.05,106.231,0.7126249413027437,,,,0,-0.1,0,0,0,0,0,0,0,0
2023-09-27,-0.03625,-0.00625,0.02375,0.05875,0.105,0.1325,0.15875,0.20125,149.63,145.29,32371.9,106.666,0.7128650671656753,,,,0,-0.1,0,0,0,0,0,0,0,0
2023-09-28,-0.045,-0.01,0.02875,0.0675,0.095,0.12875,0.16625,0.19,149.31,145.11,31872.52,106.224,0.7114325899136026,,,,0,-0.1,0,0,0,0,0,0,0,0
2023-09-29,-0.045,-0.01125,0.02375,0.05,0.09625,0.1125,0.1625,0.1925,149.38,144.96,31857.62,106.224,0.7110992100682823,,,,0,-0.1,0,0,0,0,0,0,0,0
2023-10-02,-0.045,-0.0125,0.0225,0.05,0.09375,0.12125,0.1625,0.195,149.86,144.84,31759.88,106.904,0.7133591351928465,,,,0,-0.1,0,0,0,0,0,0,0,0
2023-10-03,-0.04625,-0.015,0.02375,0.055,0.09,0.11875,0.1575,0.19625,149.03,144.96,31237.94,107.0,0.7179762463933436,,,,0,-0.1,0,0,0,0,0,0,0,0
2023-10-04,-0.0375,-0.01,0.03,0.06875,0.0925,0.12,0.155,0.20375,149.13,144.42,30526.88,106.799,0.7161469858512708,,,,0,-0.1,0,0,0,0,0,0,0,0
2023-10-05,-0.04,-0.01125,0.02375,0.06375,0.0875,0.12,0.155,0.195,148.51,144.67,31075.36,106.332,0.7159921890781765,,,,0,-0.1,0,0,0,0,0,0,0,0
2023-10-06,-0.03625,-0.01125,0.01875,0.05125,0.0825,0.10625,0.13625,0.1875,149.34,144.77,30994.67,106.044,0.710084371233427,,,,0,-0.1,0,0,0,0,0,0,0,0
2023-10-10,-0.0375,-0.01125,0.01625,0.04125,0.07875,0.11,0.1425,0.18375,148.72,145.15,31746.53,105.825,0.7115720817643895,,,,0,-0.1,0,0,0,0,0,0,0,0
2023-10-11,-0.0375,-0.01375,0.01625,0.03625,0.0675,0.10125,0.125,0.1675,149.16,145.24,31936.51,105.82,0.7094395280235988,,,,0,-0.1,0,0,0,0,0,0,0,0
2023-10-12,-0.04,-0.0125,0.0125,0.03875,0.07,0.10625,0.12875,0.16875,149.81,145.53,32494.66,106.599,0.7115613109939256,,,,0,-0.1,0,0,0,0,0,0,0,0
2023-10-13,-0.04125,-0.015,0.01,0.05,0.07625,0.105,0.13375,0.17,149.56,145.39,32315.99,106.648,0.7130783631987162,,,,0,-0.1,0,0,0,0,0,0,0,0
2023-10-16,-0.04125,-0.01625,0.01,0.04625,0.07625,0.1175,0.13875,0.175,149.51,145.47,31659.03,106.243,0.7106079860878871,,,,0,-0.1,0,0,0,0,0,0,0,0
2023-10-17,-0.035,-0.01,0.0125,0.045,0.085,0.13375,0.14875,0.19125,149.81,145.26,32040.29,106.25,0.709231693478406,,,,0,-0.1,0,0,0,0,0,0,0,0
2023-10-18,-0.035,-0.01,0.0175,0.05375,0.10625,0.14,0.18,0.20625,149.93,144.97,32042.25,106.565,0.7107650236777162,,,,0,-0.1,0,0,0,0,0,0,0,0
2023-10-19,-0.02625,-0.01125,0.025,0.055,0.095,0.16375,0.18625,0.23125,149.8,144.61,31430.62,106.253,0.7092990654205606,,,,0,-0.1,0,0,0,0,0,0,0,0
2023-10-20,-0.025,-0.01,0.02875,0.06875,0.09625,0.1625,0.185,0.21625,149.85,144.64,31259.36,106.163,0.7084617951284617,,,,0,-0.1,0,0,0,0,0,0,0,0
2023-10-23,-0.02125,-0.00625,0.03625,0.07125,0.11,0.17125,0.19875,0.22375,149.72,144.46,30999.55,105.536,0.7048891263692225,,,,0,-0.1,0,0,0,0,0,0,0,0
2023-10-24,-0.02125,-0.00625,0.0325,0.06875,0.11375,0.1625,0.1975,0.22625,149.91,144.75,31062.35,106.27,0.7088920018677873,,,,0,-0.1,0,0,0,0,0,0,0,0
2023-10-25,-0.02125,-0.0075,0.02875,0.0625,0.10875,0.13875,0.175,0.20625,150.23,144.72,31269.92,106.528,0.7090993809492113,,,,0,-0.1,0,0,0,0,0,0,0,0
2023-10-26,-0.02,-0.00625,0.0275,0.05875,0.10625,0.1425,0.17875,0.23375,150.4,144.26,30601.78,106.602,0.7087898936170213,,,,0,-0.1,0,0,0,0,0,0,0,0
2023-10-27,-0.01875,-0.00625,0.025,0.05875,0.105,0.15625,0.18875,0.2225,149.62,144.42,30991.69,106.559,0.7121975671701644,,,,0,-0.1,0,0,0,0,0,0,0,0
2023-10-30,-0.01875,-0.00625,0.02875,0.07875,0.12375,0.17,0.2175,0.2275,149.12,144.24,30696.96,106.12,0.7116416309012875,,,,0,-0.1,0,0,0,0,0,0,0,0
2023-10-31,-0.01625,-0.00375,0.0275,0.06875,0.1225,0.16625,0.21375,0.24125,151.69,143.75,30858.85,106.663,0.7031643483420134,2023-10-31,-0.1," ""MPM""",1,-0.1,0,0,0,0,0,0,0,0
2023-11-01,-0.00875,0.02875,0.0725,0.13,0.1975,0.25125,0.30625,0.3325,150.96,143.68,31601.65,106.884,0.7080286168521462,,,,0,-0.1,0,0,0,0,0,0,0,0
2023-11-02,-0.00875,0.0275,0.0725,0.125,0.19125,0.22375,0.3025,0.31,150.44,144.08,31949.89,106.124,0.705424089337942,,,,0,-0.1,0,0,0,0,0,0,0,0
2023-11-06,-0.005,0.02125,0.0625,0.10875,0.1725,0.21,0.2575,0.285,150.07,144.42,32708.48,105.215,0.7011061504631173,,,,0,-0.1,0,0,0,0,0,0,0,0
2023-11-07,-0.005,0.0225,0.06125,0.1075,0.18125,0.2275,0.25875,0.3075,150.37,144.34,32271.82,105.542,0.7018820243399614,,,,0,-0.1,0,0,0,0,0,0,0,0
2023-11-08,-0.005,0.01875,0.05375,0.09375,0.1625,0.21625,0.245,0.2875,150.99,144.67,32166.48,105.593,0.6993377044837407,,,,0,-0.1,0,0,0,0,0,0,0,0
2023-11-09,-0.00625,0.01125,0.05125,0.09375,0.15125,0.2025,0.235,0.27625,151.35,144.76,32646.46,105.91,0.6997687479352495,,,,0,-0.1,0,0,0,0,0,0,0,0
2023-11-10,-0.0075,0.01125,0.045,0.0875,0.1525,0.20375,0.26,0.27625,151.51,144.54,32568.11,105.861,0.6987063560161046,,,,0,-0.1,0,0,0,0,0,0,0,0
2023-11-13,-0.0075,0.0125,0.04875,0.0825,0.17,0.21125,0.24875,0.275,151.72,144.38,32585.11,105.631,0.6962233060901661,,,,0,-0.1,0,0,0,0,0,0,0,0
2023-11-14,-0.0075,0.01125,0.05,0.0825,0.1675,0.21125,0.23625,0.27,150.38,144.62,32695.93,104.053,0.6919337677882698,,,,0,-0.1,0,0,0,0,0,0,0,0
2023-11-15,-0.01375,0.0025,0.03625,0.07625,0.1325,0.18125,0.21625,0.2425,151.37,145.25,33519.7,104.394,0.6896610953293255,,,,0,-0.1,0,0,0,0,0,0,0,0
2023-11-16,-0.02,-0.00375,0.02625,0.0675,0.1225,0.18,0.21125,0.24,150.72,145.33,33424.41,104.349,0.6923367834394905,,,,0,-0.1,0,0,0,0,0,0,0,0
2023-11-17,-0.02125,0.0,0.02,0.04875,0.095,0.13375,0.17625,0.18875,149.63,145.73,33585.2,103.917,0.6944930829379136,,,,0,-0.1,0,0,0,0,0,0,0,0
2023-11-20,-0.02125,0.0,0.02625,0.05125,0.11,0.1575,0.185,0.205,148.38,145.83,33388.03,103.438,0.6971155142202453,,,,0,-0.1,0,0,0,0,0,0,0,0
2023-11-21,-0.02125,0.0,0.0275,0.04875,0.0925,0.13375,0.16125,0.20125,148.4,146.3,33354.14,103.565,0.697877358490566,,,,0,-0.1,0,0,0,0,0,0,0,0
2023-11-22,-0.015,0.005,0.0225,0.05,0.0875,0.1525,0.16,0.1975,149.54,146.06,33451.83,103.92,0.6949311221077973,,,,0,-0.1,0,0,0,0,0,0,0,0
2023-11-24,-0.01625,0.00625,0.02875,0.07125,0.10125,0.16125,0.19125,0.22625,149.44,145.66,33625.53,103.403,0.691936563169165,,,,0,-0.1,0,0,0,0,0,0,0,0
2023-11-27,-0.015,0.005,0.03,0.07,0.10875,0.155,0.1875,0.21875,148.69,145.7,33447.67,103.199,0.694054744771,,,,0,-0.1,0,0,0,0,0,0,0,0
2023-11-28,-0.01375,0.00625,0.02875,0.06125,0.10125,0.14875,0.1775,0.20375,147.49,145.85,33408.39,102.746,0.6966302800189843,,,,0,-0.1,0,0,0,0,0,0,0,0
2023-11-29,-0.015,0.005,0.02375,0.0525,0.09125,0.1325,0.15625,0.15625,147.25,146.62,33321.22,102.765,0.6978947368421052,,,,0,-0.1,0,0,0,0,0,0,0,0
2023-11-30,-0.01625,0.00375,0.025,0.06625,0.1,0.1425,0.1625,0.18125,148.21,146.46,33486.89,103.497,0.6983132042372309,,,,0,-0.1,0,0,0,0,0,0,0,0
2023-12-01,-0.01625,0.00375,0.02625,0.0625,0.105,0.15125,0.18375,0.19875,146.82,146.29,33431.51,103.268,0.7033646642146847,,,,0,-0.1,0,0,0,0,0,0,0,0
2023-12-04,-0.0125,0.01,0.0325,0.06375,0.1,0.12125,0.1475,0.195,147.22,146.53,33231.27,103.712,0.7044695014264366,,,,0,-0.1,0,0,0,0,0,0,0,0
2023-12-05,-0.01,0.01,0.035,0.065,0.09125,0.1075,0.14125,0.16875,147.16,146.73,32775.82,104.05,0.7070535471595543,,,,0,-0.1,0,0,0,0,0,0,0,0
2023-12-06,0.00125,0.02375,0.03,0.065,0.095,0.11125,0.13625,0.15,147.32,146.9,33445.9,104.153,0.7069847950040729,,,,0,-0.1,0,0,0,0,0,0,0,0
2023-12-07,0.00375,0.0375,0.06625,0.09,0.12375,0.1675,0.18875,0.21,144.13,145.92,32858.31,103.541,0.7183861791438285,,,,0,-0.1,0,0,0,0,0,0,0,0
2023-12-08,0.00375,0.04,0.0725,0.105,0.14125,0.16625,0.195,0.23,144.94,145.79,32307.86,104.01,0.7176072857734236,,,,0,-0.1,0,0,0,0,0,0,0,0
2023-12-11,-0.00375,0.03125,0.05625,0.0875,0.11875,0.15125,0.18125,0.21375,146.16,145.76,32791.8,104.095,0.7121989600437877,,,,0,-0.1,0,0,0,0,0,0,0,0
2023-12-12,-0.00375,0.0275,0.04875,0.07625,0.11,0.1275,0.165,0.1725,145.44,145.89,32843.7,103.865,0.7141432893289329,,,,0,-0.1,0,0,0,0,0,0,0,0
2023-12-13,-0.005,0.025,0.0475,0.0725,0.11,0.145,0.17875,0.2,142.88,146.63,32926.35,102.869,0.7199678051511759,,,,0,-0.1,0,0,0,0,0,0,0,0
2023-12-14,-0.0075,0.02375,0.04375,0.065,0.1025,0.13625,0.17,0.19625,141.88,146.01,32686.25,101.956,0.7186072737524669,,,,0,-0.1,0,0,0,0,0,0,0,0
2023-12-15,-0.00625,0.03125,0.055,0.09,0.1275,0.16375,0.19625,0.25125,142.16,145.6,32970.55,102.55,0.7213702870005627,,,,0,-0.1,0,0,0,0,0,0,0,0
2023-12-18,-0.00875,0.03625,0.05625,0.0875,0.1275,0.16375,0.19875,0.23125,142.76,145.96,32758.98,102.561,0.7184155225553377,,,,0,-0.1,0,0,0,0,0,0,0,0
2023-12-19,-0.00875,0.03375,0.05,0.08,0.10625,0.12875,0.16625,0.1675,143.84,146.19,33219.39,102.167,0.7102822580645162,2023-12-19,-0.1," ""MPM""",1,-0.1,0,0,0,0,0,0,0,0
2023-12-20,0.025,0.0425,0.06625,0.09625,0.10875,0.1425,0.15625,0.1675,143.57,147.02,33675.94,102.408,0.7132966497179077,,,,0,-0.1,0,0,0,0,0,0,0,0
2023-12-21,0.02625,0.04375,0.065,0.1025,0.13,0.1625,0.20125,0.1675,142.12,146.75,33140.47,101.843,0.7165986490289896,,,,0,-0.1,0,0,0,0,0,0,0,0
2023-12-22,0.025,0.0425,0.06125,0.1,0.13375,0.16375,0.20625,0.1675,142.43,146.43,33169.05,101.698,0.7140209225584497,,,,0,-0.1,0,0,0,0,0,0,0,0
2023-12-25,0.02375,0.04125,0.05125,0.0975,0.11125,0.145,0.175,0.1675,142.35,146.61,33254.03,98.94884762644456,0.6961573230210917,,,,0,-0.1,0,0,0,0,0,0,0,0
2023-12-26,0.0125,0.04125,0.06,0.08875,0.1275,0.16375,0.1725,0.1675,142.4,146.48,33305.85,101.466,0.7125421348314606,,,,0,-0.1,0,0,0,0,0,0,0,0
2023-12-27,-0.00375,0.025,0.0425,0.075,0.1125,0.13625,0.1575,0.1675,141.84,146.83,33681.24,100.986,0.7119712351945855,,,,0,-0.1,0,0,0,0,0,0,0,0
2023-12-28,-0.0075,0.01375,0.04625,0.065,0.1025,0.135,0.155,0.1675,141.41,147.05,33539.62,101.229,0.7158546071706385,,,,0,-0.1,0,0,0,0,0,0,0,0
2023-12-29,-0.00875,0.005,0.04,0.0725,0.10625,0.13875,0.16375,0.1675,141.06,146.71,33464.17,101.333,0.7183680703246845,,,,0,-0.1,0,0,0,0,0,0,0,0
2024-01-04,-0.01,0.005,0.03125,0.07,0.095,0.13,0.15,0.1675,144.63,146.85,33288.29,102.422,0.7081656641084145,,,,0,-0.1,0,0,0,0,0,0,0,0
2024-01-05,-0.01125,0.0025,0.03375,0.0625,0.09,0.105,0.12375,0.1675,144.66,146.94,33377.42,102.412,0.7079496751002351,,,,0,-0.1,0,0,0,0,0,0,0,0
2024-01-09,-0.0125,0.0,0.03125,0.06125,0.08,0.09,0.1275,0.1675,144.48,147.05,33763.18,102.57,0.7099252491694352,,,,0,-0.1,0,0,0,0,0,0,0,0
2024-01-10,-0.01375,-0.0025,0.02875,0.055,0.075,0.0875,0.1225,0.1675,145.75,147.03,34441.72,102.362,0.70231217838765,,,,0,-0.1,0,0,0,0,0,0,0,0
2024-01-11,-0.015,-0.0025,0.02125,0.0525,0.0675,0.07875,0.115,0.1675,145.28,147.25,35049.86,102.291,0.7040955396475771,,,,0,-0.1,0,0,0,0,0,0,0,0
2024-01-12,-0.015,-0.005,0.01875,0.05,0.0675,0.0825,0.11,0.1675,144.91,147.39,35577.11,102.404,0.706673107446001,,,,0,-0.1,0,0,0,0,0,0,0,0
2024-01-15,-0.01625,-0.005,0.02,0.0475,0.06875,0.08125,0.10875,0.1675,145.75,147.66,35901.79,102.404,0.7026003430531732,,,,0,-0.1,0,0,0,0,0,0,0,0
2024-01-16,-0.015,0.0025,0.02625,0.055,0.08375,0.10125,0.13125,0.15208673510374626,147.21,147.32,35619.18,103.357,0.7021058352014129,,,,0,-0.1,0,0,0,0,0,0,0,1
2024-01-17,-0.01375,0.00375,0.03,0.0625,0.08625,0.115,0.1425,0.16290426960923776,148.16,147.19,35477.75,103.45,0.6982316414686826,,,,0,-0.1,0,0,0,0,0,0,0,1
2024-01-18,-0.01125,0.00625,0.04,0.07625,0.095,0.12,0.145,0.1734853766842006,148.16,146.7,35466.17,103.536,0.6988120950323974,,,,0,-0.1,0,0,0,0,0,0,0,1
2024-01-19,-0.01125,0.005,0.04,0.0675,0.09,0.1225,0.145,0.17154164597368027,148.16,146.68,35963.27,103.288,0.6971382289416846,,,,0,-0.1,0,0,0,0,0,0,0,1
2024-01-22,-0.01125,0.00375,0.04,0.065,0.09125,0.10875,0.13625,0.16250942230574128,148.1,146.9,36546.95,103.331,0.6977110060769751,,,,0,-0.1,0,0,0,0,0,0,0,1
2024-01-23,-0.0125,0.0075,0.04625,0.08875,0.1125,0.125,0.1675,0.19097711032238274,148.38,146.99,36517.57,103.617,0.6983218762636474,2024-01-23,-0.1," ""MPM""",1,-0.1,0,0,0,0,0,0,0,1
2024-01-24,0.01625,0.06375,0.0825,0.12375,0.145,0.18,0.20598096161228427,0.23317539944665588,147.5,146.16,36226.48,103.236,0.6999050847457627,,,,0,-0.1,0,0,0,0,0,0,1,1
2024-01-25,0.01625,0.06375,0.0825,0.12375,0.145,0.18,0.20757001812763254,0.23618719513630682,147.66,145.97,36236.47,103.574,0.7014357307327644,,,,0,-0.1,0,0,0,0,0,0,1,1
2024-01-26,0.01875,0.06375,0.0975,0.1225,0.1525,0.18125,0.20617487594862371,0.22918813637380842,148.18,146.34,35751.07,103.433,0.6980226751248482,,,,0,-0.1,0,0,0,0,0,0,1,1
2024-01-29,0.02375,0.0625,0.10625,0.13375,0.14375,0.18625,0.21128077008705465,0.23287818174082364,147.51,146.27,36026.94,103.609,0.702386278896346,,,,0,-0.1,0,0,0,0,0,0,1,1
2024-01-30,0.02125,0.06125,0.1025,0.13125,0.1425,0.17625,0.20061424744003747,0.22354376341734383,147.6,146.44,36065.86,103.397,0.7005216802168023,,,,0,-0.1,0,0,0,0,0,0,1,1
2024-01-31,0.0225,0.0625,0.1,0.135,0.1575,0.19875,0.22505564728199312,0.24793585233796178,146.9,146.25,36286.71,103.274,0.7030224642614022,,,,0,-0.1,0,0,0,0,0,0,1,1
2024-02-01,0.0175,0.0625,0.095,0.12625,0.15125,0.18375,0.2082984040201853,0.2298539705700866,146.44,146.64,36011.46,103.048,0.7036875170718383,,,,0,-0.1,0,0,0,0,0,0,1,1
2024-02-02,0.015,0.06125,0.1,0.12875,0.1525,0.19375,0.21526945480415652,0.2322640146778605,148.38,146.94,36158.02,103.922,0.7003774093543604,,,,0,-0.1,0,0,0,0,0,0,1,1
2024-02-05,0.01875,0.0675,0.10625,0.13875,0.17375,0.2025,0.23014519145132611,0.2539080158223612,148.68,146.35,36354.16,104.452,0.7025289211729889,,,,0,-0.1,0,0,0,0,0,0,1,1
2024-02-06,0.015,0.065,0.105,0.135,0.16625,0.1975,0.22487665453632721,0.24800002100809304,147.94,146.4,36160.66,104.213,0.7044274705961876,,,,0,-0.1,0,0,0,0,0,0,1,1
2024-02-07,0.0175,0.0625,0.1025,0.1375,0.1725,0.20875,0.23489541005194536,0.2567386472392035,148.19,146.45,36119.92,104.057,0.702186382346987,,,,0,-0.1,0,0,0,0,0,0,1,1
2024-02-08,0.01875,0.06375,0.09875,0.1275,0.1725,0.21125,0.2359427399744029,0.2549854660346289,149.32,146.56,36863.28,104.165,0.6975957674792392,,,,0,-0.1,0,0,0,0,0,0,1,1
2024-02-09,0.02375,0.0625,0.10375,0.1325,0.19,0.215,0.24307638930158354,0.2658740074597281,149.31,146.3,36897.42,104.111,0.6972808251289264,,,,0,-0.1,0,0,0,0,0,0,1,1
2024-02-13,0.0275,0.06375,0.1025,0.13625,0.185,0.2125,0.24050470020572892,0.2641652529532039,150.81,146.31,37963.97,104.96,0.6959750679663151,,,,0,-0.1,0,0,0,0,0,0,1,1
2024-02-14,0.03,0.06875,0.1175,0.1425,0.205,0.25375,0.2826455366830116,0.30114362401621153,150.56,145.94,37703.32,104.723,0.6955565887353878,,,,0,-0.1,0,0,0,0,0,0,1,1
2024-02-15,0.0275,0.0625,0.1075,0.13875,0.17875,0.2175,0.2446420882651378,0.2665015937724575,149.92,146.28,38157.94,104.296,0.6956776947705444,,,,0,-0.1,0,0,0,0,0,0,1,1
2024-02-16,0.02625,0.06375,0.10375,0.14,0.1825,0.22875,0.25569011391502083,0.27736520536868436,150.22,146.22,38487.24,104.296,0.6942883770469978,,,,0,-0.1,0,0,0,0,0,0,1,1
2024-02-19,0.025,0.0625,0.10375,0.13375,0.195,0.22625,0.25523791943772245,0.27805609343823523,150.13,146.24,38470.38,104.291,0.6946712848864317,,,,0,-0.1,0,0,0,0,0,0,1,1
2024-02-20,0.025,0.0625,0.10625,0.135,0.195,0.235,0.26328747433282784,0.28439238288933955,150.0,146.18,38363.61,104.079,0.6938599999999999,,,,0,-0.1,0,0,0,0,0,0,1,1
2024-02-21,0.0225,0.06375,0.105,0.1475,0.1875,0.24125,0.2672562476191025,0.289089281342914,150.29,146.19,38262.16,104.006,0.6920353982300885,,,,0,-0.1,0,0,0,0,0,0,1,1
2024-02-22,0.02625,0.07125,0.1,0.14375,0.18,0.225,0.2511446963751881,0.27523983299938526,150.53,146.23,39098.68,103.957,0.6906065236165548,,,,0,-0.1,0,0,0,0,0,0,1,1
2024-02-26,0.0275,0.075,0.1025,0.1425,0.17875,0.215,0.23949846044846487,0.26241610131306503,150.71,146.54,39233.71,103.827,0.6889191161833985,,,,0,-0.1,0,0,0,0,0,0,1,1
2024-02-27,0.02875,0.075,0.1,0.14125,0.17875,0.22625,0.2503528083047942,0.27112601029512273,150.51,146.47,39239.52,103.829,0.6898478506411534,,,,0,-0.1,0,0,0,0,0,0,1,1
2024-02-28,0.0275,0.07375,0.10375,0.13625,0.1775,0.21625,0.24165818541363346,0.26337553779039946,150.69,146.41,39208.03,103.975,0.6899927002455372,,,,0,-0.1,0,0,0,0,0,0,1,1
2024-02-29,0.02875,0.07375,0.09875,0.1425,0.175,0.22125,0.24776497087618268,0.2711350177434211,149.99,146.26,39166.19,104.156,0.6944196279751983,,,,0,-0.1,0,0,0,0,0,0,1,1
2024-03-01,0.0275,0.07125,0.0925,0.13625,0.17375,0.20625,0.23370821378380047,0.2604694936692542,150.12,146.32,39910.82,103.861,0.6918531841193711,,,,0,-0.1,0,0,0,0,0,0,1,1
2024-03-04,0.0325,0.07,0.09125,0.13375,0.1775,0.21125,0.23737141389525357,0.26162554619867495,150.53,146.45,40109.23,103.832,0.6897761243605925,,,,0,-0.1,0,0,0,0,0,0,1,1
2024-03-05,0.0375,0.0725,0.0925,0.13375,0.17375,0.195,0.22164439165799,0.2473019878630911,150.04,146.55,40097.63,103.798,0.691802186083711,,,,0,-0.1,0,0,0,0,0,0,1,1
2024-03-06,0.04375,0.0725,0.09375,0.1325,0.17875,0.20875,0.23526255815071934,0.25809748114106745,149.39,146.44,40090.78,103.369,0.6919405582702993,,,,0,-0.1,0,0,0,0,0,0,1,1
2024-03-07,0.0425,0.07875,0.09875,0.135,0.18375,0.2075,0.23611548101560606,0.26111628560902966,148.04,146.25,39598.71,102.823,0.6945622804647392,,,,0,-0.1,0,0,0,0,0,0,1,1
2024-03-08,0.04125,0.07125,0.09375,0.1275,0.1725,0.21875,0.24628841582004088,0.26627746727890345,147.07,146.25,39688.94,102.712,0.6983885224722921,,,,0,-0.1,0,0,0,0,0,0,1,1
2024-03-11,0.0475,0.075,0.09375,0.12625,0.17,0.2225,0.24924898226311715,0.2669423406038107,146.94,146.12,38820.49,102.869,0.7000748604872737,,,,0,-0.1,0,0,0,0,0,0,1,1
2024-03-12,0.0425,0.0725,0.0875,0.11625,0.16625,0.20875,0.23631103843467816,0.25690572993309146,147.69,146.02,38797.51,102.957,0.6971155799309364,,,,0,-0.1,0,0,0,0,0,0,1,1
2024-03-13,0.03875,0.06875,0.08875,0.12,0.17,0.2125,0.2400017809979853,0.2615332329286124,147.75,146.03,38695.97,102.789,0.6956954314720812,,,,0,-0.1,0,0,0,0,0,0,1,1
2024-03-14,0.03,0.06875,0.08625,0.1125,0.16,0.2025,0.2353005258265903,0.2637796455185957,148.32,145.24,38807.38,103.36,0.6968716289104638,,,,0,-0.1,0,0,0,0,0,0,1,1
2024-03-15,0.0325,0.0675,0.08875,0.10125,0.1475,0.20125,0.23248697732292326,0.2568717628117574,149.03,145.1,38707.64,103.432,0.6940347581023955,,,,0,-0.1,0,0,0,0,0,0,1,1
2024-03-18,0.03875,0.07,0.07875,0.09625,0.1375,0.17875,0.20923710735479717,0.23497334664715064,149.16,145.43,39740.44,103.594,0.6945159560203807,,,,0,-0.1,0,0,0,0,0,0,1,1
2024-03-19,0.06625,0.075,0.09,0.11,0.14375,0.2025,0.22137831442578723,0.24633754028972676,150.85,145.68,40003.6,103.839,0.6883592973152138,2024-03-19,0.1," ""MPM (Negative Rate End)""",1,0.1,0,0,0,0,0,0,1,1
2024-03-21,0.08,0.10625,0.14125,0.1775,0.215,0.243153513772837,0.2687713376316485,0.3030672749221017,151.62,145.41,40815.66,104.004,0.6859517214087851,,,,0,0.1,0,0,0,0,0,1,1,1
2024-03-22,0.0775,0.1125,0.14875,0.18375,0.23375,0.26416297642272246,0.2916487971602948,0.32432472682934144,151.44,145.41,40888.43,104.473,0.6898639725303751,,,,0,0.1,0,0,0,0,0,1,1,1
2024-03-25,0.08,0.10875,0.14,0.18125,0.2225,0.2508601044120913,0.2760411907573849,0.30913169491015857,151.41,145.56,40414.12,104.235,0.6884287695660789,,,,0,0.1,0,0,0,0,0,1,1,1
2024-03-26,0.07875,0.1075,0.1475,0.18125,0.21375,0.24123895341026735,0.2665775775236126,0.29991944900548306,151.56,145.5,40398.03,104.293,0.6881301134864081,,,,0,0.1,0,0,0,0,0,1,1,1
2024-03-27,0.07875,0.11125,0.14375,0.17375,0.2175,0.2447070824226083,0.2694604310528184,0.2996656089085461,151.32,145.74,40762.73,104.348,0.6895849854612741,,,,0,0.1,0,0,0,0,0,1,1,1
2024-03-28,0.07875,0.10875,0.145,0.17125,0.21125,0.23692080789373027,0.2604463594311625,0.28902482988181655,151.38,145.88,40168.07,104.546,0.6906196327123795,,,,0,0.1,0,0,0,0,0,1,1,1
2024-03-29,0.08,0.10875,0.14625,0.15625,0.21875,0.24589746560852532,0.2713031103629815,0.29687408821679173,151.32,145.67,40369.44,104.546,0.6908934707903781,,,,0,0.1,0,0,0,0,0,1,1,1
2024-04-01,0.07625,0.10625,0.13875,0.15375,0.20875,0.23569863300141858,0.26142700014565895,0.2893953210705582,151.65,145.55,39803.09,105.019,0.6925090669304319,,,,0,0.1,0,0,0,0,0,1,1,1
2024-04-02,0.07625,0.10625,0.1425,0.1625,0.21,0.23733225263233237,0.2633967810330067,0.29347185691986355,151.56,145.46,39838.91,104.816,0.6915808920559514,,,,0,0.1,0,0,0,0,0,1,1,1
2024-04-03,0.075,0.1,0.1425,0.17125,0.2075,0.2340411473138141,0.258576674931945,0.2912632696691171,151.69,145.47,39451.85,104.249,0.6872503131386379,,,,0,0.1,0,0,0,0,0,1,1,1
2024-04-04,0.07625,0.1,0.145,0.1725,0.20875,0.23606301373864003,0.2619435652394724,0.2954887458334907,151.34,145.33,39773.14,104.121,0.6879939209726443,,,,0,0.1,0,0,0,0,0,1,1,1
2024-04-05,0.07625,0.10125,0.14625,0.17625,0.2225,0.2506103029963106,0.27587793466629584,0.3077619520836945,151.62,145.38,38992.08,104.298,0.6878907795805302,,,,0,0.1,0,0,0,0,0,1,1,1
2024-04-08,0.07625,0.09875,0.14875,0.17875,0.22125,0.24991330906967546,0.2759814410239473,0.3097216871305022,151.81,145.22,39347.04,104.14,0.6859890652789671,,,,0,0.1,0,0,0,0,0,1,1,1
2024-04-09,0.075,0.0975,0.1525,0.1825,0.225,0.2541731818889559,0.28081993187159804,0.3147329415933582,151.78,145.25,39773.13,104.148,0.6861773619712742,,,,0,0.1,0,0,0,0,0,1,1,1
2024-04-10,0.0775,0.1025,0.15625,0.19875,0.24,0.2716233428641366,0.2991968607781488,0.3347209119717378,153.19,145.12,39581.81,105.245,0.6870226516091129,,,,0,0.1,0,0,0,0,0,1,1,1
2024-04-11,0.07625,0.11875,0.1825,0.2325,0.2725,0.3093715786650161,0.3411364418025711,0.3810943941830678,153.28,144.53,39442.63,105.282,0.6868606471816283,,,,0,0.1,0,0,0,0,0,1,1,1
2024-04-12,0.07875,0.1125,0.17625,0.22,0.26875,0.3065875736928767,0.3406924956548736,0.3798029912511198,153.29,144.35,39523.55,106.038,0.6917476678191663,,,,0,0.1,0,0,0,0,0,1,1,1
2024-04-15,0.07875,0.11125,0.18,0.2125,0.2625,0.2989180863355978,0.3314121544867413,0.36817030872456735,154.28,144.41,39232.8,106.208,0.6884106818771065,,,,0,0.1,0,0,0,0,0,1,1,1
2024-04-16,0.08,0.11125,0.18375,0.2275,0.2725,0.3098108087544097,0.34184834669322195,0.3805213596109478,154.72,144.32,38471.2,106.257,0.6867696483971045,,,,0,0.1,0,0,0,0,0,1,1,1
2024-04-17,0.085,0.12,0.18375,0.23125,0.28,0.31831034639069855,0.3506608448261828,0.38990796139611517,154.38,144.11,37961.8,105.951,0.6863000388651379,,,,0,0.1,0,0,0,0,0,1,1,1
2024-04-18,0.08375,0.11625,0.17,0.23,0.27375,0.31087514466274957,0.341318571952149,0.3811981871421286,154.65,144.41,38079.7,106.151,0.6863950856773359,,,,0,0.1,0,0,0,0,0,1,1,1
2024-04-19,0.08375,0.1175,0.1725,0.2025,0.25625,0.2893690323668022,0.3169768633755367,0.3491338063060496,154.64,144.67,37068.35,106.154,0.6864588722193482,,,,0,0.1,0,0,0,0,0,1,1,1
2024-04-22,0.08375,0.12375,0.18125,0.225,0.27625,0.3134099671528534,0.34409616185607933,0.38155861478949404,154.84,144.22,37438.61,106.077,0.6850749160423663,,,,0,0.1,0,0,0,0,0,1,1,1
2024-04-23,0.0825,0.12125,0.175,0.21875,0.275,0.31194377405677964,0.342018085284797,0.3795909399205466,154.84,144.23,37552.16,105.675,0.6824786876776027,,,,0,0.1,0,0,0,0,0,1,1,1
2024-04-24,0.08,0.1175,0.175,0.2125,0.27375,0.3112493178032122,0.34229041746848365,0.37963526402304804,155.34,144.21,38460.08,105.857,0.6814535856830178,,,,0,0.1,0,0,0,0,0,1,1,1
2024-04-25,0.0825,0.12,0.1825,0.20375,0.27875,0.3156974357573391,0.345643467505309,0.3788790452096167,155.66,144.15,37628.48,105.598,0.6783887960940511,,,,0,0.1,0,0,0,0,0,1,1,1
2024-04-26,0.0775,0.115,0.1625,0.195,0.26125,0.29782877821065257,0.3260751804052387,0.36479416427055056,158.34,143.93,37934.76,105.938,0.6690539345711759,2024-04-26,0.1," ""MPM""",1,0.1,0,0,0,0,0,1,1,1
2024-04-30,0.11375,0.155,0.20375,0.26125,0.3102500795494997,0.34854839479607935,0.3740590792007972,0.4070409083009694,157.81,144.5,38405.66,106.221,0.6730942272352829,,,,0,0.1,0,0,0,0,1,1,1,1
2024-05-01,0.1125,0.16125,0.19875,0.26125,0.3083077105499745,0.34787468247869346,0.3773363869388231,0.41257143275864383,154.49,144.31,38274.05,105.755,0.6845426888471745,,,,0,0.1,0,0,0,0,1,1,1,1
2024-05-02,0.11625,0.1675,0.19875,0.2475,0.2925042474575482,0.33007620686036243,0.35901543190778784,0.39219790852550984,153.65,144.29,38236.07,105.299,0.6853172795314025,,,,0,0.1,0,0,0,0,1,1,1,1
2024-05-07,0.11375,0.1625,0.185,0.24,0.283541005296192,0.31925790751307614,0.34520676856739096,0.377819610354476,154.69,144.68,38835.1,105.412,0.6814402999547483,,,,0,0.1,0,0,0,0,1,1,1,1
2024-05-08,0.1125,0.1625,0.195,0.23875,0.2835348989573221,0.31895261132423425,0.34448188104032906,0.3757762021555704,155.5,144.56,38202.37,105.546,0.6787524115755628,,,,0,0.1,0,0,0,0,1,1,1,1
2024-05-09,0.12375,0.17875,0.21,0.25625,0.30192743127696264,0.3392358666591393,0.36539851809314916,0.39673733402814904,155.47,144.29,38073.98,105.227,0.6768315430629703,,,,0,0.1,0,0,0,0,1,1,1,1
2024-05-10,0.1225,0.1775,0.21,0.2575,0.3036418118441351,0.3413876889681263,0.3678254153416572,0.3997925904204027,155.74,144.26,38229.11,105.301,0.676133299088224,,,,0,0.1,0,0,0,0,1,1,1,1
2024-05-13,0.1225,0.18,0.22,0.27875,0.3273291392002968,0.36843554936136824,0.39662521667041173,0.4318052157553911,156.21,143.96,38179.46,105.218,0.6735676333141284,,,,0,0.1,0,0,0,0,1,1,1,1
2024-05-14,0.11625,0.17625,0.23,0.285,0.3347618182792169,0.3770594257920695,0.406342766437199,0.44267038360085564,156.43,143.84,38356.06,105.013,0.6713098510515886,,,,0,0.1,0,0,0,0,1,1,1,1
2024-05-15,0.11,0.17375,0.22375,0.28,0.3275999531828948,0.36932117562872635,0.3990470898335167,0.4365233879249939,154.88,143.91,38385.73,104.345,0.6737151342975207,,,,0,0.1,0,0,0,0,1,1,1,1
2024-05-16,0.10375,0.1625,0.2175,0.28125,0.32851561129922624,0.3696467800131581,0.3979738861522394,0.4355188531295948,155.39,144.27,38920.26,104.462,0.672256901988545,,,,0,0.1,0,0,0,0,1,1,1,1
2024-05-17,0.10125,0.165,0.22,0.2825,0.3304130711682778,0.372401953803408,0.4015511386689245,0.44045729670509526,155.66,144.07,38787.38,104.445,0.6709816266221251,,,,0,0.1,0,0,0,0,1,1,1,1
2024-05-20,0.105,0.1675,0.22375,0.28625,0.3360859188774218,0.37989184486680716,0.4107228735269216,0.45141105650570923,156.25,143.73,39069.68,104.565,0.669216,,,,0,0.1,0,0,0,0,1,1,1,1
2024-05-21,0.10375,0.17,0.225,0.28625,0.33597261434127956,0.3798036690980391,0.4108614532118459,0.4514059827430885,156.16,143.72,38946.93,104.661,0.6702164446721312,,,,0,0.1,0,0,0,0,1,1,1,1
2024-05-22,0.105,0.175,0.2275,0.295,0.3455761700566109,0.3903954623457613,0.4213500367116473,0.4625322516185193,156.78,143.65,38617.1,104.933,0.6693009312412298,,,,0,0.1,0,0,0,0,1,1,1,1
2024-05-23,0.10125,0.17125,0.2225,0.29,0.34036659780851697,0.3849504667533209,0.41609377091924493,0.4576874264870361,156.94,143.73,39103.22,105.108,0.6697336561743342,,,,0,0.1,0,0,0,0,1,1,1,1
2024-05-24,0.1025,0.17125,0.22125,0.2925,0.34295102781869113,0.38786541737454405,0.41860924503166375,0.46146037491280123,157.0,143.59,38646.11,104.724,0.667031847133758,,,,0,0.1,0,0,0,0,1,1,1,1
2024-05-27,0.10625,0.17625,0.2225,0.29375,0.34403155429886323,0.38924196501969666,0.4202613941445881,0.4632199607854548,156.88,143.52,38900.02,104.595,0.6667197858235594,,,,0,0.1,0,0,0,0,1,1,1,1
2024-05-28,0.10625,0.1775,0.22125,0.29125,0.34138435757157615,0.3863008614741479,0.41694373152289776,0.4598770741352134,157.16,143.5,38855.37,104.614,0.6656528378722322,,,,0,0.1,0,0,0,0,1,1,1,1
2024-05-29,0.105,0.18125,0.2275,0.30625,0.3592148385703803,0.4075011071852135,0.44090664358066384,0.4870178124747009,157.62,143.12,38556.87,105.099,0.6667872097449562,,,,0,0.1,0,0,0,0,1,1,1,1
2024-05-30,0.10375,0.18,0.22625,0.30375,0.3555325277357686,0.4028881796022561,0.43563053414357417,0.4811140007333137,156.82,143.2,38054.13,104.716,0.6677464609105981,,,,0,0.1,0,0,0,0,1,1,1,1
2024-05-31,0.10375,0.18125,0.2275,0.315,0.36816391854579167,0.41783803617455295,0.4518784907447007,0.5004152450526245,157.31,142.99,38487.9,104.671,0.6653804589663722,,,,0,0.1,0,0,0,0,1,1,1,1
2024-06-03,0.1025,0.17625,0.2275,0.31125,0.36306126526724425,0.41186008252775064,0.4459527320238302,0.49362065860004223,156.12,143.16,38923.03,104.14,0.667050986420702,,,,0,0.1,0,0,0,0,1,1,1,1
2024-06-04,0.0975,0.17,0.22,0.29875,0.3482905258876353,0.3947576320279409,0.4281080123010591,0.47363638170349054,154.88,143.51,38837.46,104.11,0.6721978305785125,,,,0,0.1,0,0,0,0,1,1,1,1
2024-06-05,0.09,0.16,0.21875,0.2875,0.33647882482864,0.38022267027636936,0.410490207525249,0.4534453956759863,156.12,143.83,38490.17,104.268,0.6678708685626441,,,,0,0.1,0,0,0,0,1,1,1,1
2024-06-06,0.085,0.15125,0.1975,0.25625,0.29875,0.3372339474557192,0.36511795088440246,0.4068601366737956,155.62,144.15,38703.51,104.102,0.6689500064259093,,,,0,0.1,0,0,0,0,0,1,1,1
2024-06-07,0.085,0.15125,0.20375,0.255,0.30625,0.3462630017836966,0.3755390589970574,0.4161026514346646,156.72,143.98,38683.93,104.885,0.6692508933129148,,,,0,0.1,0,0,0,0,0,1,1,1
2024-06-10,0.08625,0.15875,0.2125,0.27625,0.33625,0.3816933474341635,0.4150755109772657,0.45963335504890757,157.03,143.48,39038.16,105.15,0.6696172705852386,,,,0,0.1,0,0,0,0,0,1,1,1
2024-06-11,0.08375,0.1525,0.20875,0.2725,0.33125,0.37624244718220656,0.40953417979447615,0.45437620954663527,157.09,143.54,39134.79,105.23,0.6698707747151315,,,,0,0.1,0,0,0,0,0,1,1,1
2024-06-12,0.0825,0.1475,0.19875,0.2525,0.315,0.35648038192813236,0.3865531077898253,0.4277948150198687,156.72,143.89,38876.71,104.645,0.6677194997447677,,,,0,0.1,0,0,0,0,0,1,1,1
2024-06-13,0.08,0.145,0.1925,0.25875,0.29875,0.3386969706164855,0.367845845653612,0.41223996710107635,157.03,144.02,38720.47,105.196,0.6699102082404635,,,,0,0.1,0,0,0,0,0,1,1,1
2024-06-14,0.08125,0.1225,0.1875,0.25,0.28875,0.32841964778849353,0.3586320027613634,0.4037010448911642,157.38,143.92,38814.56,105.55,0.6706697166094803,2024-06-14,0.1," ""MPM""",1,0.1,0,0,0,0,0,1,1,1
2024-06-17,0.11625,0.17625,0.2375,0.27,0.3191707585762209,0.35810028903559865,0.3844033551024736,0.4155778381036703,157.73,144.08,38102.44,105.32,0.6677233246687377,,,,0,0.1,0,0,0,0,1,1,1,1
2024-06-18,0.11375,0.1725,0.22875,0.26875,0.3182273149204239,0.3581294469683608,0.38530384980394494,0.41934419792899824,157.88,143.95,38482.11,105.256,0.666683557131999,,,,0,0.1,0,0,0,0,1,1,1,1
2024-06-19,0.1125,0.17,0.2275,0.2725,0.3223597688566169,0.3628224293969484,0.3900575735349243,0.42508043402814755,158.09,143.95,38570.76,105.254,0.6657853121639573,,,,0,0.1,0,0,0,0,1,1,1,1
2024-06-20,0.11875,0.1725,0.2325,0.2675,0.3185559423592571,0.3587533750227102,0.38607744576149683,0.41961206541631135,158.91,143.8,38633.02,105.588,0.6644515763639796,,,,0,0.1,0,0,0,0,1,1,1,1
2024-06-21,0.1275,0.18,0.235,0.27,0.32194779988513045,0.36254797196957633,0.3895289094129908,0.4227503404685866,159.81,143.63,38596.47,105.796,0.6620111382266441,,,,0,0.1,0,0,0,0,1,1,1,1
2024-06-24,0.14,0.18625,0.24,0.28125,0.3335040400650662,0.37492436313024646,0.40166171394032607,0.4344251816205096,159.6,143.58,38804.65,105.473,0.660858395989975,,,,0,0.1,0,0,0,0,1,1,1,1
2024-06-25,0.13875,0.185,0.235,0.28125,0.33399560995288247,0.3763709080121831,0.4041619454488251,0.4387918046302468,159.71,143.48,39173.15,105.607,0.6612422515809905,,,,0,0.1,0,0,0,0,1,1,1,1
2024-06-26,0.13625,0.18375,0.23125,0.28375,0.33825350386076225,0.38250518319820226,0.41180873254391626,0.44951294310345014,160.81,143.24,39667.07,106.052,0.6594863503513464,,,,0,0.1,0,0,0,0,1,1,1,1
2024-06-27,0.15,0.2,0.2625,0.32,0.3784817080646039,0.4276554960519051,0.4602223212160931,0.49913277712616977,160.75,142.68,39341.54,105.906,0.6588242612752722,,,,0,0.1,0,0,0,0,1,1,1,1
2024-06-28,0.135,0.1825,0.23625,0.29125,0.34761739222876165,0.3941890714294226,0.4257001342492514,0.46639870208923595,160.85,142.86,39583.08,105.866,0.6581659931613304,,,,0,0.1,0,0,0,0,1,1,1,1
2024-07-01,0.14,0.18375,0.23625,0.295,0.35252021527893307,0.4001186806673278,0.43202685664927104,0.4740054660260993,161.47,142.65,39631.06,105.901,0.6558555768873475,,,,0,0.1,0,0,0,0,1,1,1,1
2024-07-02,0.1325,0.18875,0.24,0.295,0.35254040530847686,0.4013431257642771,0.4350296167581996,0.4793466769097854,161.46,142.42,40074.69,105.722,0.6547875634832155,,,,0,0.1,0,0,0,0,1,1,1,1
2024-07-03,0.12625,0.18,0.24375,0.28125,0.33823062014496796,0.38528930457907506,0.4185022692236791,0.46142621240362014,161.69,142.49,40580.76,105.403,0.6518832333477643,,,,0,0.1,0,0,0,0,1,1,1,1
2024-07-04,0.12625,0.17375,0.235,0.28125,0.33701077336101826,0.38335022040203803,0.4153629454790282,0.45834766710353025,161.26,142.76,40913.65,105.13,0.6519285625697632,,,,0,0.1,0,0,0,0,1,1,1,1
2024-07-05,0.12625,0.17625,0.2325,0.28,0.33432428185109986,0.3798399004017802,0.4109734411515605,0.45328666127570094,160.74,142.91,40912.37,104.875,0.6524511633694164,,,,0,0.1,0,0,0,0,1,1,1,1
2024-07-08,0.13375,0.18375,0.24375,0.285,0.34048888866980587,0.3867011539198052,0.4186228220082947,0.45966553721989944,160.83,142.73,40780.7,105.0,0.6528632717776534,,,,0,0.1,0,0,0,0,1,1,1,1
2024-07-09,0.1375,0.18375,0.23875,0.29,0.34526948372572996,0.39172058535598064,0.4229028608910635,0.4642737841045208,161.32,142.9,41580.17,105.129,0.6516798909000745,,,,0,0.1,0,0,0,0,1,1,1,1
2024-07-10,0.135,0.18375,0.24,0.29625,0.3519911314113078,0.39952702189806566,0.43117094737105877,0.474312872435505,161.69,142.82,41831.99,105.048,0.6496876739439669,,,,0,0.1,0,0,0,0,1,1,1,1
2024-07-11,0.135,0.18125,0.24125,0.29875,0.3538813704760383,0.40256920898758985,0.4372099870230318,0.4809123502785744,158.81,142.82,42224.02,104.44,0.657641206473144,,,,0,0.1,0,0,0,0,1,1,1,1
2024-07-12,0.125,0.17125,0.23,0.28375,0.3360314700957454,0.3814055474801754,0.41340733512062616,0.45529086098208893,157.9,143.21,41190.68,104.093,0.6592336922102596,,,,0,0.1,0,0,0,0,1,1,1,1
2024-07-16,0.12,0.165,0.22875,0.2825,0.3347879674231554,0.37960985503394196,0.4108688664135678,0.4523780668886921,158.35,143.38,41275.08,104.27,0.6584780549415851,,,,0,0.1,0,0,0,0,1,1,1,1
2024-07-17,0.1225,0.17125,0.23,0.2875,0.33900249713616437,0.3850727220732574,0.4186474307543555,0.4613435716834209,156.18,143.22,41097.69,103.748,0.6642847995902165,,,,0,0.1,0,0,0,0,1,1,1,1
2024-07-18,0.12125,0.175,0.2375,0.295,0.34780742707117573,0.3942244020412802,0.4268764161286028,0.4690820816934014,157.38,143.15,40126.35,104.173,0.6619201931630448,,,,0,0.1,0,0,0,0,1,1,1,1
2024-07-19,0.1175,0.1775,0.235,0.29375,0.34674229175169335,0.39375169291298384,0.4272606274450051,0.4707767962566791,157.5,143.04,40063.79,104.396,0.662831746031746,,,,0,0.1,0,0,0,0,1,1,1,1
2024-07-22,0.11625,0.17625,0.235,0.29375,0.3466855602239187,0.3936988218198053,0.4274762424037681,0.4710857015982792,157.02,143.01,39599.0,104.314,0.6643357534072092,,,,0,0.1,0,0,0,0,1,1,1,1
2024-07-23,0.12,0.18375,0.23875,0.29375,0.3464813559168043,0.3941164494003223,0.4301541752295382,0.4731036177704251,155.59,142.9,39594.39,104.45,0.6713156372517514,,,,0,0.1,0,0,0,0,1,1,1,1
2024-07-24,0.13375,0.195,0.255,0.31125,0.36462805903933226,0.413759300741938,0.4517051544657461,0.4925795448298247,153.88,142.8,39154.85,104.391,0.6783922537041851,,,,0,0.1,0,0,0,0,1,1,1,1
2024-07-25,0.13875,0.205,0.25875,0.31625,0.36928805525839115,0.4179975734662744,0.4545327188641533,0.4942121351869324,153.94,142.74,37869.51,104.355,0.6778939846693517,,,,0,0.1,0,0,0,0,1,1,1,1
2024-07-26,0.14125,0.20875,0.2575,0.32375,0.37633291951376535,0.4253442289508954,0.4613484895689985,0.501183606721791,153.72,142.82,37667.41,104.316,0.6786104605776737,,,,0,0.1,0,0,0,0,1,1,1,1
2024-07-29,0.13625,0.20125,0.2525,0.3175,0.36955834743504246,0.41760924175561853,0.45303631208927714,0.4921489265828769,154.03,143.1,38468.63,104.564,0.6788547685515808,,,,0,0.1,0,0,0,0,1,1,1,1
2024-07-30,0.12875,0.19125,0.23375,0.29375,0.3429218643176052,0.3881407731260226,0.4231911237499726,0.46157303293680085,152.76,143.37,38525.95,104.554,0.6844330976695471,,,,0,0.1,0,0,0,0,1,1,1,1
2024-07-31,0.225,0.23875,0.3,0.37125,0.42375,0.4675,0.52375,0.54375,149.99,142.72,39101.82,104.096,0.6940196013067538,2024-07-31,0.25," ""MPM (Hike to 0.25%)""",1,0.25,0,0,0,0,0,0,0,0
2024-08-01,0.23875,0.30625,0.38625,0.44125,0.4725,0.52,0.545,0.5675,149.37,142.96,38126.33,104.421,0.6990761197027516,,,,0,0.25,0,0,0,0,0,0,0,0
2024-08-02,0.22875,0.2875,0.3675,0.3925,0.41875,0.44,0.4775,0.5075,146.54,143.8,35909.7,103.208,0.7042991674628089,,,,0,0.25,0,0,0,0,0,0,0,0
2024-08-05,0.22375,0.2375,0.26875,0.2975,0.3175,0.33375,0.3475,0.375,144.19,146.06,31458.42,102.689,0.7121783757542132,,,,0,0.25,0,0,0,0,0,0,0,0
2024-08-06,0.2225,0.25875,0.29375,0.3275,0.3125,0.32125,0.38625,0.40625,144.32,144.9,34675.46,102.969,0.7134769955654102,,,,0,0.25,0,0,0,0,0,0,0,0
2024-08-07,0.22625,0.26125,0.295,0.32625,0.34625,0.36375,0.39125,0.4025,146.69,144.96,35089.62,103.197,0.7035039880019088,,,,0,0.25,0,0,0,0,0,0,0,0
2024-08-08,0.22625,0.25875,0.3025,0.34,0.34875,0.365,0.39875,0.4075,147.28,145.34,34831.15,103.209,0.7007672460619229,,,,0,0.25,0,0,0,0,0,0,0,0
2024-08-09,0.22625,0.2525,0.31125,0.34875,0.3625,0.38375,0.41125,0.41875,146.63,145.09,35025.0,103.135,0.7033690240742004,,,,0,0.25,0,0,0,0,0,0,0,0
2024-08-13,0.2225,0.245,0.30125,0.33375,0.3425,0.35375,0.38125,0.4,146.84,145.26,36232.51,102.559,0.6984404794333968,,,,0,0.25,0,0,0,0,0,0,0,0
2024-08-14,0.22,0.24625,0.28875,0.33125,0.34125,0.355,0.39375,0.4175,147.33,145.48,36442.43,102.568,0.6961786465757143,,,,0,0.25,0,0,0,0,0,0,0,0
2024-08-15,0.22,0.24625,0.285,0.3375,0.34625,0.36,0.3925,0.42625,149.28,145.23,36726.64,102.977,0.6898244908896034,,,,0,0.25,0,0,0,0,0,0,0,0
2024-08-16,0.2225,0.2525,0.30875,0.36,0.3825,0.3925,0.425,0.4575,147.6,144.83,38062.67,102.463,0.6941937669376693,,,,0,0.25,0,0,0,0,0,0,0,0
2024-08-19,0.225,0.25125,0.3075,0.35375,0.3825,0.4125,0.4325,0.4525,146.59,144.72,37388.62,101.886,0.6950405893990039,,,,0,0.25,0,0,0,0,0,0,0,0
2024-08-20,0.22375,0.255,0.30625,0.35625,0.36875,0.39,0.425,0.44625,145.25,144.78,38062.92,101.441,0.6983889845094664,,,,0,0.25,0,0,0,0,0,0,0,0
2024-08-21,0.22375,0.25125,0.30625,0.34625,0.36,0.375,0.40125,0.425,145.28,144.98,37951.8,101.039,0.6954776982378855,,,,0,0.25,0,0,0,0,0,0,0,0
2024-08-22,0.22125,0.25,0.3,0.34375,0.36125,0.38875,0.4,0.43125,146.28,144.88,38211.01,101.508,0.693929450369155,,,,0,0.25,0,0,0,0,0,0,0,0
2024-08-23,0.22375,0.255,0.3075,0.35625,0.37875,0.395,0.42,0.46,144.39,144.64,38364.27,100.718,0.6975413809820625,,,,0,0.25,0,0,0,0,0,0,0,0
2024-08-26,0.22375,0.255,0.3075,0.34375,0.36625,0.385,0.4175,0.43,144.53,144.81,38110.22,100.851,0.6977859267972047,,,,0,0.25,0,0,0,0,0,0,0,0
2024-08-27,0.2225,0.255,0.3075,0.3475,0.36875,0.3925,0.41625,0.44625,143.97,144.76,38288.62,100.552,0.6984232826283254,,,,0,0.25,0,0,0,0,0,0,0,0
2024-08-28,0.2225,0.2575,0.30875,0.3575,0.3775,0.4,0.41875,0.45375,144.58,144.64,38371.76,101.094,0.6992253423710055,,,,0,0.25,0,0,0,0,0,0,0,0
2024-08-29,0.2225,0.255,0.3075,0.35,0.37125,0.38875,0.40625,0.39875,144.99,144.73,38362.53,101.343,0.6989654458928202,,,,0,0.25,0,0,0,0,0,0,0,0
2024-08-30,0.22125,0.25625,0.3075,0.355,0.3675,0.39125,0.41,0.4725,146.18,144.72,38647.75,101.698,0.6957039266657544,,,,0,0.25,0,0,0,0,0,0,0,0
2024-09-02,0.22125,0.25625,0.3075,0.3575,0.37,0.40875,0.42,0.43625,146.93,144.6,38700.87,101.653,0.6918464574967672,,,,0,0.25,0,0,0,0,0,0,0,0
2024-09-03,0.22125,0.25875,0.3075,0.355,0.38625,0.4125,0.43875,0.47,145.47,144.41,38686.31,101.825,0.6999725029215647,,,,0,0.25,0,0,0,0,0,0,0,0
2024-09-04,0.22125,0.255,0.305,0.34875,0.365,0.4025,0.41125,0.445,143.74,144.82,37047.61,101.358,0.705148184221511,,,,0,0.25,0,0,0,0,0,0,0,0
2024-09-05,0.22125,0.25375,0.30375,0.3525,0.37125,0.395,0.4125,0.44,143.46,144.94,36657.09,101.107,0.704774850132441,,,,0,0.25,0,0,0,0,0,0,0,0
2024-09-06,0.2225,0.25375,0.30375,0.35375,0.37125,0.39,0.41125,0.4375,142.29,145.18,36391.47,101.177,0.711061915805749,,,,0,0.25,0,0,0,0,0,0,0,0
2024-09-09,0.2225,0.25625,0.3125,0.3675,0.375,0.415,0.43125,0.4675,143.19,144.78,36215.75,101.552,0.7092115371185139,,,,0,0.25,0,0,0,0,0,0,0,0
2024-09-10,0.2225,0.2575,0.31875,0.36875,0.3825,0.41,0.4325,0.47125,142.46,144.79,36159.16,101.63,0.7133932331882633,,,,0,0.25,0,0,0,0,0,0,0,0
2024-09-11,0.2225,0.255,0.31625,0.3675,0.3825,0.4075,0.425,0.4375,142.36,145.24,35619.77,101.684,0.7142736723798819,,,,0,0.25,0,0,0,0,0,0,0,0
2024-09-12,0.22375,0.25875,0.33125,0.375,0.3825,0.415,0.435,0.44375,141.81,144.98,36833.27,101.366,0.7148014949580425,,,,0,0.25,0,0,0,0,0,0,0,0
2024-09-13,0.22125,0.25625,0.31375,0.38,0.3975,0.4275,0.4375,0.4475,140.84,144.71,36581.76,101.114,0.7179352456688441,,,,0,0.25,0,0,0,0,0,0,0,0
2024-09-18,0.22375,0.245,0.31125,0.3575,0.385,0.4,0.4175,0.4275,142.28,144.88,36380.17,100.596,0.7070283947146472,,,,0,0.25,0,0,0,0,0,0,0,0
2024-09-19,0.22375,0.2475,0.30875,0.35375,0.37875,0.40125,0.415,0.42875,142.63,144.66,37155.33,100.614,0.7054196171913343,,,,0,0.25,0,0,0,0,0,0,0,0
2024-09-20,0.225,0.24125,0.3025,0.355,0.37125,0.39125,0.4075,0.415,143.91,144.47,37723.91,100.723,0.6999027169758877,2024-09-20,0.25," ""MPM""",1,0.25,0,0,0,0,0,0,0,0
2024-09-24,0.235,0.2775,0.32,0.335,0.35375,0.36625,0.3725,0.39625,143.23,145.11,37940.59,100.466,0.7014312643999162,,,,0,0.25,0,0,0,0,0,0,0,0
2024-09-25,0.23375,0.27375,0.32,0.33625,0.3725,0.385,0.395,0.41625,144.76,145.01,37870.26,100.912,0.6970986460348163,,,,0,0.25,0,0,0,0,0,0,0,0
2024-09-26,0.23375,0.27,0.3125,0.33,0.36625,0.38,0.38125,0.4,144.81,144.9,38925.63,100.522,0.6941647676265451,,,,0,0.25,0,0,0,0,0,0,0,0
2024-09-27,0.2375,0.29625,0.3575,0.36875,0.39625,0.42,0.42875,0.44375,142.19,145.22,39829.56,100.381,0.7059638511850341,,,,0,0.25,0,0,0,0,0,0,0,0
2024-09-30,0.235,0.3025,0.36125,0.38,0.4025,0.42375,0.44375,0.46625,143.63,144.65,37919.55,100.779,0.701657035438279,,,,0,0.25,0,0,0,0,0,0,0,0
2024-10-01,0.23375,0.30125,0.3525,0.375,0.38375,0.40125,0.42125,0.435,143.57,144.7,38651.97,101.194,0.7048408441875044,,,,0,0.25,0,0,0,0,0,0,0,0
2024-10-02,0.23375,0.2875,0.3325,0.35,0.37625,0.39375,0.39625,0.405,146.47,145.05,37808.76,101.677,0.6941831091691132,,,,0,0.25,0,0,0,0,0,0,0,0
2024-10-03,0.23,0.28,0.3225,0.3375,0.36125,0.3875,0.39875,0.42625,146.93,144.94,38552.06,101.989,0.6941332607364051,,,,0,0.25,0,0,0,0,0,0,0,0
2024-10-04,0.2275,0.285,0.33625,0.35375,0.38625,0.40125,0.415,0.4275,148.72,144.68,38635.62,102.52,0.6893491124260355,,,,0,0.25,0,0,0,0,0,0,0,0
2024-10-07,0.23375,0.3075,0.38,0.42,0.4475,0.46875,0.50375,0.50125,148.19,144.21,39332.74,102.537,0.6919292799784061,,,,0,0.25,0,0,0,0,0,0,0,0
2024-10-08,0.23,0.2975,0.36,0.38625,0.4275,0.44875,0.48,0.4975,148.19,144.26,38937.54,102.549,0.6920102571023686,,,,0,0.25,0,0,0,0,0,0,0,0
2024-10-09,0.2325,0.3,0.3675,0.3925,0.43,0.46125,0.47875,0.49,149.3,144.15,39277.96,102.928,0.6894038847957132,,,,0,0.25,0,0,0,0,0,0,0,0
2024-10-10,0.23125,0.30375,0.37625,0.41125,0.44375,0.4675,0.48625,0.5125,148.57,143.9,39380.89,102.988,0.69319512687622,,,,0,0.25,0,0,0,0,0,0,0,0
2024-10-11,0.23125,0.305,0.3775,0.4125,0.4425,0.46625,0.4875,0.5125,149.15,143.99,39605.8,102.89,0.6898424404961448,,,,0,0.25,0,0,0,0,0,0,0,0
2024-10-15,0.23125,0.30625,0.38125,0.42375,0.45625,0.4775,0.50625,0.5225,149.2,143.77,39910.55,103.261,0.692097855227882,,,,0,0.25,0,0,0,0,0,0,0,0
2024-10-16,0.23,0.3,0.38,0.4225,0.4475,0.465,0.49125,0.51125,149.63,144.01,39180.3,103.59,0.6923076923076924,,,,0,0.25,0,0,0,0,0,0,0,0
2024-10-17,0.22875,0.305,0.38625,0.4225,0.45125,0.485,0.505,0.51875,150.21,143.88,38911.19,103.825,0.69119898808335,,,,0,0.25,0,0,0,0,0,0,0,0
2024-10-18,0.22875,0.31375,0.39375,0.4375,0.46625,0.49375,0.52125,0.52,149.54,143.79,38981.75,103.493,0.692075698809683,,,,0,0.25,0,0,0,0,0,0,0,0
2024-10-21,0.22875,0.305,0.385,0.425,0.455,0.4625,0.48875,0.52625,150.84,143.98,38954.6,104.012,0.6895518430124635,,,,0,0.25,0,0,0,0,0,0,0,0
2024-10-22,0.23,0.30625,0.395,0.43125,0.46375,0.48,0.505,0.5325,151.07,143.66,38411.96,104.075,0.6889190441517178,,,,0,0.25,0,0,0,0,0,0,0,0
2024-10-23,0.23,0.305,0.3925,0.43,0.46125,0.48125,0.50625,0.52875,152.76,143.7,38104.86,104.431,0.6836279130662477,,,,0,0.25,0,0,0,0,0,0,0,0
2024-10-24,0.23,0.3075,0.3925,0.43,0.45625,0.49,0.505,0.5325,151.83,143.96,38143.29,104.058,0.6853586247777119,,,,0,0.25,0,0,0,0,0,0,0,0
2024-10-25,0.22875,0.3,0.3875,0.42,0.4575,0.485,0.50625,0.525,152.31,144.06,37913.92,104.257,0.6845052852734554,,,,0,0.25,0,0,0,0,0,0,0,0
2024-10-28,0.22875,0.2975,0.3825,0.41375,0.4525,0.48625,0.505,0.525,153.29,143.87,38605.53,104.316,0.6805140583208299,,,,0,0.25,0,0,0,0,0,0,0,0
2024-10-29,0.22875,0.29625,0.3875,0.42125,0.45875,0.4925,0.51125,0.5325,153.36,143.85,38903.68,104.316,0.6802034428794992,,,,0,0.25,0,0,0,0,0,0,0,0
2024-10-30,0.22875,0.29875,0.385,0.4125,0.45,0.485,0.50625,0.52375,153.42,144.04,39277.39,103.994,0.6778386129578934,,,,0,0.25,0,0,0,0,0,0,0,0
2024-10-31,0.2275,0.31625,0.4,0.4275,0.4675,0.505,0.52125,0.5375,152.03,144.19,39081.25,103.976,0.6839176478326646,2024-10-31,0.25," ""MPM""",1,0.25,0,0,0,0,0,0,0,0
2024-11-01,0.3225,0.40125,0.4325,0.475,0.5125,0.5325,0.54875,0.55875,153.0,144.16,38053.67,104.282,0.6815816993464052,,,,0,0.25,0,0,0,0,0,0,0,0
2024-11-05,0.3125,0.395,0.42125,0.4575,0.49625,0.51375,0.53,0.54,151.62,144.27,38474.9,103.423,0.682119773117003,,,,0,0.25,0,0,0,0,0,0,0,0
2024-11-06,0.33,0.4125,0.45625,0.4925,0.5275,0.55625,0.5825,0.59375,154.63,143.78,39480.67,105.088,0.6796093901571493,,,,0,0.25,0,0,0,0,0,0,0,0
2024-11-07,0.3425,0.4275,0.465,0.51625,0.55625,0.59,0.615,0.62625,152.94,143.52,39381.41,104.508,0.6833267948214986,,,,0,0.25,0,0,0,0,0,0,0,0
2024-11-08,0.345,0.425,0.4625,0.5125,0.55375,0.58875,0.61375,0.625,152.64,143.57,39500.37,104.997,0.687873427672956,,,,0,0.25,0,0,0,0,0,0,0,0
2024-11-11,0.34625,0.42375,0.46,0.505,0.5475,0.58,0.61375,0.62875,153.72,143.65,39533.32,105.543,0.686592505854801,,,,0,0.25,0,0,0,0,0,0,0,0
2024-11-12,0.34625,0.4275,0.465,0.5125,0.5525,0.5925,0.615,0.63,154.62,143.53,39376.09,106.024,0.6857068943215625,,,,0,0.25,0,0,0,0,0,0,0,0
2024-11-13,0.35,0.4325,0.4725,0.5175,0.56125,0.6,0.62,0.635,155.46,143.11,38721.66,106.481,0.6849414640421972,,,,0,0.25,0,0,0,0,0,0,0,0
2024-11-14,0.36,0.435,0.465,0.5175,0.5675,0.60375,0.62875,0.6375,156.26,142.98,38535.7,106.673,0.6826635095353898,,,,0,0.25,0,0,0,0,0,0,0,0
2024-11-15,0.3675,0.43375,0.465,0.53125,0.58375,0.635,0.6525,0.6625,154.34,142.82,38642.91,106.687,0.6912465984190748,,,,0,0.25,0,0,0,0,0,0,0,0
2024-11-18,0.35875,0.4325,0.46,0.5375,0.5875,0.625,0.645,0.65,154.66,142.85,38220.85,106.275,0.687152463468253,,,,0,0.25,0,0,0,0,0,0,0,0
2024-11-19,0.3575,0.4325,0.46,0.5375,0.585,0.62,0.64,0.645,154.66,142.89,38414.43,106.206,0.6867063235484289,,,,0,0.25,0,0,0,0,0,0,0,0
2024-11-20,0.35875,0.43125,0.45875,0.5325,0.5875,0.62125,0.64125,0.65,155.44,142.89,38352.34,106.68,0.6863098301595472,,,,0,0.25,0,0,0,0,0,0,0,0
2024-11-21,0.3825,0.4475,0.4725,0.55625,0.60625,0.64875,0.67,0.67375,154.53,142.61,38026.17,106.972,0.6922409888047628,,,,0,0.25,0,0,0,0,0,0,0,0
2024-11-22,0.385,0.445,0.475,0.57375,0.6125,0.6625,0.6925,0.69625,154.75,142.72,38283.85,107.554,0.6950177705977383,,,,0,0.25,0,0,0,0,0,0,0,0
2024-11-25,0.3875,0.445,0.475,0.5725,0.61,0.6525,0.685,0.68875,154.22,142.85,38780.14,106.817,0.692627415380625,,,,0,0.25,0,0,0,0,0,0,0,0
2024-11-26,0.39375,0.445,0.47875,0.57,0.6075,0.6525,0.685,0.68875,153.1,142.93,38442.0,107.013,0.6989745264532986,,,,0,0.25,0,0,0,0,0,0,0,0
2024-11-27,0.39125,0.445,0.48125,0.57,0.6225,0.67,0.70125,0.7225,151.12,142.8,38134.97,106.084,0.7019851773425093,,,,0,0.25,0,0,0,0,0,0,0,0
2024-11-28,0.37,0.43375,0.47,0.5525,0.60375,0.65125,0.685,0.70375,151.55,143.02,38349.06,106.138,0.7003497195645001,,,,0,0.25,0,0,0,0,0,0,0,0
2024-11-29,0.3775,0.43375,0.4725,0.5425,0.6075,0.665,0.69375,0.7,149.76,143.06,38208.03,105.737,0.7060430021367522,,,,0,0.25,0,0,0,0,0,0,0,0
2024-12-02,0.3775,0.445,0.47625,0.55375,0.62,0.69125,0.72125,0.73,149.61,142.82,38513.02,106.446,0.7114898736715459,,,,0,0.25,0,0,0,0,0,0,0,0
2024-12-03,0.36875,0.4375,0.4675,0.5375,0.5975,0.685,0.70875,0.71875,149.6,142.87,39248.86,106.365,0.7109959893048128,,,,0,0.25,0,0,0,0,0,0,0,0
2024-12-04,0.3125,0.4175,0.46625,0.5125,0.57375,0.645,0.6825,0.68375,150.63,143.16,39276.39,106.321,0.705842129721835,,,,0,0.25,0,0,0,0,0,0,0,0
2024-12-05,0.3175,0.415,0.4575,0.5175,0.565,0.645,0.68375,0.6875,150.1,142.98,39395.6,105.714,0.704290473017988,,,,0,0.25,0,0,0,0,0,0,0,0
2024-12-06,0.3225,0.41875,0.4575,0.5075,0.55375,0.6275,0.66125,0.6625,150.03,143.11,39091.17,106.055,0.7068919549423449,,,,0,0.25,0,0,0,0,0,0,0,0
2024-12-09,0.29375,0.4,0.4425,0.49375,0.54,0.6075,0.635,0.6575,151.22,143.26,39160.5,106.145,0.7019243486311334,,,,0,0.25,0,0,0,0,0,0,0,0
2024-12-10,0.29,0.40375,0.45125,0.51,0.55,0.615,0.65125,0.67375,151.96,143.08,39367.58,106.399,0.7001776783364043,,,,0,0.25,0,0,0,0,0,0,0,0
2024-12-11,0.275,0.4025,0.4525,0.51125,0.56,0.6,0.66,0.66375,152.46,142.97,39372.23,106.71,0.6999212908303817,,,,0,0.25,0,0,0,0,0,0,0,0
2024-12-12,0.2675,0.41,0.455,0.4975,0.54125,0.59,0.63,0.65,152.63,143.09,39849.14,106.956,0.7007534560702352,,,,0,0.25,0,0,0,0,0,0,0,0
2024-12-13,0.2675,0.4025,0.45625,0.4925,0.535,0.58125,0.62,0.64,153.66,143.22,39470.44,107.003,0.6963620981387479,,,,0,0.25,0,0,0,0,0,0,0,0
2024-12-16,0.265,0.39875,0.45375,0.4975,0.5475,0.595,0.6275,0.66125,154.16,142.32,39457.49,106.858,0.6931629475869228,,,,0,0.25,0,0,0,0,0,0,0,0
2024-12-17,0.2775,0.4025,0.45625,0.50875,0.555,0.60875,0.64,0.68125,153.5,142.21,39364.68,106.956,0.6967817589576547,,,,0,0.25,0,0,0,0,0,0,0,0
2024-12-18,0.2625,0.3925,0.45,0.5,0.5575,0.605,0.65,0.67125,154.81,142.38,39081.71,108.027,0.6978037594470642,,,,0,0.25,0,0,0,0,0,0,0,0
2024-12-19,0.2275,0.36,0.4325,0.48125,0.53625,0.58625,0.64125,0.66375,157.45,142.14,38813.58,108.408,0.6885233407430931,2024-12-19,0.25," ""MPM""",1,0.25,0,0,0,0,0,0,0,0
2024-12-20,0.3425,0.43,0.485,0.53625,0.585,0.625,0.66625,0.6755748309320552,156.41,142.47,38701.9,107.621,0.6880698165078959,,,,0,0.25,0,0,0,0,0,0,0,1
2024-12-23,0.3425,0.43,0.48625,0.54625,0.595,0.635,0.68125,0.6920675703701995,157.19,142.31,39161.34,108.037,0.6873019912208156,,,,0,0.25,0,0,0,0,0,0,0,1
2024-12-24,0.345,0.43,0.4925,0.5475,0.60375,0.65375,0.6875,0.7006912482973255,157.19,142.19,39036.85,108.2,0.6883389528595967,,,,0,0.25,0,0,0,0,0,0,0,1
2024-12-25,0.33875,0.42,0.48125,0.5425,0.60125,0.65875,0.68375,0.7007652580013255,157.43,142.23,39130.43,108.75781551531033,0.6906313524381554,,,,0,0.25,0,0,0,0,0,0,0,1
2024-12-26,0.335,0.42375,0.48375,0.545,0.6125,0.67375,0.7,0.7190330676108889,158.03,141.9,39568.06,108.129,0.6842308422451433,,,,0,0.25,0,0,0,0,0,0,0,1
2024-12-27,0.33,0.42,0.48,0.54375,0.60375,0.675,0.70125,0.7211203708798666,157.84,141.82,40281.16,107.998,0.6842245311708058,,,,0,0.25,0,0,0,0,0,0,0,1
2024-12-30,0.33,0.42,0.48,0.54375,0.60375,0.6725,0.6975,0.7178341824828918,156.84,141.9,39894.54,108.13,0.6894287171639887,,,,0,0.25,0,0,0,0,0,0,0,1
2025-01-06,0.3425,0.42625,0.4775,0.5425,0.60875,0.66875,0.695,0.7169364545890509,157.63,141.59,39307.05,108.257,0.6867791664023346,,,,0,0.25,0,0,0,0,0,0,0,1
2025-01-07,0.345,0.42625,0.4775,0.53875,0.61875,0.67875,0.70375,0.725196755997655,158.04,141.6,40083.3,108.542,0.6868008099215389,,,,0,0.25,0,0,0,0,0,0,0,1
2025-01-08,0.3475,0.43,0.475,0.5375,0.62375,0.68375,0.71625,0.7376221944346637,158.35,141.23,39981.06,109.09,0.6889169561098832,,,,0,0.25,0,0,0,0,0,0,0,1
2025-01-09,0.33625,0.4225,0.4675,0.5275,0.60625,0.6575,0.685,0.7117493834210256,158.15,141.31,39605.09,109.179,0.6903509326588682,,,,0,0.25,0,0,0,0,0,0,0,1
2025-01-10,0.35,0.43,0.47,0.5275,0.60875,0.66375,0.69625,0.7192464946728485,157.71,141.06,39190.4,109.65,0.695263458246148,,,,0,0.25,0,0,0,0,0,0,0,1
2025-01-14,0.3775,0.43875,0.47375,0.53375,0.605,0.65,0.69875,0.7165312942985533,157.98,140.66,38474.3,109.273,0.6916888213697937,,,,0,0.25,0,0,0,0,0,0,0,1
2025-01-15,0.41,0.45,0.485,0.55625,0.63,0.68125,0.72,0.7381500549020731,156.47,140.59,38444.58,109.09,0.6971943503547006,,,,0,0.25,0,0,0,0,0,0,0,1
2025-01-16,0.4325,0.4625,0.48625,0.5475,0.61375,0.6675,0.72125,0.722163242122273,155.15,141.06,38572.6,108.957,0.702268772155978,,,,0,0.25,0,0,0,0,0,0,0,1
2025-01-17,0.4275,0.4525,0.4825,0.5475,0.615,0.665,0.72125,0.7238986623635875,156.31,141.0,38451.46,109.347,0.699552171965965,,,,0,0.25,0,0,0,0,0,0,0,1
2025-01-20,0.4375,0.4575,0.485,0.54125,0.6125,0.665,0.7275,0.7232861864699596,155.6,141.07,38902.5,109.347,0.7027442159383034,,,,0,0.25,0,0,0,0,0,0,0,1
2025-01-21,0.4525,0.46375,0.49375,0.54625,0.615,0.6625,0.69625,0.7017446212268177,155.53,141.15,39027.98,108.062,0.6947984311708352,,,,0,0.25,0,0,0,0,0,0,0,1
2025-01-22,0.46,0.47,0.5,0.5525,0.625,0.66875,0.7025,0.7091738780938798,156.53,141.02,39646.25,108.167,0.6910304733916821,,,,0,0.25,0,0,0,0,0,0,0,1
2025-01-23,0.46375,0.47125,0.5025,0.555,0.62625,0.67,0.7125,0.7163182693880046,156.06,140.93,39958.87,108.047,0.6923426887094707,,,,0,0.25,0,0,0,0,0,0,0,1
2025-01-24,0.475,0.47875,0.5075,0.55625,0.6375,0.685,0.72625,0.7360761075687456,156.0,140.67,39931.98,107.443,0.6887371794871795,2025-01-24,0.5," ""MPM (Hike to 0.50%)""",1,0.5,0,0,0,0,0,0,0,1
2025-01-27,0.47625,0.50625,0.55625,0.63625,0.67625,0.70875,0.73875,0.7631344937899965,154.51,140.89,39565.8,107.341,0.6947187884279334,,,,0,0.5,0,0,0,0,0,0,0,1
2025-01-28,0.47625,0.50625,0.5525,0.6275,0.66625,0.69625,0.725,0.7455631813295613,155.53,141.18,39016.87,107.866,0.6935382241368224,,,,0,0.5,0,0,0,0,0,0,0,1
2025-01-29,0.47625,0.50625,0.5525,0.6275,0.66625,0.69625,0.725,0.7466159070255762,155.22,141.15,39414.78,108.0,0.6957866254348667,,,,0,0.5,0,0,0,0,0,0,0,1
2025-01-30,0.4775,0.51375,0.5625,0.64125,0.68625,0.725,0.7575,0.7771404911658768,154.31,141.01,39513.97,107.797,0.6985742984900525,,,,0,0.5,0,0,0,0,0,0,0,1
2025-01-31,0.47875,0.52625,0.5775,0.66,0.715,0.75125,0.78625,0.8087756209382114,155.21,140.67,39572.49,108.37,0.6982153211777592,,,,0,0.5,0,0,0,0,0,0,0,1
2025-02-03,0.47875,0.525,0.575,0.65125,0.70625,0.7475,0.7825,0.8008000818911964,154.76,140.75,38520.09,108.99,0.704251744636857,,,,0,0.5,0,0,0,0,0,0,0,1
2025-02-04,0.47875,0.5275,0.57875,0.6575,0.7125,0.7525,0.79,0.8113549940222008,154.34,140.45,38798.37,107.96,0.6994946222625372,,,,0,0.5,0,0,0,0,0,0,0,1
2025-02-05,0.48,0.53125,0.59,0.6675,0.73625,0.77875,0.81625,0.8374607339251541,152.61,140.37,38831.48,107.579,0.7049275932114539,,,,0,0.5,0,0,0,0,0,0,0,1
2025-02-06,0.48,0.53,0.59125,0.6775,0.73,0.77,0.80625,0.830633783419201,151.46,140.51,39066.53,107.689,0.7110062062590782,,,,0,0.5,0,0,0,0,0,0,0,1
2025-02-07,0.48375,0.5375,0.6,0.6825,0.74125,0.7875,0.82,0.8473574433334783,151.42,140.05,38787.02,108.04,0.7135120855897504,,,,0,0.5,0,0,0,0,0,0,0,1
2025-02-10,0.48125,0.54,0.605,0.6825,0.745,0.785,0.825,0.8502504421547825,152.0,140.02,38801.17,108.319,0.7126250000000001,,,,0,0.5,0,0,0,0,0,0,0,1
2025-02-12,0.4825,0.53375,0.5975,0.6675,0.7275,0.775,0.81375,0.8374493358619638,154.41,139.79,38963.7,107.938,0.6990350365908944,,,,0,0.5,0,0,0,0,0,0,0,1
2025-02-13,0.48375,0.545,0.60625,0.675,0.72625,0.77125,0.80625,0.8344671267480793,152.8,139.68,39461.47,107.313,0.7023102094240837,,,,0,0.5,0,0,0,0,0,0,0,1
2025-02-14,0.48375,0.5475,0.61625,0.69,0.7425,0.7975,0.84,0.8624698547679058,152.34,139.7,39149.43,106.71,0.7004726270185112,,,,0,0.5,0,0,0,0,0,0,0,1
2025-02-17,0.4825,0.5525,0.62625,0.70125,0.75625,0.815,0.8575,0.883119060028527,151.5,139.38,39174.25,106.575,0.7034653465346535,,,,0,0.5,0,0,0,0,0,0,0,1
2025-02-18,0.485,0.56,0.635,0.71,0.7625,0.82,0.8625,0.8929765384605879,152.06,138.93,39270.4,107.054,0.7040247270814153,,,,0,0.5,0,0,0,0,0,0,0,1
2025-02-19,0.4825,0.55875,0.63125,0.70125,0.75625,0.81125,0.85375,0.8839382158972875,151.47,138.98,39164.61,107.173,0.7075526506899056,,,,0,0.5,0,0,0,0,0,0,0,1
2025-02-20,0.48125,0.5525,0.6275,0.69625,0.745,0.8025,0.845,0.87536570666849,149.65,138.94,38678.04,106.372,0.7108052121617107,,,,0,0.5,0,0,0,0,0,0,0,1
2025-02-21,0.48125,0.55,0.625,0.695,0.74375,0.79,0.8325,0.8633805245098847,149.29,139.24,38776.94,106.612,0.7141268671712774,,,,0,0.5,0,0,0,0,0,0,0,1
2025-02-25,0.48,0.53625,0.60875,0.66875,0.725,0.765,0.8075,0.8330524841136018,149.03,139.66,38237.79,106.308,0.7133328859961082,,,,0,0.5,0,0,0,0,0,0,0,1
2025-02-26,0.47875,0.52875,0.60375,0.6675,0.72375,0.76375,0.80625,0.8321133249406772,149.09,139.72,38142.37,106.416,0.7137702059158897,,,,0,0.5,0,0,0,0,0,0,0,1
2025-02-27,0.47875,0.53,0.60375,0.68,0.735,0.78125,0.83375,0.8580631401715164,149.81,139.52,38256.17,107.244,0.7158667645684533,,,,0,0.5,0,0,0,0,0,0,0,1
2025-02-28,0.47875,0.525,0.6,0.66375,0.715,0.7525,0.81125,0.8288798779895163,150.63,139.77,37155.5,107.614,0.7144260771426675,,,,0,0.5,0,0,0,0,0,0,0,1
2025-03-03,0.47875,0.5275,0.60375,0.67,0.7275,0.7675,0.82375,0.8464767791487529,149.51,139.44,37785.47,106.747,0.7139789980603305,,,,0,0.5,0,0,0,0,0,0,0,1
2025-03-04,0.47875,0.52375,0.59625,0.665,0.7225,0.7625,0.81875,0.8419731386400775,149.81,139.33,37331.18,105.743,0.7058474067151725,,,,0,0.5,0,0,0,0,0,0,0,1
2025-03-05,0.47875,0.51875,0.59,0.66,0.72125,0.7625,0.81875,0.8431176201646142,148.88,139.2,37418.24,104.303,0.7005843632455669,,,,0,0.5,0,0,0,0,0,0,0,1
2025-03-06,0.48,0.5325,0.60625,0.6775,0.7375,0.78,0.83625,0.8686826580549499,147.97,138.48,37704.93,104.062,0.7032641751706427,,,,0,0.5,0,0,0,0,0,0,0,1
2025-03-07,0.48,0.545,0.6125,0.67875,0.725,0.77125,0.825,0.8543150722703896,148.03,138.62,36887.17,103.838,0.7014659190704586,,,,0,0.5,0,0,0,0,0,0,0,1
2025-03-10,0.48,0.54875,0.6175,0.6875,0.74,0.78875,0.845,0.8777720168481642,147.27,138.22,37028.27,103.975,0.706016160793101,,,,0,0.5,0,0,0,0,0,0,0,1
2025-03-11,0.48,0.53625,0.60625,0.67,0.7225,0.77125,0.8275,0.8520578866960002,147.78,138.82,36793.11,103.289,0.6989376099607525,,,,0,0.5,0,0,0,0,0,0,0,1
2025-03-12,0.48,0.53375,0.605,0.66375,0.71625,0.755,0.80625,0.8393926031440901,148.25,138.4,36819.09,103.612,0.6989005059021922,,,,0,0.5,0,0,0,0,0,0,0,1
2025-03-13,0.48,0.54375,0.61375,0.68125,0.7225,0.76625,0.81875,0.853845319035484,147.82,138.25,36790.03,103.828,0.7023948044919497,,,,0,0.5,0,0,0,0,0,0,0,1
2025-03-14,0.48,0.52125,0.60125,0.665,0.7075,0.75375,0.80375,0.8401741497453,148.63,138.14,37053.1,103.718,0.6978268182735653,,,,0,0.5,0,0,0,0,0,0,0,1
2025-03-17,0.48,0.52375,0.5975,0.6575,0.69625,0.72625,0.7675,0.8098738608391421,149.22,138.3,37396.52,103.37,0.6927355582361614,,,,0,0.5,0,0,0,0,0,0,0,1
2025-03-18,0.47875,0.52375,0.60125,0.66,0.7,0.735,0.77875,0.818702812354553,149.27,138.34,37845.42,103.244,0.6916594091244054,,,,0,0.5,0,0,0,0,0,0,0,1
2025-03-19,0.4775,0.525,0.6075,0.67375,0.7175,0.7625,0.80375,0.8462427697598982,148.69,138.11,37751.88,103.428,0.6955948617929921,2025-03-19,0.5," ""MPM""",1,0.5,0,0,0,0,0,0,0,1
2025-03-21,0.5375,0.6175,0.68125,0.7275,0.775,0.82,0.8669644151563586,0.8917707523710796,149.31,138.03,37677.06,104.088,0.6971267832027325,,,,0,0.5,0,0,0,0,0,0,1,1
2025-03-24,0.53625,0.615,0.68125,0.7275,0.77375,0.81875,0.8654083416810555,0.8920474818080947,150.71,137.84,37608.49,104.262,0.6918054541835312,,,,0,0.5,0,0,0,0,0,0,1,1
2025-03-25,0.54,0.62,0.6875,0.74,0.7875,0.83625,0.8861341488896739,0.9151836606355089,149.91,137.48,37780.54,104.184,0.694976986191715,,,,0,0.5,0,0,0,0,0,0,1,1
2025-03-26,0.545,0.63375,0.6975,0.74875,0.7975,0.84625,0.8965898289488141,0.9250817842118434,150.6,137.39,38027.29,104.547,0.6942031872509961,,,,0,0.5,0,0,0,0,0,0,1,1
2025-03-27,0.54125,0.62875,0.6925,0.745,0.795,0.84375,0.893058463232739,0.9222705647631306,151.06,137.39,37799.97,104.335,0.6906858202038925,,,,0,0.5,0,0,0,0,0,0,1,1
2025-03-28,0.5375,0.625,0.68125,0.73,0.775,0.8225,0.8692179301670169,0.8955746485189714,149.84,137.77,37120.33,104.044,0.6943673251468232,,,,0,0.5,0,0,0,0,0,0,1,1
2025-03-31,0.53,0.615,0.67125,0.71875,0.75125,0.8,0.840847490016545,0.862593020398316,149.96,138.4,35617.56,104.21,0.6949186449719924,,,,0,0.5,0,0,0,0,0,0,1,1
2025-04-01,0.5225,0.6125,0.6775,0.72125,0.755,0.80375,0.846704435247193,0.8698558239510654,149.62,138.27,35624.48,104.26,0.696831974334982,,,,0,0.5,0,0,0,0,0,0,1,1
2025-04-02,0.515,0.60875,0.6725,0.71875,0.75125,0.8,0.8411004591300194,0.8636723231247916,149.25,138.58,35725.87,103.807,0.6955242881072027,,,,0,0.5,0,0,0,0,0,0,1,1
2025-04-03,0.495,0.575,0.6375,0.6675,0.69875,0.7475,0.7808279135086276,0.7948426753916722,146.07,139.75,34735.93,102.072,0.6987882522078456,,,,0,0.5,0,0,0,0,0,0,1,1
2025-04-04,0.485,0.5275,0.57,0.5925,0.6,0.61,0.6315687434857015,0.6416135601391821,146.91,141.65,33780.58,103.023,0.7012660812742495,,,,0,0.5,0,0,0,0,0,0,1,1
2025-04-07,0.475,0.4925,0.52,0.52875,0.53,0.53125,0.544222855202728,0.549838017455127,147.84,142.27,31136.58,103.256,0.6984307359307359,,,,0,0.5,0,0,0,0,0,0,1,1
2025-04-08,0.47875,0.51,0.5425,0.5575,0.57125,0.585,0.6091799644308089,0.6224070560459762,146.29,141.04,33012.58,102.955,0.703773326953312,,,,0,0.5,0,0,0,0,0,0,1,1
2025-04-09,0.4725,0.48,0.4975,0.49875,0.5,0.50125,0.5189466995615662,0.5322702070825258,147.74,141.34,31714.03,102.9,0.696493840530662,,,,0,0.5,0,0,0,0,0,0,1,1
2025-04-10,0.48,0.51,0.545,0.58125,0.59125,0.61625,0.6449824546813048,0.6673536312902109,144.46,140.28,34609.0,100.867,0.6982348054824865,,,,0,0.5,0,0,0,0,0,0,1,1
2025-04-11,0.475,0.5025,0.5275,0.53,0.5325,0.535,0.5574504073337324,0.5741292413036176,143.53,141.07,33585.58,100.102,0.6974291088970948,,,,0,0.5,0,0,0,0,0,0,1,1
2025-04-14,0.475,0.50875,0.53875,0.56375,0.56875,0.58375,0.6064763390717671,0.623587123439779,143.0,141.12,33982.36,99.64,0.6967832167832168,,,,0,0.5,0,0,0,0,0,0,1,1
2025-04-15,0.4775,0.5175,0.565,0.59375,0.61375,0.6175,0.6482926794207411,0.672290167639449,143.25,140.45,34267.54,100.215,0.6995811518324607,,,,0,0.5,0,0,0,0,0,0,1,1
2025-04-16,0.4775,0.51125,0.5475,0.57,0.57625,0.58625,0.6106812735806075,0.628039715873691,141.84,141.11,33920.4,99.38,0.7006486181613085,,,,0,0.5,0,0,0,0,0,0,1,1
2025-04-17,0.47875,0.51375,0.54625,0.585,0.605,0.62875,0.6543922225041868,0.6725512133583396,142.43,140.84,34377.6,99.376,0.6977181773502773,,,,0,0.5,0,0,0,0,0,0,1,1
2025-04-18,0.48,0.50875,0.545,0.5725,0.59875,0.61375,0.6380934771206845,0.6545574817600179,142.18,141.08,34730.28,98.76640510949808,0.6945348678807914,,,,0,0.5,0,0,0,0,0,0,1,1
2025-04-21,0.48125,0.5125,0.555,0.58375,0.6075,0.62,0.6459610959035785,0.6637582935189676,140.88,140.96,34279.92,98.278,0.6976007950028393,,,,0,0.5,0,0,0,0,0,0,1,1
2025-04-22,0.48125,0.51125,0.555,0.59,0.61625,0.62625,0.6546214454714654,0.6757224950706369,141.59,140.7,34220.6,98.918,0.698622784094922,,,,0,0.5,0,0,0,0,0,0,1,1
2025-04-23,0.4825,0.51625,0.56,0.6025,0.625,0.64,0.6694152922521732,0.6926011815550402,143.46,140.48,34868.63,99.844,0.6959710023699985,,,,0,0.5,0,0,0,0,0,0,1,1
2025-04-24,0.4825,0.51625,0.56,0.60125,0.61875,0.62875,0.6574241673129929,0.6805216894944484,142.63,140.69,35039.15,99.377,0.6967468274556545,,,,0,0.5,0,0,0,0,0,0,1,1
2025-04-25,0.4825,0.52,0.5675,0.615,0.645,0.66,0.6904723283435822,0.7150637949189218,143.69,140.43,35705.74,99.471,0.6922611176839029,,,,0,0.5,0,0,0,0,0,0,1,1
2025-04-28,0.48125,0.515,0.57,0.60875,0.6425,0.65625,0.6872959343213944,0.7092825513181776,142.01,140.63,35839.99,99.01,0.6972044222237871,,,,0,0.5,0,0,0,0,0,0,1,1
2025-04-30,0.47625,0.505,0.55875,0.595,0.62375,0.63875,0.6688747581543637,0.691433823712601,143.07,140.65,36045.38,99.468,0.6952400922625289,,,,0,0.5,0,0,0,0,0,0,1,1
2025-05-01,0.47625,0.49,0.5175,0.555,0.575,0.58875,0.6123587520847272,0.632611269812301,145.44,141.17,36452.3,100.248,0.6892739273927393,2025-05-01,0.5," ""MPM""",1,0.5,0,0,0,0,0,0,1,1
2025-05-02,0.48625,0.51,0.525,0.55375,0.5675,0.583862645837625,0.6064419439685315,0.6233293672077016,144.96,141.19,36830.69,100.03,0.6900524282560706,,,,0,0.5,0,0,0,0,0,1,1,1
2025-05-07,0.4875,0.51,0.5375,0.56,0.57375,0.5917984910638479,0.6175539819566389,0.6359211382235515,143.82,140.81,36779.66,99.614,0.6926296759838688,,,,0,0.5,0,0,0,0,0,1,1,1
2025-05-08,0.48625,0.5075,0.535,0.5625,0.5775,0.5973548646478437,0.6237358488439777,0.6440307688996616,145.92,140.62,36928.63,100.64,0.6896929824561404,,,,0,0.5,0,0,0,0,0,1,1,1
2025-05-09,0.48625,0.50875,0.53875,0.56875,0.59875,0.6221202189082602,0.6515696443025045,0.6730442010369093,145.36,140.35,37503.33,100.339,0.690279306549257,,,,0,0.5,0,0,0,0,0,1,1,1
2025-05-12,0.485,0.5175,0.5725,0.61625,0.65875,0.6896231067487996,0.7219989950335021,0.7451512437849696,148.46,140.03,37644.26,101.788,0.6856257577798733,,,,0,0.5,0,0,0,0,0,1,1,1
2025-05-13,0.48625,0.52,0.5775,0.62875,0.66125,0.69875,0.7347812643645422,0.7639857946062878,147.48,139.39,38183.26,101.003,0.6848589639273123,,,,0,0.5,0,0,0,0,0,0,1,1
2025-05-14,0.48,0.515,0.56875,0.6225,0.65625,0.6875,0.7247673544841932,0.7561499123670371,146.75,139.46,38128.13,101.039,0.6885110732538331,,,,0,0.5,0,0,0,0,0,0,1,1
2025-05-15,0.48125,0.515,0.565,0.61875,0.655,0.68625,0.7257695648529325,0.7587706771546332,145.67,139.18,37755.51,100.879,0.6925173336994578,,,,0,0.5,0,0,0,0,0,0,1,1
2025-05-16,0.48,0.51125,0.56125,0.6075,0.64875,0.67375,0.7120511888225578,0.7422680892222208,145.63,139.53,37753.72,101.092,0.6941701572478198,,,,0,0.5,0,0,0,0,0,0,1,1
2025-05-19,0.48125,0.515,0.56625,0.61625,0.66875,0.7025,0.7420168948058374,0.7719487177982866,144.86,139.25,37498.63,100.426,0.6932624603065027,,,,0,0.5,0,0,0,0,0,0,1,1
2025-05-20,0.48,0.5075,0.55625,0.61,0.65,0.67875,0.71851220204141,0.7525211518404331,144.51,139.15,37529.49,100.118,0.6928101861462874,,,,0,0.5,0,0,0,0,0,0,1,1
2025-05-21,0.48,0.50625,0.55,0.605,0.645,0.67625,0.7153797772590474,0.7491393928439988,143.68,139.14,37298.98,99.559,0.6929217706013363,,,,0,0.5,0,0,0,0,0,0,1,1
2025-05-22,0.48,0.505,0.55,0.6075,0.6375,0.68875,0.7287647395719519,0.7625682745453312,144.01,138.65,36985.87,99.96,0.6941184639955559,,,,0,0.5,0,0,0,0,0,0,1,1
2025-05-23,0.48,0.50625,0.54625,0.595,0.6375,0.6675,0.7093257899644522,0.7454267806678271,142.56,138.74,37160.47,99.112,0.6952300785634119,,,,0,0.5,0,0,0,0,0,0,1,1
2025-05-26,0.47875,0.50875,0.54875,0.6,0.63,0.66625,0.7049759746719308,0.7384549912551633,142.85,139.1,37531.53,99.112,0.6938186909345467,,,,0,0.5,0,0,0,0,0,0,1,1
2025-05-27,0.47875,0.51,0.5525,0.605,0.6375,0.68375,0.7188476008010711,0.747192231374745,144.33,139.45,37724.11,99.521,0.6895378646158109,,,,0,0.5,0,0,0,0,0,0,1,1
2025-05-28,0.47875,0.51375,0.55625,0.62125,0.6525,0.70125,0.7403018945787424,0.7748589229683753,144.84,138.85,37722.4,99.875,0.6895539906103286,,,,0,0.5,0,0,0,0,0,0,1,1
2025-05-29,0.48,0.52,0.5625,0.6225,0.6625,0.7,0.7401995277446642,0.7755557640822492,144.21,138.95,38432.98,99.278,0.6884266000970807,,,,0,0.5,0,0,0,0,0,0,1,1
2025-05-30,0.47875,0.51875,0.56,0.625,0.65375,0.685,0.7243070495007128,0.7614673935487979,144.06,139.09,37965.1,99.329,0.6894974316257114,,,,0,0.5,0,0,0,0,0,0,1,1
2025-06-02,0.47875,0.51625,0.5625,0.625,0.66,0.69625,0.736031844761204,0.7715069308252647,142.72,139.02,37470.67,98.706,0.6916059417040359,,,,0,0.5,0,0,0,0,0,0,1,1
2025-06-03,0.47875,0.5175,0.56375,0.62375,0.6575,0.69375,0.7318219365568892,0.7656633870279099,144.01,139.16,37446.81,99.227,0.6890285396847442,,,,0,0.5,0,0,0,0,0,0,1,1
2025-06-04,0.47875,0.515,0.565,0.625,0.6625,0.69875,0.7395570224540613,0.7752096846540408,142.76,138.95,37747.45,98.787,0.6919795460913422,,,,0,0.5,0,0,0,0,0,0,1,1
2025-06-05,0.47875,0.51125,0.55625,0.62,0.65,0.69125,0.7272778003779097,0.759739750375122,143.54,139.35,37554.49,98.741,0.6878988435279365,,,,0,0.5,0,0,0,0,0,0,1,1
2025-06-06,0.47875,0.51125,0.555,0.62125,0.6525,0.6975,0.7325922917090992,0.7645536342654915,144.87,139.35,37741.61,99.19,0.6846828190791744,,,,0,0.5,0,0,0,0,0,0,1,1
2025-06-09,0.47875,0.51125,0.555,0.62125,0.6525,0.69625,0.7328006832200296,0.7668906121531098,144.6,139.17,38088.57,98.939,0.6842254495159059,,,,0,0.5,0,0,0,0,0,0,1,1
2025-06-10,0.47875,0.5075,0.55125,0.61125,0.645,0.68375,0.7208080588279258,0.7552634320684267,144.85,139.14,38211.51,99.098,0.6841422160856058,,,,0,0.5,0,0,0,0,0,0,1,1
2025-06-11,0.47875,0.49375,0.53375,0.59875,0.635,0.67,0.7056549432454869,0.7407705844029322,144.55,139.34,38421.19,98.631,0.6823313732272569,,,,0,0.5,0,0,0,0,0,0,1,1
2025-06-12,0.4775,0.49125,0.5325,0.59375,0.63,0.6675,0.7027096386549617,0.7369726394987905,143.5,139.33,38173.09,97.921,0.6823763066202091,,,,0,0.5,0,0,0,0,0,0,1,1
2025-06-13,0.4775,0.4925,0.53375,0.595,0.62,0.6575,0.6883945034149948,0.7188871657797665,144.09,139.85,37834.25,98.184,0.6814074536747866,,,,0,0.5,0,0,0,0,0,0,1,1
2025-06-16,0.47875,0.5025,0.54875,0.61125,0.64375,0.6875,0.723660163648797,0.7598213927819483,144.74,138.93,38311.33,97.998,0.6770623186403205,,,,0,0.5,0,0,0,0,0,0,1,1
2025-06-17,0.4775,0.4875,0.535,0.58,0.6175,0.6575,0.6959722158063045,0.7323450753758816,145.28,138.67,38536.74,98.82,0.680203744493392,2025-06-17,0.5," ""MPM""",1,0.5,0,0,0,0,0,0,1,1
2025-06-18,0.48625,0.525,0.58,0.62,0.65375,0.6881215315941149,0.7271298903072365,0.7606322012006861,145.12,138.86,38885.15,98.905,0.6815394156560088,,,,0,0.5,0,0,0,0,0,1,1,1
2025-06-19,0.4825,0.51875,0.5725,0.6075,0.645,0.6764649230458533,0.7119863848042416,0.7416647598804591,145.47,139.33,38488.34,98.905,0.6798996356637107,,,,0,0.5,0,0,0,0,0,1,1,1
2025-06-20,0.48375,0.52,0.575,0.6075,0.6475,0.6783515904730739,0.7121324919763655,0.740370727527348,146.09,139.43,38403.23,98.707,0.6756588404408241,,,,0,0.5,0,0,0,0,0,1,1,1
2025-06-23,0.485,0.52,0.5725,0.615,0.655,0.6870753288760463,0.7210455461419809,0.7516131163452641,146.16,139.3,38354.09,98.416,0.6733442802408319,,,,0,0.5,0,0,0,0,0,1,1,1
2025-06-24,0.48625,0.52125,0.57625,0.61875,0.6575,0.6900415570741443,0.7253004444075042,0.7565585780087141,144.93,139.25,38790.56,97.858,0.6752087214517353,,,,0,0.5,0,0,0,0,0,1,1,1
2025-06-25,0.485,0.52,0.57125,0.6175,0.6575,0.6895038712812298,0.7232841174166471,0.7543421953292047,145.26,139.41,38942.07,97.679,0.6724425168663087,,,,0,0.5,0,0,0,0,0,1,1,1
2025-06-26,0.485,0.52125,0.58,0.625,0.66875,0.7027447360782264,0.7389207600645418,0.7712860634822476,144.4,139.21,39584.58,97.147,0.6727631578947368,,,,0,0.5,0,0,0,0,0,1,1,1
2025-06-27,0.48375,0.52,0.58,0.63,0.6725,0.7080627710699345,0.7459168334486563,0.7805478189628563,144.66,139.07,40150.79,97.401,0.6733098299460805,,,,0,0.5,0,0,0,0,0,1,1,1
2025-06-30,0.48375,0.52,0.58,0.62625,0.67375,0.7095792578162561,0.7479927377064692,0.782443310343597,144.03,139.02,40487.39,96.875,0.6726029299451504,,,,0,0.5,0,0,0,0,0,1,1,1
2025-07-01,0.48375,0.52,0.58,0.6275,0.67125,0.7057639886523779,0.7430694279745991,0.7762657690482713,143.44,139.22,39986.33,96.819,0.6749790853318461,,,,0,0.5,0,0,0,0,0,1,1,1
2025-07-02,0.48,0.51625,0.57875,0.6225,0.6625,0.6964579860753404,0.7337320615171306,0.768012438600566,143.69,139.12,39762.48,96.776,0.6735054631498364,,,,0,0.5,0,0,0,0,0,1,1,1
2025-07-03,0.48,0.51125,0.5725,0.61625,0.65625,0.6903924760826586,0.7275678222549835,0.7630865725325551,144.93,138.97,39785.9,97.18,0.6705306009797833,,,,0,0.5,0,0,0,0,0,1,1,1
2025-07-04,0.48,0.5075,0.56,0.60375,0.645,0.6775948208765362,0.7135819063038609,0.7483925767111148,144.56,139.12,39810.88,96.965,0.6707595462091865,,,,0,0.5,0,0,0,0,0,1,1,1
2025-07-07,0.4775,0.505,0.55375,0.59625,0.63625,0.6680774826035915,0.7027400962745565,0.7377398556485008,146.04,139.12,39587.68,97.48,0.6674883593536018,,,,0,0.5,0,0,0,0,0,1,1,1
2025-07-08,0.4775,0.49625,0.53625,0.5775,0.6325,0.6649872159980716,0.7000417380502676,0.7352466691964975,146.57,138.96,39688.81,97.516,0.6653203247595006,,,,0,0.5,0,0,0,0,0,1,1,1
2025-07-09,0.47875,0.49875,0.55,0.6075,0.66,0.6964847958723681,0.7344786928710236,0.7735726170882168,146.31,138.69,39821.28,97.555,0.6667691887089058,,,,0,0.5,0,0,0,0,0,1,1,1
2025-07-10,0.47875,0.5,0.5525,0.615,0.6675,0.7045707454395727,0.7426186964846299,0.7818444928470709,146.26,138.73,39646.36,97.652,0.6676603309175442,,,,0,0.5,0,0,0,0,0,1,1,1
2025-07-11,0.48125,0.51875,0.57625,0.63625,0.69,0.7291534181329749,0.7673836601128607,0.8059096881886432,147.41,138.57,39569.68,97.853,0.6638152092802387,,,,0,0.5,0,0,0,0,0,1,1,1
2025-07-14,0.48125,0.52375,0.58625,0.6425,0.6925,0.7337654735132837,0.7749069238848674,0.8164057307516432,147.72,138.06,39459.62,98.081,0.6639656106146764,,,,0,0.5,0,0,0,0,0,1,1,1
2025-07-15,0.48,0.5225,0.585,0.63875,0.69,0.7318740498463858,0.7735595578556778,0.8157693791666115,148.88,137.92,39678.02,98.616,0.6623858140784524,,,,0,0.5,0,0,0,0,0,1,1,1
2025-07-16,0.48,0.525,0.59,0.64375,0.6925,0.7344162836178105,0.7767704743855866,0.8187901469607795,147.88,137.96,39663.4,98.392,0.6653502840140655,,,,0,0.5,0,0,0,0,0,1,1,1
2025-07-17,0.48,0.5225,0.585,0.64,0.68125,0.7219824528467269,0.7633215992075788,0.805819621977391,148.62,138.05,39901.19,98.734,0.6643385816175481,,,,0,0.5,0,0,0,0,0,1,1,1
2025-07-18,0.48,0.52,0.585,0.635,0.6825,0.7217629897598146,0.760772252777985,0.7999907776500723,148.83,138.35,39819.11,98.482,0.6617079889807161,,,,0,0.5,0,0,0,0,0,1,1,1
2025-07-22,0.47875,0.51,0.57,0.62,0.6675,0.7043234357093008,0.7423029036260584,0.7808710977434254,146.64,138.6,39774.92,97.392,0.6641571194762684,,,,0,0.5,0,0,0,0,0,1,1,1
2025-07-23,0.48125,0.5425,0.6325,0.6775,0.7225,0.7681721045902079,0.8146176062262309,0.8582308674174085,146.51,137.62,41171.32,97.214,0.6635314995563443,,,,0,0.5,0,0,0,0,0,1,1,1
2025-07-24,0.49,0.5525,0.65375,0.695,0.74125,0.7887996574494973,0.8363710452090491,0.8786306504603064,147.01,137.51,41826.34,97.377,0.6623835113257601,,,,0,0.5,0,0,0,0,0,1,1,1
2025-07-25,0.4825,0.54375,0.6475,0.69,0.7375,0.7852923748806195,0.833061101987247,0.876945622981719,147.67,137.43,41456.23,97.645,0.6612378953071038,,,,0,0.5,0,0,0,0,0,1,1,1
2025-07-28,0.48125,0.53625,0.635,0.6725,0.715,0.7593712048753951,0.8045289187972267,0.8453493700387118,148.55,137.81,40998.27,98.634,0.6639784584315045,,,,0,0.5,0,0,0,0,0,1,1,1
2025-07-29,0.48,0.53,0.63125,0.67625,0.72125,0.7661551686123582,0.8114153625294483,0.8523975594452211,148.46,137.9,40674.55,98.886,0.6660784049575642,,,,0,0.5,0,0,0,0,0,1,1,1
2025-07-30,0.48125,0.5275,0.63,0.675,0.71875,0.7634527831632467,0.8084806557189527,0.8484884466906857,149.5,137.98,40654.7,99.815,0.6676588628762542,,,,0,0.5,0,0,0,0,0,1,1,1
2025-07-31,0.4775,0.52,0.62,0.665,0.7075,0.74125,0.78125,0.8175,150.75,138.03,41069.82,99.968,0.6631376451077944,2025-07-31,0.5," ""MPM""",1,0.5,0,0,0,0,0,0,0,0
2025-08-01,0.50375,0.60125,0.65,0.6975,0.7375,0.77,0.7875,0.83,147.38,138.08,40799.6,99.141,0.6726896458135433,,,,0,0.5,0,0,0,0,0,0,0,0
2025-08-04,0.495,0.57,0.62,0.67,0.7,0.71375,0.74625,0.79,147.09,138.55,40290.7,98.784,0.6715888231694881,,,,0,0.5,0,0,0,0,0,0,0,0
2025-08-05,0.4975,0.5675,0.61625,0.665,0.6975,0.7125,0.74375,0.78125,147.61,138.87,40549.54,98.782,0.6692094031569676,,,,0,0.5,0,0,0,0,0,0,0,0
2025-08-06,0.5,0.5875,0.6375,0.685,0.72375,0.75,0.77875,0.82375,147.37,138.6,40794.86,98.177,0.6661939336364253,,,,0,0.5,0,0,0,0,0,0,0,0
2025-08-07,0.495,0.5725,0.62125,0.66625,0.7025,0.72625,0.7625,0.785,147.13,138.65,41059.15,98.4,0.6687963025895467,,,,0,0.5,0,0,0,0,0,0,0,0
2025-08-08,0.495,0.575,0.625,0.6725,0.7125,0.7375,0.77625,0.79375,147.72,138.62,41820.48,98.18,0.664635797454644,,,,0,0.5,0,0,0,0,0,0,0,0
2025-08-12,0.495,0.575,0.625,0.67375,0.715,0.73875,0.78125,0.81125,147.84,138.56,42718.17,98.097,0.6635349025974026,,,,0,0.5,0,0,0,0,0,0,0,0
2025-08-13,0.495,0.57125,0.625,0.67875,0.7225,0.74875,0.7925,0.82625,147.38,138.36,43274.67,97.84,0.6638621251187408,,,,0,0.5,0,0,0,0,0,0,0,0
2025-08-14,0.50375,0.585,0.64125,0.6975,0.74375,0.7925,0.81625,0.85375,147.76,137.97,42649.26,98.254,0.664956686518679,,,,0,0.5,0,0,0,0,0,0,0,0
2025-08-15,0.50625,0.59375,0.65,0.70875,0.7525,0.8,0.84125,0.87,147.19,137.91,43378.31,97.852,0.664800597866703,,,,0,0.5,0,0,0,0,0,0,0,0
2025-08-18,0.50125,0.59125,0.64875,0.7,0.7525,0.79625,0.83125,0.85875,147.88,137.81,43714.31,98.167,0.6638287800919664,,,,0,0.5,0,0,0,0,0,0,0,0
2025-08-19,0.505,0.5975,0.66,0.7125,0.75625,0.8,0.855,0.8775,147.68,137.62,43546.29,98.265,0.6653913867822319,,,,0,0.5,0,0,0,0,0,0,0,0
2025-08-20,0.50625,0.61,0.66375,0.715,0.76,0.805,0.86125,0.885,147.33,137.52,42888.55,98.218,0.6666530916989072,,,,0,0.5,0,0,0,0,0,0,0,0
2025-08-21,0.50875,0.61,0.66125,0.70875,0.755,0.8075,0.85,0.89,148.38,137.56,42610.17,98.619,0.6646380913869794,,,,0,0.5,0,0,0,0,0,0,0,0
2025-08-22,0.5175,0.61875,0.67,0.71875,0.765,0.82,0.8625,0.90375,146.94,137.55,42633.29,97.716,0.6650061249489587,,,,0,0.5,0,0,0,0,0,0,0,0
2025-08-25,0.50875,0.61625,0.66875,0.72125,0.76875,0.825,0.8875,0.91875,147.79,137.5,42807.82,98.43,0.6660125854252656,,,,0,0.5,0,0,0,0,0,0,0,0
2025-08-26,0.505,0.6175,0.6675,0.71625,0.76375,0.83,0.89375,0.92,147.41,137.36,42394.4,98.225,0.6663387829862288,,,,0,0.5,0,0,0,0,0,0,0,0
2025-08-27,0.5,0.615,0.66125,0.71,0.75875,0.8125,0.86375,0.91,147.41,137.35,42520.27,98.232,0.6663862695882233,,,,0,0.5,0,0,0,0,0,0,0,0
2025-08-28,0.5,0.61125,0.66125,0.71,0.75625,0.81,0.85,0.90625,146.93,137.43,42828.79,97.813,0.6657115633294766,,,,0,0.5,0,0,0,0,0,0,0,0
2025-08-29,0.4975,0.6075,0.65625,0.7075,0.75375,0.815,0.84875,0.9,147.04,137.54,42718.47,97.771,0.664927910772579,,,,0,0.5,0,0,0,0,0,0,0,0
2025-09-01,0.49875,0.60875,0.6575,0.70875,0.75625,0.81,0.8475,0.895,147.18,137.3,42188.79,97.771,0.6642954205734475,,,,0,0.5,0,0,0,0,0,0,0,0
2025-09-02,0.48875,0.58,0.635,0.69,0.7375,0.7925,0.84375,0.88,148.34,137.52,42310.49,98.397,0.6633207496292302,,,,0,0.5,0,0,0,0,0,0,0,0
2025-09-03,0.48875,0.58,0.6375,0.69375,0.74,0.795,0.84125,0.88125,148.1,137.29,41938.89,98.142,0.6626738690074274,,,,0,0.5,0,0,0,0,0,0,0,0
2025-09-04,0.485,0.56625,0.62125,0.68,0.72625,0.7625,0.80625,0.86,148.49,137.63,42580.27,98.347,0.662313960536063,,,,0,0.5,0,0,0,0,0,0,0,0
2025-09-05,0.485,0.55625,0.61375,0.675,0.72,0.77125,0.815,0.85625,147.41,137.96,43018.75,97.768,0.6632385862560206,,,,0,0.5,0,0,0,0,0,0,0,0
2025-09-08,0.48125,0.5325,0.6,0.66625,0.71375,0.75875,0.8025,0.83875,147.53,138.04,43643.81,97.454,0.6605707313766691,,,,0,0.5,0,0,0,0,0,0,0,0
2025-09-09,0.4825,0.5675,0.64875,0.7025,0.75,0.80125,0.8475,0.895,147.41,138.0,43459.29,97.788,0.663374262261719,,,,0,0.5,0,0,0,0,0,0,0,0
2025-09-10,0.48125,0.56,0.64,0.69375,0.73625,0.78875,0.8375,0.88125,147.47,137.95,43837.67,97.78,0.6630501118871635,,,,0,0.5,0,0,0,0,0,0,0,0
2025-09-11,0.48,0.56,0.64,0.69125,0.73375,0.795,0.84625,0.9,147.21,137.85,44372.5,97.531,0.662529719448407,,,,0,0.5,0,0,0,0,0,0,0,0
2025-09-12,0.48,0.56,0.6375,0.6925,0.73625,0.80375,0.85625,0.90375,147.67,137.61,44768.12,97.55,0.660594568971355,,,,0,0.5,0,0,0,0,0,0,0,0
2025-09-16,0.48,0.555,0.63375,0.69,0.73625,0.805,0.8575,0.91625,146.5,136.52,44902.27,96.633,0.6596109215017064,,,,0,0.5,0,0,0,0,0,0,0,0
2025-09-17,0.48,0.55625,0.635,0.69375,0.74,0.8025,0.85375,0.9125,146.99,136.65,44790.38,96.873,0.6590448329818355,,,,0,0.5,0,0,0,0,0,0,0,0
2025-09-18,0.48,0.565,0.645,0.7025,0.7475,0.815,0.86625,0.9225,148.0,136.56,45303.43,97.348,0.6577567567567567,,,,0,0.5,0,0,0,0,0,0,0,0
2025-09-19,0.47875,0.6125,0.67,0.71625,0.75875,0.825,0.88125,0.94375,147.97,136.1,45045.81,97.644,0.6598905183483139,2025-09-19,0.5," ""MPM""",1,0.5,0,0,0,0,0,0,0,0
2025-09-22,0.61875,0.67,0.72,0.7675,0.8375,0.91125,0.965,0.99625,147.72,135.89,45493.66,97.341,0.6589561332250202,,,,0,0.5,0,0,0,0,0,0,0,0
2025-09-24,0.61125,0.665,0.71625,0.765,0.8275,0.905,0.96,0.9875,148.91,135.96,45630.31,97.873,0.6572627761735277,,,,0,0.5,0,0,0,0,0,0,0,0
2025-09-25,0.6225,0.66875,0.715,0.76,0.8275,0.90875,0.96375,1.0,149.79,135.82,45754.93,98.553,0.6579411175645904,,,,0,0.5,0,0,0,0,0,0,0,0
2025-09-26,0.6225,0.66875,0.71375,0.7575,0.8225,0.90625,0.96375,1.0,149.5,135.79,45354.99,98.152,0.6565351170568562,,,,0,0.5,0,0,0,0,0,0,0,0
2025-09-29,0.63875,0.67875,0.72,0.7675,0.835,0.9025,0.965,1.00875,148.59,135.9,45043.75,97.906,0.6589003297664715,,,,0,0.5,0,0,0,0,0,0,0,0
2025-09-30,0.64875,0.69,0.7225,0.77125,0.84375,0.9125,0.975,1.01625,147.91,135.79,44932.63,97.775,0.6610438780339396,,,,0,0.5,0,0,0,0,0,0,0,0
2025-10-01,0.635,0.68125,0.71875,0.76875,0.84,0.91125,0.96875,1.00875,147.06,135.78,44550.85,97.706,0.6643954848361213,,,,0,0.5,0,0,0,0,0,0,0,0
2025-10-02,0.63625,0.68375,0.72,0.77125,0.83625,0.90375,0.955,0.99625,147.25,135.73,44936.73,97.846,0.6644889643463497,,,,0,0.5,0,0,0,0,0,0,0,0
2025-10-03,0.6175,0.67125,0.71125,0.7625,0.82,0.88375,0.9325,0.9725,147.46,135.91,45769.5,97.723,0.6627085311270853,,,,0,0.5,0,0,0,0,0,0,0,0
2025-10-06,0.53875,0.62125,0.6875,0.7425,0.78875,0.855,0.91625,0.9425,150.35,135.9,47944.76,98.108,0.6525307615563686,,,,0,0.5,0,0,0,0,0,0,0,0
2025-10-07,0.5325,0.64125,0.695,0.74875,0.7975,0.85625,0.91875,0.9475,151.91,135.87,47950.88,98.578,0.6489237048252255,,,,0,0.5,0,0,0,0,0,0,0,0
2025-10-08,0.53875,0.6525,0.7025,0.7475,0.805,0.8725,0.9325,0.9675,152.69,135.68,47734.99,98.915,0.6478158360075972,,,,0,0.5,0,0,0,0,0,0,0,0
2025-10-09,0.5375,0.64375,0.68875,0.735,0.78875,0.86,0.91625,0.955,153.07,135.79,48580.44,99.538,0.6502776507480238,,,,0,0.5,0,0,0,0,0,0,0,0
2025-10-10,0.52,0.63125,0.67875,0.7325,0.77875,0.83375,0.8925,0.935,151.18,135.9,48088.8,98.978,0.6547030030427304,,,,0,0.5,0,0,0,0,0,0,0,0
2025-10-14,0.5025,0.59875,0.655,0.69625,0.7425,0.78625,0.84625,0.8925,151.84,136.33,46847.32,99.047,0.6523116438356164,,,,0,0.5,0,0,0,0,0,0,0,0
2025-10-15,0.51125,0.6125,0.66625,0.7075,0.765,0.82,0.875,0.905,151.05,136.34,47672.67,98.793,0.6540417080436941,,,,0,0.5,0,0,0,0,0,0,0,0
2025-10-16,0.5225,0.6275,0.6875,0.73,0.785,0.83375,0.88,0.96625,150.43,136.11,48277.74,98.336,0.6536993950674732,,,,0,0.5,0,0,0,0,0,0,0,0
2025-10-17,0.525,0.6225,0.675,0.71625,0.76625,0.8225,0.8675,0.935,150.63,136.47,47582.15,98.433,0.6534754033061144,,,,0,0.5,0,0,0,0,0,0,0,0
2025-10-20,0.54125,0.64125,0.69,0.7325,0.8,0.86625,0.91375,0.9875,150.75,135.93,49185.5,98.586,0.6539701492537313,,,,0,0.5,0,0,0,0,0,0,0,0
2025-10-21,0.51,0.6375,0.68625,0.7275,0.79375,0.85375,0.9025,0.97125,151.94,136.14,49316.06,98.934,0.6511386073450046,,,,0,0.5,0,0,0,0,0,0,0,0
2025-10-22,0.505,0.64125,0.68875,0.72875,0.78625,0.84875,0.9025,0.95125,151.99,136.16,49307.79,98.897,0.6506809658530166,,,,0,0.5,0,0,0,0,0,0,0,0
2025-10-23,0.50375,0.63875,0.69,0.7275,0.785,0.8425,0.8875,0.96875,152.59,136.1,48641.61,98.936,0.6483780064224393,,,,0,0.5,0,0,0,0,0,0,0,0
2025-10-24,0.505,0.6325,0.6925,0.73125,0.7825,0.8425,0.895,0.9475,152.87,136.14,49299.65,98.952,0.6472950873291031,,,,0,0.5,0,0,0,0,0,0,0,0
2025-10-27,0.5025,0.6275,0.69125,0.72875,0.78,0.84375,0.9025,0.96625,152.88,135.96,50512.32,98.783,0.6461473050758765,,,,0,0.5,0,0,0,0,0,0,0,0
2025-10-28,0.5075,0.635,0.695,0.72875,0.78,0.84375,0.9025,0.9525,152.11,136.22,50219.18,98.667,0.6486555781999868,,,,0,0.5,0,0,0,0,0,0,0,0
2025-10-29,0.5,0.64625,0.6975,0.73125,0.785,0.85125,0.915,0.97125,152.73,136.13,51307.65,99.22,0.6496431611340274,,,,0,0.5,0,0,0,0,0,0,0,0
2025-10-30,0.47875,0.6175,0.685,0.71875,0.76875,0.8325,0.89625,0.9525,154.13,136.21,51325.61,99.526,0.6457276325180042,,,,0,0.5,0,0,0,0,0,0,0,0
2025-10-31,0.62,0.68875,0.7175,0.76625,0.8275,0.89125,0.94875,0.96625,154.0,136.04,52411.34,99.804,0.6480779220779221,2025-10-31,0.5," ""MPM""",1,0.5,0,0,0,0,0,0,0,0
2025-11-04,0.6275,0.69375,0.7275,0.77125,0.83375,0.89875,0.95875,0.97625,153.68,135.87,51497.2,100.224,0.6521603331598126,,,,0,0.5,0,0,0,0,0,0,0,0
2025-11-05,0.62,0.68875,0.72125,0.76,0.82125,0.89,0.9425,0.96,154.12,136.1,50212.27,100.204,0.6501686997145081,,,,0,0.5,0,0,0,0,0,0,0,0
2025-11-06,0.625,0.69375,0.725,0.76375,0.825,0.89375,0.9475,0.965,153.06,135.89,50883.68,99.733,0.651594146086502,,,,0,0.5,0,0,0,0,0,0,0,0
2025-11-07,0.61875,0.68875,0.725,0.765,0.82625,0.895,0.94875,0.96625,153.43,135.86,50276.37,99.603,0.6491755197810075,,,,0,0.5,0,0,0,0,0,0,0,0
2025-11-10,0.6175,0.69,0.72125,0.76375,0.815,0.89125,0.96,0.9725,154.15,135.63,50911.76,99.589,0.6460525462212131,,,,0,0.5,0,0,0,0,0,0,0,0
2025-11-11,0.6075,0.685,0.71875,0.75875,0.81125,0.88,0.9425,0.96,154.16,135.8,50842.93,99.443,0.6450635703165543,,,,0,0.5,0,0,0,0,0,0,0,0
2025-11-12,0.5975,0.68,0.71625,0.75125,0.80375,0.87,0.92625,0.9475,154.79,135.86,51063.31,99.495,0.6427740810129854,,,,0,0.5,0,0,0,0,0,0,0,0
2025-11-13,0.5775,0.67375,0.7125,0.7475,0.8,0.8625,0.9175,0.94,154.56,135.84,51281.83,99.156,0.6415372670807453,,,,0,0.5,0,0,0,0,0,0,0,0
2025-11-14,0.57,0.66875,0.7075,0.74625,0.795,0.8575,0.91125,0.94,154.54,135.86,50376.53,99.299,0.6425456192571504,,,,0,0.5,0,0,0,0,0,0,0,0
2025-11-17,0.5625,0.66375,0.70625,0.745,0.78875,0.85375,0.91125,0.94,155.26,135.72,50323.91,99.588,0.6414272832667783,,,,0,0.5,0,0,0,0,0,0,0,0
2025-11-18,0.5475,0.65375,0.6975,0.73375,0.775,0.8375,0.895,0.9225,155.51,135.71,48702.98,99.55,0.6401517587293422,,,,0,0.5,0,0,0,0,0,0,0,0
2025-11-19,0.55625,0.665,0.705,0.7375,0.78375,0.8475,0.89875,0.92875,157.16,135.61,48537.7,100.228,0.6377449732756426,,,,0,0.5,0,0,0,0,0,0,0,0
2025-11-20,0.5875,0.68,0.71375,0.7575,0.815,0.87875,0.9325,0.96,157.48,134.96,49823.94,100.158,0.6360045720091441,,,,0,0.5,0,0,0,0,0,0,0,0
2025-11-21,0.575,0.67,0.71,0.745,0.80625,0.87625,0.92875,0.95625,156.4,135.24,48625.88,100.18,0.640537084398977,,,,0,0.5,0,0,0,0,0,0,0,0
2025-11-25,0.6075,0.6925,0.7225,0.76125,0.8125,0.8775,0.93,0.96625,156.06,135.0,48659.52,99.664,0.6386261694220172,,,,0,0.5,0,0,0,0,0,0,0,0
2025-11-26,0.625,0.695,0.7225,0.76625,0.82125,0.8875,0.94,0.9775,156.48,134.96,49559.07,99.595,0.6364711145194274,,,,0,0.5,0,0,0,0,0,0,0,0
2025-11-27,0.61375,0.6925,0.72,0.7625,0.81125,0.8775,0.925,0.95875,156.31,135.14,50167.1,99.595,0.6371633292815558,,,,0,0.5,0,0,0,0,0,0,0,0
2025-11-28,0.62375,0.69375,0.7225,0.76375,0.81125,0.8775,0.925,0.95875,156.18,135.13,50253.91,99.444,0.6367268536304265,,,,0,0.5,0,0,0,0,0,0,0,0
2025-12-01,0.67875,0.71,0.73625,0.7825,0.8275,0.91625,0.965,0.99875,155.44,134.43,49303.28,99.414,0.639565105506948,,,,0,0.5,0,0,0,0,0,0,0,0
2025-12-02,0.6775,0.70625,0.73125,0.7725,0.82375,0.8975,0.945,0.97875,155.87,134.7,49303.45,99.357,0.6374350420221979,,,,0,0.5,0,0,0,0,0,0,0,0
2025-12-03,0.6775,0.7075,0.73125,0.7725,0.825,0.8925,0.93875,0.98375,155.25,134.45,49864.68,98.854,0.6367407407407407,,,,0,0.5,0,0,0,0,0,0,0,0
2025-12-04,0.7,0.71875,0.74,0.78375,0.84625,0.905,0.9375,0.9825,155.09,134.11,51028.42,98.989,0.6382681023921594,,,,0,0.5,0,0,0,0,0,0,0,0
2025-12-05,0.7025,0.72,0.74625,0.79625,0.865,0.935,0.97125,1.01625,155.34,133.94,50491.87,98.992,0.6372602034247458,,,,0,0.5,0,0,0,0,0,0,0,0
2025-12-08,0.70125,0.7175,0.7425,0.79,0.85875,0.93125,0.99,1.03,155.93,133.84,50581.94,99.087,0.6354582184313474,,,,0,0.5,0,0,0,0,0,0,0,0
2025-12-09,0.6975,0.71625,0.745,0.79375,0.865,0.935,0.9875,1.04,156.88,133.96,50655.1,99.22,0.632457929627741,,,,0,0.5,0,0,0,0,0,0,0,0
2025-12-10,0.705,0.7175,0.7425,0.78875,0.85875,0.92625,0.9875,1.03125,156.03,133.96,50602.8,98.786,0.6331218355444466,,,,0,0.5,0,0,0,0,0,0,0,0
2025-12-11,0.70625,0.71625,0.7425,0.7875,0.8575,0.9175,0.955,1.00625,155.59,134.2,50148.82,98.346,0.632084324185359,,,,0,0.5,0,0,0,0,0,0,0,0
2025-12-12,0.71125,0.72125,0.7425,0.7875,0.86,0.92,0.96875,1.01875,155.82,134.05,50836.55,98.399,0.6314914645103324,,,,0,0.5,0,0,0,0,0,0,0,0
2025-12-15,0.71625,0.72375,0.74625,0.7925,0.865,0.92,0.96875,1.01875,155.22,134.07,50168.11,98.309,0.6333526607395954,,,,0,0.5,0,0,0,0,0,0,0,0
2025-12-16,0.71625,0.72125,0.745,0.7925,0.865,0.92,0.96875,1.01875,154.72,133.43,49383.29,98.146,0.6343459152016546,,,,0,0.5,0,0,0,0,0,0,0,0
2025-12-17,0.71875,0.7225,0.745,0.8025,0.8775,0.93,0.98375,1.03125,155.69,133.23,49512.28,98.368,0.6318196415954782,,,,0,0.5,0,0,0,0,0,0,0,0
2025-12-18,0.72,0.725,0.745,0.80375,0.87375,0.935,0.99,1.03125,155.56,133.34,49001.5,98.427,0.6327269220879403,,,,0,0.5,0,0,0,0,0,0,0,0
2025-12-19,0.72625,0.72875,0.7575,0.81875,0.88625,0.95,1.0125,1.05625,157.76,132.85,49507.21,98.599,0.6249936612576066,2025-12-19,0.75," ""MPM (Hike to 0.75%)""",1,0.75,0,0,0,0,0,0,0,0
2025-12-22,0.72875,0.76,0.82375,0.8875,0.94375,1.01125,1.0675,1.12625,157.06,132.4,50402.39,98.286,0.6257863236979498,,,,0,0.75,0,0,0,0,0,0,0,0
2025-12-23,0.7275,0.7525,0.80875,0.87,0.92625,0.97125,1.0375,1.1075,156.22,132.85,50412.87,97.942,0.6269491742414544,,,,0,0.75,0,0,0,0,0,0,0,0
2025-12-24,0.72875,0.75625,0.825,0.885,0.9425,0.98625,1.04625,1.11125,155.94,132.8,50344.1,97.941,0.6280684878799538,,,,0,0.75,0,0,0,0,0,0,0,0
2025-12-25,0.72875,0.7575,0.825,0.89375,0.95,1.0075,1.0675,1.12625,155.8,132.68,50407.79,105.87060125300879,0.6825635785197636,,,,0,0.75,0,0,0,0,0,0,0,0
2025-12-26,0.72875,0.75875,0.82625,0.89875,0.95,1.0075,1.07,1.12625,156.56,132.7,50750.39,98.022,0.6260986203372509,,,,0,0.75,0,0,0,0,0,0,0,0
2025-12-29,0.72875,0.75875,0.82625,0.89125,0.9525,1.01,1.075,1.135,156.06,132.61,50526.92,98.037,0.6282006920415225,,,,0,0.75,0,0,0,0,0,0,0,0
2025-12-30,0.7275,0.76125,0.835,0.90125,0.9625,1.03,1.095,1.155,156.41,132.41,50339.48,98.238,0.6280800460328624,,,,0,0.75,0,0,0,0,0,0,0,0
2026-01-05,0.7275,0.76375,0.84125,0.9075,0.965,1.0375,1.12,1.18,156.4,132.01,51832.8,98.27,0.6283248081841432,,,,0,0.75,0,0,0,0,0,0,0,0
2026-01-06,0.7275,0.7625,0.84125,0.9075,0.96375,1.0375,1.12,1.18,156.64,132.0,52518.08,98.58,0.6293411644535241,,,,0,0.75,0,0,0,0,0,0,0,0
2026-01-07,0.7275,0.7525,0.8275,0.8925,0.9525,1.01125,1.09,1.15,156.77,132.11,51961.98,98.684,0.6294826816355169,,,,0,0.75,0,0,0,0,0,0,0,0
2026-01-08,0.72875,0.74625,0.81625,0.88125,0.94125,1.00375,1.06875,1.1275,156.88,132.67,51117.26,98.934,0.630634880163182,,,,0,0.75,0,0,0,0,0,0,0,0
2026-01-09,0.7275,0.74875,0.82125,0.8875,0.9525,1.01375,1.0775,1.135,157.88,132.48,51939.89,99.133,0.627900937420826,,,,0,0.75,0,0,0,0,0,0,0,0
2026-01-13,0.7275,0.75,0.82375,0.89125,0.95875,1.02625,1.095,1.16,159.13,131.97,53549.16,99.134,0.6229749261610005,,,,0,0.75,0,0,0,0,0,0,0,0
2026-01-14,0.73,0.765,0.845,0.9175,0.98,1.04375,1.10875,1.165,158.45,131.86,54341.23,99.133,0.6256421584095929,,,,0,0.75,0,0,0,0,0,0,0,0
2026-01-15,0.73,0.7725,0.8575,0.9275,0.98,1.0475,1.1125,1.17375,158.65,132.04,54110.5,99.321,0.6260384494169555,,,,0,0.75,0,0,0,0,0,0,0,0
2026-01-16,0.73,0.7875,0.8825,0.94375,0.99875,1.065,1.13,1.19125,158.12,131.91,53936.17,99.393,0.628592208449279,,,,0,0.75,0,0,0,0,0,0,0,0
2026-01-19,0.73,0.7775,0.88,0.9475,1.0025,1.07625,1.1425,1.205,158.12,131.34,53583.57,99.393,0.628592208449279,,,,0,0.75,0,0,0,0,0,0,0,0
2026-01-20,0.73,0.775,0.8825,0.9575,1.0125,1.1,1.16875,1.2325,158.16,131.04,52991.1,98.641,0.6236785533636824,,,,0,0.75,0,0,0,0,0,0,0,0
2026-01-21,0.735,0.795,0.89625,0.9625,1.02375,1.11,1.17,1.23,158.27,131.33,52774.64,98.761,0.6240032855247362,,,,0,0.75,0,0,0,0,0,0,0,0
2026-01-22,0.7325,0.7825,0.89375,0.96,1.02,1.105,1.1625,1.2225,158.41,131.6,53688.89,98.359,0.6209140837068367,,,,0,0.75,0,0,0,0,0,0,0,0
2026-01-23,0.72875,0.7725,0.90125,0.97125,1.04,1.1225,1.185,1.2425,155.72,131.36,53846.87,97.599,0.6267595684562035,2026-01-23,0.75," ""MPM""",1,0.75,0,0,0,0,0,0,0,0
2026-01-26,0.7975,0.92125,0.99125,1.055,1.1475,1.21875,1.28375,1.3475,154.17,131.55,52885.25,97.04,0.6294350392423949,,,,0,0.75,0,0,0,0,0,0,0,0
2026-01-27,0.78875,0.9125,0.98875,1.05875,1.14875,1.22375,1.2975,1.37125,152.19,131.23,53333.54,96.217,0.6322163085616663,,,,0,0.75,0,0,0,0,0,0,0,0
2026-01-28,0.78,0.8975,0.9725,1.04125,1.1075,1.1875,1.26625,1.34,153.41,131.72,53358.71,96.446,0.628681311518154,,,,0,0.75,0,0,0,0,0,0,0,0
2026-01-29,0.77625,0.8975,0.97,1.0375,1.1,1.18125,1.25625,1.3175,153.12,131.52,53375.6,96.283,0.6288074712643678,,,,0,0.75,0,0,0,0,0,0,0,0
2026-01-30,0.76875,0.89,0.96375,1.03,1.1,1.19,1.255,1.31,154.78,131.61,53322.85,96.991,0.6266378085023905,,,,0,0.75,0,0,0,0,0,0,0,0
2026-02-02,0.785,0.90625,0.97625,1.04,1.11,1.19,1.2575,1.3125,155.62,131.79,52655.18,97.632,0.6273743734738466,,,,0,0.75,0,0,0,0,0,0,0,0
2026-02-03,0.795,0.91875,0.9925,1.0575,1.13375,1.2125,1.2875,1.34375,155.75,131.49,54720.66,97.437,0.6255987158908507,,,,0,0.75,0,0,0,0,0,0,0,0
2026-02-04,0.7925,0.91625,0.98875,1.055,1.1275,1.2025,1.27,1.325,156.87,131.57,54293.36,97.616,0.6222732198635813,,,,0,0.75,0,0,0,0,0,0,0,0
2026-02-05,0.7975,0.91875,0.99125,1.0575,1.1375,1.21625,1.2875,1.3475,157.04,131.65,53818.04,97.824,0.6229240957717779,,,,0,0.75,0,0,0,0,0,0,0,0
2026-02-06,0.79625,0.92,0.9925,1.06,1.13625,1.21875,1.28875,1.35375,157.22,131.59,54253.68,97.633,0.6209960564813637,,,,0,0.75,0,0,0,0,0,0,0,0
2026-02-09,0.8,0.92375,0.9975,1.0725,1.155,1.24125,1.32125,1.38625,155.88,131.06,56363.94,96.816,0.6210931485758276,,,,0,0.75,0,0,0,0,0,0,0,0
2026-02-10,0.79,0.92,0.99625,1.07625,1.15625,1.235,1.31875,1.3825,154.38,131.53,57650.54,96.799,0.627017748413007,,,,0,0.75,0,0,0,0,0,0,0,0
2026-02-12,0.79625,0.92375,0.99625,1.07375,1.1575,1.23875,1.3275,1.3925,152.75,131.55,57639.84,96.925,0.6345335515548282,,,,0,0.75,0,0,0,0,0,0,0,0
2026-02-13,0.7825,0.9125,0.98625,1.06,1.1375,1.2175,1.305,1.37,152.71,131.8,56941.97,96.915,0.6346342741143344,,,,0,0.75,0,0,0,0,0,0,0,0
2026-02-16,0.77375,0.8975,0.975,1.0475,1.115,1.1775,1.24875,1.3075,153.51,131.93,56806.41,96.915,0.631326949384405,,,,0,0.75,0,0,0,0,0,0,0,0
2026-02-17,0.76125,0.885,0.96,1.03,1.1,1.16625,1.24375,1.30375,153.29,132.59,56566.49,97.155,0.6337986822362842,,,,0,0.75,0,0,0,0,0,0,0,0
2026-02-18,0.75875,0.88875,0.9625,1.02875,1.0975,1.16125,1.24625,1.30375,154.84,132.48,57143.84,97.703,0.630993283389305,,,,0,0.75,0,0,0,0,0,0,0,0
2026-02-19,0.76,0.89875,0.975,1.0425,1.11,1.17375,1.25625,1.315,155.0,132.41,57467.83,97.925,0.631774193548387,,,,0,0.75,0,0,0,0,0,0,0,0
2026-02-20,0.75875,0.905,0.97375,1.0375,1.1025,1.1675,1.2525,1.31,155.07,132.67,56825.7,97.796,0.6306571225897982,,,,0,0.75,0,0,0,0,0,0,0,0
2026-02-24,0.75625,0.9025,0.9725,1.0375,1.1025,1.1675,1.2525,1.31,154.74,132.64,54416.36832244595,97.559,0.6304704665891172,,,,0,0.75,0,0,0,0,0,0,0,0
