日付,M1,M2,M3,M4,M5,M6,M7,M8,USDJPY,JGB_Future,Nikkei225,DXY,JPY_Effective,Date,Policy_Rate,Event,Is_Meeting_Day,Actual_Policy_Rate,M1_is_imputed,M2_is_imputed,M3_is_imputed,M4_is_imputed,M5_is_imputed,M6_is_imputed,M7_is_imputed,M8_is_imputed,M1_spread,M1_frac_diff,M2_spread,M2_frac_diff,M3_spread,M3_frac_diff,M4_spread,M4_frac_diff,M5_spread,M5_frac_diff,M6_spread,M6_frac_diff,M7_spread,M7_frac_diff,M8_spread,M8_frac_diff,USDJPY_ma_dev,USDJPY_frac_diff,DXY_ma_dev,DXY_frac_diff,JPY_Effective_ma_dev,JPY_Effective_frac_diff,JGB_Future_ma_dev,JGB_Future_frac_diff,Nikkei225_ma_dev,Nikkei225_frac_diff,Slope_M8_M1
2023-02-24,-0.00625,0.0125,0.04375,0.08,0.11375,0.14125,0.1747281380869006,0.1943310597085228,136.47,146.6,27453.48,105.214,0.7709679783102513,,,,0,-0.0832357179564899,0,0,0,0,0,0,1,1,0.0769857179564899,,0.0957357179564899,,0.12698571795648989,,0.1632357179564899,,0.1969857179564899,,0.2244857179564899,,0.2579638560433905,,0.2775667776650127,,,,,,,,,,,,0.2005810597085228
2023-02-27,-0.00625,0.015,0.03875,0.0775,0.1225,0.15,0.1844491212753889,0.2041227409526231,136.22,146.46,27423.96,104.673,0.7684113933343122,,,,0,-0.10259464258188,0,0,0,0,0,0,1,1,0.09634464258188,,0.11759464258188,,0.14134464258188,,0.18009464258188002,,0.22509464258188,,0.25259464258188,,0.28704376385726893,,0.30671738353450306,,,,,,,,,,,,0.2103727409526231
2023-02-28,-0.00625,0.01625,0.04125,0.075,0.11125,0.13625,0.1693629591907296,0.1881921081404531,136.22,146.65,27445.56,104.869,0.7698502422551755,,,,0,-0.0930086009445574,0,0,0,0,0,0,1,1,0.0867586009445574,,0.1092586009445574,,0.1342586009445574,,0.16800860094455738,,0.2042586009445574,,0.2292586009445574,,0.262371560135287,,0.2812007090850105,,,,,,,,,,,,0.1944421081404531
2023-03-01,-0.0075,0.01375,0.04625,0.0725,0.1025,0.14125,0.1722724466515774,0.1870474666533106,136.19,146.69,27516.53,104.483,0.7671855495998238,,,,0,-0.0967275373546838,0,0,0,0,0,0,1,1,0.0892275373546838,,0.1104775373546838,,0.1429775373546838,,0.1692275373546838,,0.1992275373546838,,0.2379775373546838,,0.2689999840062612,,0.2837750040079944,,,,,,,,,,,,0.1945474666533106
2023-03-02,-0.0075,0.015,0.04125,0.075,0.10875,0.13625,0.1688321323287026,0.1877316132516833,136.78,146.63,27498.87,105.027,0.767853487351952,,,,0,-0.0919943250321724,0,0,0,0,0,0,1,1,0.08449432503217241,,0.1069943250321724,,0.1332443250321724,,0.1669943250321724,,0.2007443250321724,,0.2282443250321724,,0.260826457360875,,0.2797259382838557,,,,,,,,,,,,0.1952316132516833
2023-03-03,-0.0075,0.0125,0.035,0.06875,0.1075,0.125,0.1575205985952619,0.1768470526639487,135.88,146.89,27927.47,104.521,0.7692154842508095,,,,0,-0.0915574140220787,0,0,0,0,0,0,1,1,0.0840574140220787,,0.1040574140220787,,0.1265574140220787,,0.1603074140220787,,0.19905741402207872,,0.2165574140220787,,0.2490780126173406,,0.2684044666860274,,,,,,,,,,,,0.1843470526639487
2023-03-06,-0.0075,0.0125,0.03375,0.06625,0.09625,0.12,0.151960647641809,0.1711219500573413,135.93,146.81,28237.78,104.35,0.7676745383653351,,,,0,-0.0948087612698942,0,0,0,0,0,0,1,1,0.0873087612698942,,0.10730876126989419,,0.12855876126989418,,0.1610587612698942,,0.19105876126989418,,0.21480876126989418,,0.24676940891170318,,0.2659307113272355,,,,,,,,,,,,0.1786219500573413
2023-03-07,-0.00875,0.0075,0.035,0.06375,0.09,0.10375,0.1363284489601817,0.1579327799186702,137.16,146.87,28309.16,105.615,0.77001312335958,,,,0,-0.0717912616966991,0,0,0,0,0,0,1,1,0.0630412616966991,,0.07929126169669909,,0.1067912616966991,,0.1355412616966991,,0.1617912616966991,,0.1755412616966991,,0.20811971065688079,,0.2297240416153693,,,,,,,,,,,,0.1666827799186702
2023-03-08,-0.00875,0.00625,0.0375,0.06,0.08375,0.11,0.1421095250027941,0.1602200159803744,137.35,146.79,28444.19,105.658,0.7692610120131053,,,,0,-0.0834061795669254,0,0,0,0,0,0,1,1,0.07465617956692541,,0.08965617956692541,,0.1209061795669254,,0.14340617956692542,,0.1671561795669254,,0.1934061795669254,,0.22551570456971953,,0.2436261955472998,,,,,,,,,,,,0.1689700159803744
2023-03-09,-0.00625,0.01125,0.03375,0.065,0.09375,0.1175,0.1531470624643862,0.1744274282818645,136.15,146.5,28623.15,105.309,0.7734777818582446,,,,0,-0.0955296185778062,0,0,0,0,0,0,1,1,0.0892796185778062,,0.1067796185778062,,0.1292796185778062,,0.1605296185778062,,0.1892796185778062,,0.2130296185778062,,0.2486766810421924,,0.2699570468596707,,,,,,,,,,,,0.1806774282818645
2023-03-10,-0.00625,0.005,0.02875,0.0525,0.0775,0.1075,0.1358083269117348,0.1463512822549995,135.0,147.49,28143.97,104.576,0.774637037037037,2023-03-10,-0.1," ""MPM""",1,-0.1,0,0,0,0,0,0,1,1,0.09375,,0.10500000000000001,,0.12875,,0.1525,,0.1775,,0.20750000000000002,,0.2358083269117348,,0.2463512822549995,,,,,,,,,,,,0.1526012822549995
2023-03-13,-0.00125,0.0175,0.0425,0.06625,0.07125,0.0906621720937153,0.1173603949844578,0.1283062974636817,133.21,147.79,27832.96,103.595,0.7776818557165377,,,,0,-0.1,0,0,0,0,0,1,1,1,0.09875,,0.11750000000000001,,0.14250000000000002,,0.16625,,0.17125,,0.1906621720937153,,0.2173603949844578,,0.2283062974636817,,,,,,,,,,,,0.1295562974636817
2023-03-14,-0.01125,0.00375,0.02,0.03,0.0375,0.0526385464288653,0.0752300346719518,0.0837382082244935,134.22,148.1,27222.04,103.597,0.7718447325286842,,,,0,-0.1,0,0,0,0,0,1,1,1,0.08875000000000001,,0.10375000000000001,,0.12000000000000001,,0.13,,0.1375,,0.15263854642886532,,0.1752300346719518,,0.1837382082244935,,,,,,,,,,,,0.0949882082244935
2023-03-15,-0.0125,0.01125,0.0375,0.07,0.09375,0.1166690361904926,0.1463241223892405,0.1578768678135111,133.41,147.72,27229.48,104.646,0.7843939734652575,,,,0,-0.1,0,0,0,0,0,1,1,1,0.08750000000000001,,0.11125,,0.1375,,0.17,,0.19375,,0.2166690361904926,,0.2463241223892405,,0.2578768678135111,,,,,,,,,,,,0.1703768678135111
2023-03-16,-0.01,0.00875,0.03125,0.06125,0.08125,0.0996777876168734,0.1235629263157781,0.1299058250717899,133.75,148.44,27010.61,104.418,0.7806953271028038,,,,0,-0.1,0,0,0,0,0,1,1,1,0.09000000000000001,,0.10875000000000001,,0.13125,,0.16125,,0.18125000000000002,,0.1996777876168734,,0.22356292631577812,,0.22990582507178992,,,,,,,,,,,,0.13990582507178992
2023-03-17,-0.0075,0.00875,0.04125,0.06,0.09,0.1091183718484735,0.1359758382362546,0.1408059696427508,131.81,148.27,27333.79,103.708,0.7867991806387983,,,,0,-0.1,0,0,0,0,0,1,1,1,0.0925,,0.10875000000000001,,0.14125000000000001,,0.16,,0.19,,0.2091183718484735,,0.2359758382362546,,0.2408059696427508,,,,,,,,,,,,0.1483059696427508
2023-03-20,-0.00625,0.01,0.0325,0.055,0.0575,0.0699257495885192,0.090676810281781,0.0935249316492177,131.32,148.99,26945.67,103.281,0.7864833993298813,,,,0,-0.1,0,0,0,0,0,1,1,1,0.09375,,0.11,,0.1325,,0.155,,0.1575,,0.1699257495885192,,0.19067681028178102,,0.1935249316492177,,,,,,,,,,,,0.0997749316492177
2023-03-22,-0.0075,0.01,0.0325,0.0575,0.08625,0.1046000441401143,0.1292043536376448,0.1359767586679539,131.46,148.28,27466.61,102.346,0.7785333941883462,,,,0,-0.1,0,0,0,0,0,1,1,1,0.0925,,0.11,,0.1325,,0.1575,,0.18625,,0.2046000441401143,,0.2292043536376448,,0.2359767586679539,,,,,,,,,,,,0.1434767586679539
2023-03-23,-0.0075,0.0075,0.0325,0.04625,0.08,0.0965034901945012,0.1208173216248468,0.1236661076729404,130.82,148.52,27419.61,102.532,0.7837639504662895,,,,0,-0.1,0,0,0,0,0,1,1,1,0.0925,,0.10750000000000001,,0.1325,,0.14625,,0.18,,0.1965034901945012,,0.2208173216248468,,0.2236661076729404,,,,,,,,,,,,0.1311661076729404
2023-03-24,-0.0075,0.01125,0.04,0.06125,0.0825,0.0986632996330404,0.1230865265096065,0.1262564301118376,130.71,148.7,27385.25,103.116,0.7888914390635758,,,,0,-0.1,0,0,0,0,0,1,1,1,0.0925,,0.11125,,0.14,,0.16125,,0.1825,,0.1986632996330404,,0.2230865265096065,,0.2262564301118376,,-0.0282001144955873,,-0.011130962142070142,,0.017423282345915492,,0.00841247935873916,,-0.00934241085980883,,0.1337564301118376
2023-03-27,-0.0075,0.00875,0.04125,0.0625,0.08625,0.103114317215933,0.1266115757282369,0.130327304364092,131.56,148.64,27476.87,102.857,0.7818257829127394,,,,0,-0.1,0,0,0,0,0,1,1,1,0.0925,,0.10875000000000001,,0.14125000000000001,,0.1625,,0.18625,,0.203114317215933,,0.2266115757282369,,0.23032730436409202,,-0.020091987412248782,,-0.012498697902290605,,0.007605311663535976,,0.007308817001724645,,-0.006070119865573482,,0.13782730436409202
2023-03-28,-0.01125,0.01,0.04,0.06875,0.085,0.1022754337309197,0.1267077073260476,0.1338081820744419,130.88,148.51,27518.25,102.43,0.782625305623472,,,,0,-0.1,0,0,0,0,0,1,1,1,0.08875000000000001,,0.11,,0.14,,0.16875,,0.185,,0.20227543373091972,,0.22670770732604761,,0.2338081820744419,,-0.0232143323593837,,-0.015538215051510604,,0.007712726342500214,,0.005729223101094208,,-0.004742997775249489,,0.1450581820744419
2023-03-29,-0.01125,0.01,0.0425,0.06125,0.08125,0.0980961634866299,0.1200166156161837,0.1249320698516991,132.86,148.62,27883.78,102.64,0.7725425259671834,,,,0,-0.1,0,0,0,0,0,1,1,1,0.08875000000000001,,0.11,,0.14250000000000002,,0.16125,,0.18125000000000002,,0.1980961634866299,,0.22001661561618369,,0.2249320698516991,,-0.007192363018177104,,-0.012462085769746029,,-0.005442303872871021,,0.005803231537095109,,0.007678641214641634,,0.13618206985169912
2023-03-30,-0.0125,0.0075,0.03625,0.05625,0.08,0.0978995538233394,0.1208898612745399,0.1283924353078793,132.66,148.31,27782.93,102.144,0.769968340117594,,,,0,-0.1,0,0,0,0,0,1,1,1,0.08750000000000001,,0.10750000000000001,,0.13625,,0.15625,,0.18,,0.1978995538233394,,0.2208898612745399,,0.2283924353078793,,-0.007377699295153003,,-0.01612721456621798,,-0.008933791092250804,,0.0031553636108452273,,0.00355099665077618,,0.14089243530787932
2023-03-31,-0.015,0.00375,0.04,0.0575,0.08625,0.1059407012755689,0.131275742570587,0.1396090941472227,132.81,148.12,28041.48,102.506,0.7718244108124388,,,,0,-0.1,0,0,0,0,0,1,1,1,0.085,,0.10375000000000001,,0.14,,0.1575,,0.18625,,0.2059407012755689,,0.231275742570587,,0.2396090941472227,,-0.004777159557129124,,-0.011440102804211377,,-0.0067985678254226635,,0.001365621492989539,,0.011898471596121701,,0.15460909414722268
2023-04-03,-0.015,0.0025,0.04,0.065,0.08375,0.104849939256144,0.1323076232904467,0.1459006566796545,132.42,147.71,28188.15,102.093,0.7709787041232443,,,,0,-0.1,0,0,0,0,0,1,1,1,0.085,,0.10250000000000001,,0.14,,0.165,,0.18375000000000002,,0.204849939256144,,0.2323076232904467,,0.2459006566796545,,-0.006411579109281983,,-0.014268976261177634,,-0.007999382762209085,,-0.0016828986408396597,,0.016712969097165208,,0.16090065667965447
2023-04-04,-0.01625,0.0025,0.03875,0.06,0.07875,0.100044914739664,0.1288371030281149,0.1440289201650535,131.71,147.48,28287.42,101.586,0.7712853997418571,,,,0,-0.1,0,0,0,0,0,1,1,1,0.08375,,0.10250000000000001,,0.13875,,0.16,,0.17875000000000002,,0.20004491473966401,,0.2288371030281149,,0.2440289201650535,,-0.010171835251590381,,-0.01785364679334824,,-0.00783524503720917,,-0.003463013328378242,,0.0202021883259074,,0.16027892016505352
2023-04-05,-0.01625,0.005,0.03875,0.06125,0.075,0.0955675112470273,0.1244844889016028,0.1395356881415799,131.32,147.51,27813.26,101.852,0.7756015839171491,,,,0,-0.1,0,0,0,0,0,1,1,1,0.08375,,0.10500000000000001,,0.13875,,0.16125,,0.175,,0.19556751124702731,,0.2244844889016028,,0.2395356881415799,,-0.010932316046742035,,-0.013487401265926846,,-0.002641493869258155,,-0.0034757759695187387,,0.0039991555266715925,,0.1557856881415799
2023-04-06,-0.00875,0.0025,0.035,0.07125,0.06625,0.0851177606308477,0.1113405261524447,0.1280425229908774,131.78,147.66,27472.63,101.822,0.7726665654879344,,,,0,-0.1,0,0,0,0,0,1,1,1,0.09125,,0.10250000000000001,,0.135,,0.17125,,0.16625,,0.1851177606308477,,0.2113405261524447,,0.2280425229908774,,-0.005381416376714195,,-0.011942433337505944,,-0.006633191469738813,,-0.002755490720479884,,-0.0065547908069588726,,0.1367925229908774
2023-04-07,-0.01,0.00125,0.035,0.0725,0.07625,0.0964298052197263,0.1231747962932635,0.1393013701117926,132.15,147.66,27518.31,102.092,0.7725463488460083,,,,0,-0.1,0,0,0,0,0,1,1,1,0.09000000000000001,,0.10125,,0.135,,0.1725,,0.17625000000000002,,0.1964298052197263,,0.2231747962932635,,0.23930137011179262,,-0.001080933987436982,,-0.007773696361762436,,-0.006728274862296399,,-0.0031459703225632783,,-0.0029111384002844707,,0.14930137011179262
2023-04-10,-0.0075,0.0,0.03625,0.0725,0.0725,0.0930140876337625,0.1191240123050773,0.1357442986628501,133.62,147.57,27633.66,102.578,0.7676844783715012,,,,0,-0.1,0,0,0,0,0,1,1,1,0.0925,,0.1,,0.13625,,0.1725,,0.1725,,0.1930140876337625,,0.2191240123050773,,0.2357442986628501,,0.010557841239109505,,-0.002081388669054308,,-0.012537892213473973,,-0.00378046310673059,,0.002194962357929694,,0.1432442986628501
2023-04-11,-0.01,-0.00375,0.01875,0.0425,0.05875,0.0771629872316247,0.1011451977787994,0.1139995952272303,133.66,147.81,27923.37,102.204,0.7646565913511896,,,,0,-0.1,0,0,0,0,0,1,1,1,0.09000000000000001,,0.09625,,0.11875000000000001,,0.14250000000000002,,0.15875,,0.1771629872316247,,0.2011451977787994,,0.2139995952272303,,0.01068837360535039,,-0.005046611060489514,,-0.015607986081617167,,-0.002167000830346099,,0.012535926500068933,,0.1239995952272303
2023-04-12,-0.01,-0.00375,0.015,0.0325,0.0475,0.0649829222526224,0.0888895737229854,0.1024854511439121,133.13,147.68,28082.7,101.5,0.7624126793359874,,,,0,-0.1,0,0,0,0,0,1,1,1,0.09000000000000001,,0.09625,,0.115,,0.1325,,0.14750000000000002,,0.1649829222526224,,0.1888895737229854,,0.2024854511439121,,0.00709573953038018,,-0.010890437356962901,,-0.017900462652522216,,-0.002903247586253315,,0.01672689838340954,,0.11248545114391209
2023-04-13,-0.00875,-0.00375,0.01125,0.03375,0.045,0.0620773675605373,0.0856568943412556,0.1004950585250676,132.57,147.68,28156.97,101.011,0.7619446330240628,,,,0,-0.1,0,0,0,0,0,1,1,1,0.09125,,0.09625,,0.11125,,0.13375,,0.14500000000000002,,0.1620773675605373,,0.1856568943412556,,0.2004950585250676,,0.003178206583427828,,-0.0139091997133815,,-0.017082171790292047,,-0.0028897831312285445,,0.017707117914129468,,0.1092450585250676
2023-04-14,-0.00875,-0.00625,0.0175,0.0425,0.05875,0.0777457099217523,0.1016843405050937,0.1163458693357082,133.78,147.68,28493.47,101.552,0.7590970249663628,,,,0,-0.1,0,0,0,0,0,1,1,1,0.09125,,0.09375,,0.11750000000000001,,0.14250000000000002,,0.15875,,0.17774570992175232,,0.2016843405050937,,0.2163458693357082,,0.012322977794425356,,-0.007239044895764569,,-0.019389528782785156,,-0.002633889376646089,,0.027117095004763708,,0.1250958693357082
2023-04-17,-0.00875,-0.00625,0.0175,0.04125,0.05875,0.0794607550437319,0.1054059474470917,0.1219099048172227,134.48,147.35,28514.78,102.103,0.759243010113028,,,,0,-0.1,0,0,0,0,0,1,1,1,0.09125,,0.09375,,0.11750000000000001,,0.14125000000000001,,0.15875,,0.1794607550437319,,0.2054059474470917,,0.22190990481722273,,0.01659296216502244,,-0.0010688542713813947,,-0.0174521367032523,,-0.00455331567853866,,0.025701973238846057,,0.1306599048172227
2023-04-18,-0.00875,-0.00625,0.01625,0.04125,0.0575,0.0776266985686472,0.1029619210084178,0.1194083897431785,134.11,147.44,28658.83,101.745,0.7586682574006413,,,,0,-0.1,0,0,0,0,0,1,1,1,0.09125,,0.09375,,0.11625,,0.14125000000000001,,0.1575,,0.1776266985686472,,0.2029619210084178,,0.2194083897431785,,0.012728007279619851,,-0.0038228646371069133,,-0.016425696051744782,,-0.0034235348588847214,,0.027716983947793098,,0.1281583897431785
2023-04-19,-0.00875,-0.0075,0.01625,0.04625,0.05375,0.0738211355775505,0.098738310417151,0.1168845208171371,134.71,147.41,28606.76,101.968,0.7569445475465816,,,,0,-0.1,0,0,0,0,0,1,1,1,0.09125,,0.0925,,0.11625,,0.14625,,0.15375,,0.17382113557755052,,0.198738310417151,,0.2168845208171371,,0.016012127885841138,,-0.0014547103285412616,,-0.017285145244142125,,-0.0033332657214527315,,0.023756855223884207,,0.1256345208171371
2023-04-20,-0.00875,-0.0075,0.01375,0.04,0.04125,0.059671235389796,0.0841541820906862,0.1020119324965922,134.24,147.48,28657.57,101.84,0.7586412395709178,,,,0,-0.1,0,0,0,0,0,1,1,1,0.09125,,0.0925,,0.11375,,0.14,,0.14125000000000001,,0.159671235389796,,0.1841541820906862,,0.20201193249659222,,0.011163169074556707,,-0.002370154566992527,,-0.013473564268206725,,-0.002509282994365821,,0.0233084145294691,,0.11076193249659219
2023-04-21,-0.00875,-0.0075,0.0075,0.03625,0.04375,0.0615692041692207,0.0847272395089565,0.1007547561137178,134.16,147.71,28564.37,101.822,0.7589594514013119,,,,0,-0.1,0,0,0,0,0,1,1,1,0.09125,,0.0925,,0.10750000000000001,,0.13625,,0.14375,,0.16156920416922071,,0.1847272395089565,,0.2007547561137178,,0.009249194127758502,,-0.0019138920133606391,,-0.011135280202370595,,-0.0006190735547336662,,0.0178376553577354,,0.1095047561137178
2023-04-24,-0.00875,-0.00875,0.00625,0.02875,0.0375,0.0541471820609096,0.075884162773988,0.0908737433512536,134.24,147.77,28593.52,101.348,0.7549761620977353,,,,0,-0.1,0,0,0,0,0,1,1,1,0.09125,,0.09125,,0.10625000000000001,,0.12875,,0.1375,,0.1541471820609096,,0.175884162773988,,0.19087374335125362,,0.008834061676855957,,-0.005824892242436387,,-0.014601586859236007,,8.121387674460184e-05,,0.016853345105900308,,0.0996237433512536
2023-04-25,-0.0075,-0.00875,0.00625,0.02875,0.0425,0.0599745149211109,0.0836388587610063,0.0978268594969504,133.72,147.74,28620.07,101.863,0.7617633861800778,,,,0,-0.1,0,0,0,0,0,1,1,1,0.0925,,0.09125,,0.10625000000000001,,0.12875,,0.14250000000000002,,0.15997451492111092,,0.1836388587610063,,0.1978268594969504,,0.003854916989786485,,-0.0004950278888605762,,-0.0043873897781363785,,0.00013877653255004813,,0.015807390186547206,,0.10532685949695039
2023-04-26,-0.00875,-0.01,0.00875,0.025,0.04375,0.0596764688924666,0.0810265542210532,0.0919486315616739,133.66,148.04,28416.47,101.467,0.7591426006284603,,,,0,-0.1,0,0,0,0,0,1,1,1,0.09125,,0.09000000000000001,,0.10875000000000001,,0.125,,0.14375,,0.15967646889246662,,0.1810265542210532,,0.1919486315616739,,0.0031032710052421573,,-0.003807380702725827,,-0.006943120208492665,,0.002366435214181049,,0.007628503841094686,,0.10069863156167391
2023-04-27,-0.0175,-0.0075,0.0075,0.025,0.04875,0.0655663715570339,0.087077886426692,0.098726175869755,133.96,148.06,28457.68,101.503,0.7577112570916691,,,,0,-0.1,0,0,0,0,0,1,1,1,0.0825,,0.0925,,0.10750000000000001,,0.125,,0.14875,,0.1655663715570339,,0.18707788642669199,,0.198726175869755,,0.004864546569500852,,-0.0031402608945446777,,-0.008020240139589381,,0.002586708920760066,,0.007884041810622583,,0.116226175869755
2023-04-28,-0.0225,-0.00875,-0.00125,0.01875,0.03875,0.0531750729284872,0.0690542144009526,0.0789409845214057,136.29,148.6,28856.44,101.659,0.7459021204783918,2023-04-28,-0.1," ""MPM""",1,-0.1,0,0,0,0,0,1,1,1,0.07750000000000001,,0.09125,,0.09875,,0.11875000000000001,,0.13875,,0.1531750729284872,,0.16905421440095258,,0.17894098452140572,,0.021009772597023572,,-0.001192764029223644,,-0.021820695560812182,,0.006079809345844987,,0.02053409836386188,,0.10144098452140571
2023-05-01,-0.01,-0.0025,0.01625,0.03875,0.0601473332860111,0.0781403217071143,0.0942812182722417,0.1023055476920657,137.5,148.52,29123.18,102.151,0.7429163636363636,,,,0,-0.1,0,0,0,0,1,1,1,1,0.09000000000000001,,0.0975,,0.11625,,0.13875,,0.1601473332860111,,0.1781403217071143,,0.1942812182722417,,0.2023055476920657,,0.028118095252337626,,0.0036125769158593304,,-0.02394022764943381,,0.005262534477215449,,0.028267452960576842,,0.11230554769206569
2023-05-02,-0.015,0.0,0.01625,0.03125,0.0506391503528161,0.067791747973854,0.0851295271379301,0.0935002774518047,136.56,148.45,29157.95,101.958,0.7466168717047451,,,,0,-0.1,0,0,0,0,1,1,1,1,0.085,,0.1,,0.11625,,0.13125,,0.1506391503528161,,0.167791747973854,,0.1851295271379301,,0.1935002774518047,,0.019241390634562875,,0.0015333702023242691,,-0.01748625311445086,,0.004458999533124425,,0.027915381880402712,,0.1085002774518047
2023-05-08,-0.015,0.0,0.01625,0.03,0.0459915683096255,0.0611770091261046,0.0777905879368429,0.0848697178225339,135.09,148.66,28949.88,101.377,0.7504404471093344,,,,0,-0.1,0,0,0,0,1,1,1,1,0.085,,0.1,,0.11625,,0.13,,0.1459915683096255,,0.1611770091261046,,0.1777905879368429,,0.18486971782253392,,0.00685322034277281,,-0.003941415716438167,,-0.01081696485086539,,0.0054887266357115235,,0.018539590771613167,,0.0998697178225339
2023-05-09,-0.01625,-0.00125,0.01375,0.03375,0.0509985851203315,0.0679597644032382,0.0864365728668021,0.0960388406134027,135.23,148.46,29242.82,101.605,0.751349552614065,,,,0,-0.1,0,0,0,0,1,1,1,1,0.08375,,0.09875,,0.11375,,0.13375,,0.1509985851203315,,0.1679597644032382,,0.1864365728668021,,0.1960388406134027,,0.0066025025494441236,,-0.0015948148373790194,,-0.008225258795421084,,0.0038643978402648927,,0.02565215927361078,,0.1122888406134027
2023-05-10,-0.02125,-0.01375,0.01,0.0275,0.0434205622427359,0.0591120147806313,0.0780241125887577,0.0875042748673329,134.35,148.58,29122.18,101.477,0.7553181987346483,,,,0,-0.1,0,0,0,0,1,1,1,1,0.07875,-0.008854711171169895,0.08625000000000001,-0.01237629233701762,0.11,-0.003114936955650306,0.1275,-0.0025646693540967366,0.14342056224273592,-0.0014189894034515732,0.1591120147806313,-0.0003877530272359958,0.17802411258875772,0.001912353740815012,0.1875042748673329,0.00279512413967066,-0.0007660669527642271,18.34513722943072,-0.0025511971852789405,14.091053374081781,-0.0018517363930989693,0.10835813632359192,0.0043634175935971554,21.198058714014934,0.018556005203410435,4274.419488856063,0.10875427486733291
2023-05-11,-0.0225,-0.015,0.0025,0.02875,0.0438971521405514,0.0589503378499439,0.0769841111961561,0.085854547408019,134.56,148.86,29126.72,102.058,0.7584571938168847,,,,0,-0.1,0,0,0,0,1,1,1,1,0.07750000000000001,-0.007845622822153363,0.085,-0.008677256011607234,0.10250000000000001,-0.008958965670315346,0.12875,0.00097465351356971,0.1438971521405514,0.0019052262582931467,0.1589503378499439,0.0027358296991735684,0.1769841111961561,0.003932066016713295,0.185854547408019,0.004165648389568052,0.00044609665427510983,18.932280497700063,0.0034160664749134594,14.733716827824864,0.0029078887704442635,0.1098529826711736,0.005817606875722258,21.42646500884922,0.016061846727164868,4283.8926228505625,0.108354547408019
2023-05-12,-0.02375,-0.01375,-0.00125,0.02125,0.037437782620741,0.0520896788752102,0.0692122528302612,0.0769282131592303,135.72,148.96,29388.3,102.681,0.7565649867374005,,,,0,-0.1,0,0,0,0,1,1,1,1,0.07625000000000001,-0.007828677327917106,0.08625000000000001,-0.005480132426166332,0.09875,-0.009182291710618014,0.12125000000000001,-0.006315517647769966,0.13743778262074102,-0.0038388947859986644,0.15208967887521022,-0.003015494521056143,0.1692122528302612,-0.002409634813144698,0.1769282131592303,-0.003072634872340954,0.008298477745666813,20.12230310482377,0.009304620659285251,15.150325821197825,0.0009413034784004799,0.10626491429603013,0.0061024000972602225,21.391888996965747,0.02257402721192429,4530.686009284222,0.10067821315923031
2023-05-15,-0.0225,-0.01375,-0.00125,0.0225,0.0403759263828736,0.0565774107176517,0.0745078080605927,0.0842276435537845,136.12,148.7,29626.34,102.434,0.752527181898325,,,,0,-0.1,0,0,0,0,1,1,1,1,0.07750000000000001,-0.005484004217194811,0.08625000000000001,-0.005069787996551611,0.09875,-0.006479732966361804,0.1225,-0.0017959248824980893,0.1403759263828736,0.0021503933910641954,0.1565774107176517,0.004842586884756625,0.1745078080605927,0.006738484912345966,0.18422764355378451,0.00864432388990928,0.0101482347266285,20.090683643056934,0.0064147469422121415,14.602521582200794,-0.0037492657109061086,0.10242277828229307,0.004000472629677583,21.042237472445578,0.028095672945372026,4650.8249138738465,0.1067276435537845
2023-05-16,-0.0225,-0.01375,-0.005,0.02,0.0374729633606693,0.0530706893925961,0.0700923788420916,0.0791429109922203,136.38,148.85,29842.99,102.564,0.7520457545094589,,,,0,-0.1,0,0,0,0,1,1,1,1,0.07750000000000001,-0.005447509317809407,0.08625000000000001,-0.004650743526674883,0.095,-0.009080383629187071,0.12000000000000001,-0.003670703410321042,0.1374729633606693,-0.0008138364190259928,0.1530706893925961,0.0008198544561272836,0.1700923788420916,0.0016750271888146123,0.1791429109922203,0.002317510789759558,0.010648940663835718,20.072578571211523,0.0069238037969244475,14.73325192145029,-0.003733818085581757,0.10349479700453956,0.0046164437185319,21.25341247609913,0.032593110221453746,4729.247614124473,0.10164291099222031
2023-05-17,-0.02375,-0.015,-0.00625,0.01375,0.0320293345798387,0.0465061771038882,0.0610552541071009,0.0677278028087635,137.69,149.12,30093.59,102.882,0.7472002324061298,,,,0,-0.1,0,0,0,0,1,1,1,1,0.07625000000000001,-0.006483699727827516,0.085,-0.0055745544422723895,0.09375,-0.008110269804780272,0.11375,-0.008393252449389486,0.1320293345798387,-0.0047549442657814425,0.1465061771038882,-0.004083117484576695,0.16105525410710092,-0.005305859690836509,0.1677278028087635,-0.00687991525904412,0.018880629872315997,21.171014920443994,0.00938678099882035,14.977090508750848,-0.009372258765160516,0.09927857213499092,0.00594989139087147,21.46557639920914,0.038389536435257374,4837.584973529392,0.0914778028087635
2023-05-18,-0.0275,-0.01375,-0.0075,0.0125,0.0332865156845915,0.0497916928815296,0.0664266427700306,0.0752766305026368,138.72,148.86,30573.93,103.584,0.7467128027681661,,,,0,-0.1,0,0,0,0,1,1,1,1,0.07250000000000001,-0.009539210234370727,0.08625000000000001,-0.003567937544158342,0.0925,-0.007895792483134554,0.1125,-0.006442895569198505,0.1332865156845915,-0.0006535992340774774,0.1497916928815296,0.0025363995563406905,0.1664266427700306,0.0045453192984293705,0.1752766305026368,0.006152316811402603,0.024894625435443442,21.58121984759194,0.015536381132027356,15.518923283641286,-0.009195505416031525,0.10102008151874042,0.003684762344628162,21.074403130640576,0.05122925148534102,5156.864839352998,0.1027766305026368
2023-05-19,-0.02625,-0.01625,-0.00125,0.01125,0.0321391366051962,0.0490472663102092,0.0674862555648767,0.0768288173046192,137.97,148.65,30808.35,103.198,0.7479741972892657,,,,0,-0.1,0,0,0,0,1,1,1,1,0.07375000000000001,-0.006471916831964106,0.08375,-0.006207327807901319,0.09875,-0.0003567922544554234,0.11125,-0.005961207151294782,0.13213913660519622,-0.0011972481950026231,0.1490472663102092,0.001754180527090643,0.1674862555648767,0.0051362271720656605,0.1768288173046192,0.0066902164130100555,0.017902001940336528,20.200517158577753,0.011031924049653134,14.792774122133181,-0.006817121278013931,0.10324487929144577,0.0018601641797081057,20.91952049439088,0.05538930732659064,5130.016434231326,0.1030788173046192
2023-05-22,-0.02625,-0.01625,-0.00125,0.0125,0.0337143156054217,0.0503905793657113,0.0673732277689859,0.0758699473246513,138.6,148.82,31086.82,103.198,0.7445743145743146,,,,0,-0.1,0,0,0,0,1,1,1,1,0.07375000000000001,-0.006299036914430244,0.08375,-0.005105255125292196,0.09875,-0.002143908750704463,0.1125,-0.0032891691869253205,0.1337143156054217,0.0013839229013567558,0.15039057936571132,0.00378954609908963,0.1673732277689859,0.00498697143124241,0.1758699473246513,0.005427263301677768,0.021084736772311326,20.879700084797904,0.010423127780369674,14.829048561656634,-0.010518949325505652,0.09985144387514089,0.0025295649215699347,21.174204109128965,0.06042414448336188,5212.249233281065,0.1021199473246513
2023-05-23,-0.02625,-0.01625,-0.0025,0.0125,0.0343299399490008,0.0516825342285899,0.069864612103162,0.0792753121603127,138.59,148.68,30957.77,103.488,0.7467205426076917,,,,0,-0.1,0,0,0,0,1,1,1,1,0.07375000000000001,-0.006032580241592551,0.08375,-0.004686847757488694,0.0975,-0.003621046401514092,0.1125,-0.0029967492582429166,0.1343299399490008,0.0019367098639377286,0.1516825342285899,0.005010070936149719,0.169864612103162,0.007814155918498433,0.1792753121603127,0.00943848771499542,0.019377664015063984,20.55396933291709,0.012445721480572693,15.097544067107435,-0.006880146007132739,0.10355388656550935,0.001181782370231202,20.985476133301802,0.05189524930600413,4879.88080184608,0.10552531216031269
2023-05-24,-0.03125,-0.02,0.0,0.01375,0.0376525099360344,0.0558969494923082,0.0743399564439217,0.0842392894261472,139.47,148.61,30682.68,103.887,0.7448698644869864,,,,0,-0.1,0,0,0,0,1,1,1,1,0.06875,-0.010806658358040983,0.08,-0.008157882378943044,0.1,-0.0006088172380433205,0.11375,-0.0013140808028845544,0.1376525099360344,0.005262887942792498,0.1558969494923082,0.008933723994501763,0.1743399564439217,0.011632466149461729,0.1842392894261472,0.01346291049250356,0.023850948091703888,21.30007010423597,0.015323629703545172,15.359024802895576,-0.00841244398658069,0.10143995359190316,0.00040727165019061284,20.95700315590412,0.03880962544365628,4562.03918448426,0.1154892894261472
2023-05-25,-0.03375,-0.0225,-0.01,0.015,0.0402365214158917,0.0600519828307284,0.0794034479503684,0.0922957964987709,140.06,148.47,30801.13,104.251,0.7443310009995716,,,,0,-0.1,0,0,0,0,1,1,1,1,0.06625,-0.011117263779213044,0.07750000000000001,-0.008950886707843546,0.09000000000000001,-0.011381409082146954,0.115,-0.00019457824033293838,0.1402365214158917,0.006684815690142738,0.1600519828307284,0.011481913307721074,0.1794034479503684,0.014905169225356271,0.1922957964987709,0.019464684239197103,0.02599038912330053,21.44428567775965,0.01743778927772381,15.509862532894772,-0.00842720841882316,0.10176663912536132,-0.0007706052784778527,20.85321808415401,0.03893731810093488,4742.106094805753,0.1260457964987709
2023-05-26,-0.04125,-0.02875,-0.005,0.01375,0.039904880593188,0.0596208910524835,0.0784529390883219,0.0909064500933765,140.63,148.56,30916.31,104.206,0.7409940979876272,,,,0,-0.1,0,0,0,0,1,1,1,1,0.058750000000000004,-0.016849606288195276,0.07125000000000001,-0.013567582601174303,0.095,-0.002484633997447593,0.11375,-0.001758359502303998,0.139904880593188,0.005098432661747275,0.1596208910524835,0.009005251795133243,0.1784529390883219,0.01148672509541429,0.1909064500933765,0.014324211043793805,0.027565168149352275,21.59834359663708,0.015837179059751582,15.23619713735151,-0.011505027366263132,0.09902011314663095,-0.00044070499342316305,21.00995982724939,0.03879947354267333,4802.516891803029,0.1321564500933765
2023-05-29,-0.03875,-0.02875,-0.00625,0.015,0.0415534625835274,0.0620772088803726,0.0821277863706124,0.0956164134059018,140.45,148.44,31233.54,104.264,0.7423567105731578,,,,0,-0.1,0,0,0,0,1,1,1,1,0.061250000000000006,-0.010594270920448092,0.07125000000000001,-0.010385539669997824,0.09375,-0.004544741699168385,0.115,1.678404623946944e-05,0.1415534625835274,0.006491069244945399,0.1620772088803726,0.010959299617408644,0.1821277863706124,0.01472913707954833,0.1956164134059018,0.01837174996801888,0.023710430986100175,21.003544300327576,0.015018800881024946,15.216920806659417,-0.008577260372792961,0.10203904212783022,-0.0013824838289756547,20.875661191887446,0.0445151113136958,5042.6381639248575,0.1343664134059018
2023-05-30,-0.03875,-0.03125,-0.01375,0.00125,0.0257471544123312,0.0442639253077858,0.063938355417241,0.0763573547406415,139.81,148.54,31328.16,104.165,0.7450468492954725,,,,0,-0.1,0,0,0,0,1,1,1,1,0.061250000000000006,-0.010208531475541752,0.06875,-0.011687374373043409,0.08625000000000001,-0.011453258533262962,0.10125,-0.013945954123557846,0.1257471544123312,-0.010050078342448577,0.1442639253077858,-0.008058312810032109,0.163938355417241,-0.005153219188139574,0.17635735474064151,-0.003157926472359726,0.016877652475280003,20.24155402505761,0.012742776557335782,15.040808363285961,-0.004142393415426902,0.10483703162815905,-0.0008710596322718222,21.023674206190037,0.042674830694342476,4970.989697909972,0.11510735474064149
2023-05-31,-0.03875,-0.03125,-0.01375,0.00125,0.0249155634843868,0.0427941016529587,0.0625436817602115,0.0742049191722828,139.34,148.6,30887.88,104.326,0.7487153724702167,,,,0,-0.1,0,0,0,0,1,1,1,1,0.061250000000000006,-0.00966714196451935,0.06875,-0.009955988176486897,0.08625000000000001,-0.008145582016353018,0.10125,-0.00837233346811096,0.1249155634843868,-0.004780217440727021,0.1427941016529587,-0.0028256189825452555,0.1625436817602115,0.00015049113949484882,0.1742049191722828,0.0015741207222255,0.012336350823149966,19.917884637056574,0.012994755684416721,15.19421303168491,0.0005729698271538888,0.10768269160659116,-0.0004674798798679851,21.0594677939782,0.024557703341892775,4424.888020286573,0.11295491917228279
2023-06-01,-0.0425,-0.0375,-0.02125,-0.00125,0.0207282008217151,0.0378559933202966,0.0565122271960751,0.0693578082559607,138.79,148.74,31148.01,103.56,0.7461632682469919,,,,0,-0.1,0,0,0,0,1,1,1,1,0.0575,-0.012975652821810901,0.0625,-0.015381223040330856,0.07875,-0.01449351899704741,0.09875,-0.009106294323504774,0.1207282008217151,-0.006821869913922418,0.1378559933202966,-0.00525073050630389,0.1565122271960751,-0.0034321294728046348,0.1693578082559607,-0.0005473762519972447,0.007868183419083243,19.541883644577354,0.004869580911359311,14.339613190865279,-0.003053920681187135,0.10357273995242389,0.00040018697811760185,21.171955881814,0.02972823603474093,4804.968341833264,0.1118578082559607
2023-06-02,-0.04125,-0.03625,-0.025,-0.00375,0.0194420218786278,0.0366981631939987,0.0543789553497804,0.0667130756862077,139.96,148.82,31524.22,104.015,0.7431766218919691,,,,0,-0.1,0,0,0,0,1,1,1,1,0.058750000000000004,-0.009863510257438687,0.06375,-0.011061774526034317,0.07500000000000001,-0.01455843720681207,0.09625,-0.009605924716501395,0.1194420218786278,-0.005385772329094263,0.1366981631939987,-0.0032821526806420045,0.1543789553497804,-0.0020422896060647913,0.1667130756862077,-9.751539165202272e-05,0.015111349649867717,20.952974429471723,0.008278322234177498,15.05864847357519,-0.006816109454948401,0.10119704356542969,0.0008137243693634853,21.18857172342929,0.03810504539438596,5089.068291457952,0.1079630756862077
2023-06-05,-0.04125,-0.0375,-0.025,-0.00375,0.020024245015719,0.0386873249527267,0.0589623277902155,0.0734389470569116,139.56,148.58,32217.43,104.002,0.7452135282315849,,,,0,-0.1,0,0,0,0,1,1,1,1,0.058750000000000004,-0.009611260529728785,0.0625,-0.01162329401253212,0.07500000000000001,-0.011666485245714705,0.09625,-0.007610219436838719,0.12002424501571901,-0.003076041110679731,0.1386873249527267,0.0005244284475468541,0.15896232779021552,0.004856076107224411,0.1734389470569116,0.009014420269251575,0.010572049239681448,20.142527816163863,0.006871280275141507,14.923868471885669,-0.003746025249258621,0.10455808026852076,-0.0007733952049495994,20.89545913235753,0.05525536080632394,5596.707796624476,0.1146889470569116
2023-06-06,-0.04375,-0.0375,-0.025,-0.00375,0.0193827332865592,0.0375069751204757,0.0572111426106968,0.0708714494218916,139.63,148.77,32506.78,104.125,0.745720833631741,,,,0,-0.1,0,0,0,0,1,1,1,1,0.05625000000000001,-0.01176231378969013,0.0625,-0.010518926389135468,0.07500000000000001,-0.010350703673897607,0.09625,-0.006630437904040236,0.11938273328655921,-0.003009316930943126,0.13750697512047572,-0.0004523111468098043,0.1572111426106968,0.0024412235343775,0.17087144942189159,0.004903155213971916,0.009470792365529225,20.248443932656258,0.006833900206201374,15.02108974781109,-0.002692593285551759,0.10469659279951748,0.0004001062467008994,21.160306437250625,0.0590716032806322,5538.404648343134,0.11462144942189159
2023-06-07,-0.0425,-0.0325,-0.02,-0.00875,0.014231105831798,0.0309461031088637,0.0487294904962752,0.0597710023529216,140.13,148.84,31913.74,104.099,0.7428744737029901,,,,0,-0.1,0,0,0,0,1,1,1,1,0.0575,-0.009210485926606303,0.0675,-0.004886096592418017,0.08,-0.0044717014649009595,0.09125,-0.010929844181297325,0.114231105831798,-0.007304784632501428,0.1309461031088637,-0.00607354300566805,0.1487294904962752,-0.0050872975227327505,0.1597710023529216,-0.005204114210642208,0.010973313421206525,20.69396415201527,0.0053080970571036876,14.929416992366399,-0.005671864127533199,0.10167683771620017,0.0007833328290418263,21.170454800348324,0.03504353395035475,4701.451116820641,0.10227100235292161
2023-06-08,-0.0425,-0.03125,-0.02,-0.0075,0.0141749788363692,0.031219055675091,0.0501361463365117,0.0631301769347576,138.93,148.62,31641.27,103.343,0.7438494205715108,,,,0,-0.1,0,0,0,0,1,1,1,1,0.0575,-0.009150394849100525,0.06875,-0.005161827126594534,0.08,-0.005809439709138931,0.0925,-0.00713107405067359,0.1141749788363692,-0.004735552594020004,0.131219055675091,-0.0026113441618325142,0.1501361463365117,0.00024377624844915124,0.16313017693475762,0.003059887298959632,0.0007383263402423297,19.2564252448598,-0.0026116262729987912,14.1556866558996,-0.0033926106474334397,0.10379403572169921,-0.0006152853007332746,20.906087287369004,0.0220391110012022,4553.337936091881,0.1056301769347576
2023-06-09,-0.0425,-0.0325,-0.0225,-0.00875,0.0131270055475425,0.0301095105164461,0.0486945625227602,0.0613481146824728,139.35,148.75,32265.17,103.557,0.7431431646932185,,,,0,-0.1,0,0,0,0,1,1,1,1,0.0575,-0.00891718261447614,0.0675,-0.007124519187642845,0.07750000000000001,-0.008379201247108493,0.09125,-0.007821086579775973,0.1131270055475425,-0.004696698348921441,0.1301095105164461,-0.002601916742370397,0.1486945625227602,-0.0003241437088349411,0.16134811468247282,0.0016257556871866058,0.0024530785776461107,20.062891418527258,-0.0009685753260260008,14.655333616710877,-0.003442819845664315,0.10308072916738586,0.000329520312573598,21.106573799466233,0.03737169304550356,5282.621588281298,0.1038481146824728
2023-06-12,-0.04,-0.03375,-0.0225,-0.00875,0.0134907757247713,0.0303108335521026,0.0484308268271054,0.0603214722459537,139.6,148.82,32434.0,103.654,0.7425071633237822,,,,0,-0.1,0,0,0,0,1,1,1,1,0.060000000000000005,-0.0061955945719431305,0.06625,-0.008016480271636105,0.07750000000000001,-0.007253337121189286,0.09125,-0.0067660395914950055,0.1134907757247713,-0.0032080877687777395,0.1303108335521026,-0.0012066693364089463,0.1484308268271054,0.0007081138490340824,0.16032147224595372,0.0019118252453287493,0.002996055552761484,20.228701042798292,-0.0006209120078983693,14.743511186551586,-0.0036262921372599067,0.10283437009351326,0.0007598835293561911,21.140322158844825,0.038114275692444126,5216.871705406436,0.1003214722459537
2023-06-13,-0.045,-0.035,-0.02875,-0.01625,0.0051345268600281,0.0208952179390323,0.0369810361290255,0.0487267599235792,140.22,149.03,33018.65,103.338,0.7369704749679076,,,,0,-0.1,0,0,0,0,1,1,1,1,0.05500000000000001,-0.011997160998393597,0.065,-0.008622414226190589,0.07125000000000001,-0.013035079291206474,0.08375,-0.013657424674948286,0.10513452686002811,-0.011049448665532102,0.12089521793903231,-0.010002170701521023,0.1369810361290255,-0.009899736221522536,0.1487267599235792,-0.00855342773835089,0.006062780269058288,20.728219555863163,-0.004039241651896596,14.398737165039222,-0.010054690021436028,0.0977364759563466,0.0021114069770568934,21.312830102960845,0.05148334396775074,5656.598225466834,0.0937267599235792
2023-06-14,-0.05,-0.045,-0.0275,-0.01375,0.0118517534694703,0.0324920016659127,0.0545638784258268,0.0739419777439633,140.09,148.12,33502.42,102.948,0.7348704404311514,,,,0,-0.1,0,0,0,0,1,1,1,1,0.05,-0.015121360985705767,0.05500000000000001,-0.017849321341719654,0.07250000000000001,-0.00894123009513044,0.08625000000000001,-0.007685044769253556,0.11185175346947031,-0.0005240757239011688,0.1324920016659127,0.0058761906974256865,0.1545638784258268,0.012860424674170937,0.1739419777439633,0.021971821935506217,0.004265385856123867,20.304297349016508,-0.007829576601478126,14.130351989104128,-0.01205746620665305,0.09806459316850635,-0.003672662209247523,20.304795762710654,0.06112953735908617,5838.507820039937,0.1239419777439633
2023-06-15,-0.0525,-0.045,-0.02875,-0.01375,0.0115864046141643,0.0322699789644501,0.0529357923495734,0.0735724272227027,140.29,148.08,33485.49,102.115,0.7278850951600256,,,,0,-0.1,0,0,0,0,1,1,1,1,0.04750000000000001,-0.015022344462382944,0.05500000000000001,-0.013502177021579645,0.07125000000000001,-0.009655122918936273,0.08625000000000001,-0.007382353672497526,0.1115864046141643,-0.0020805066869082033,0.1322699789644501,0.0025735023290900973,0.1529357923495734,0.0060544271762532145,0.17357242722270272,0.013428083607709598,0.0051334959716564845,20.450095612345038,-0.015160538524857768,13.488503395738931,-0.020208398984008252,0.09273624446911077,-0.003680354175217134,20.59447824339763,0.05572543986155983,5511.49309141405,0.1260724272227027
2023-06-16,-0.0525,-0.045,-0.03,-0.01375,0.012489632146496,0.0326168977380269,0.0504030208209004,0.0696312459383758,141.84,148.32,33706.08,102.243,0.7208333333333333,2023-06-16,-0.1," ""MPM""",1,-0.1,0,0,0,0,1,1,1,1,0.04750000000000001,-0.01306292857437779,0.05500000000000001,-0.012057041822894951,0.07,-0.009906033921922693,0.08625000000000001,-0.006858619055049937,0.112489632146496,-0.0010071724301689532,0.1326168977380269,0.002582503342661177,0.1504030208209004,0.003199019466106963,0.1696312459383758,0.0077793424813504125,0.01483182725536076,21.86924947450258,-0.0134717365629994,14.013646194913747,-0.02792495629130364,0.08920851323546652,-0.001954774393464854,20.93919316812719,0.05784796115793393,5607.479143159355,0.1221312459383758
2023-06-19,-0.04625,-0.03125,-0.01375,0.0190802662331908,0.0447977091465575,0.0664483765435663,0.0839886713783755,0.1031156931615573,141.99,148.43,33370.42,102.522,0.7220367631523347,,,,0,-0.1,0,0,0,1,1,1,1,1,0.053750000000000006,-0.005928429479834137,0.06875,0.0025338805856268756,0.08625000000000001,0.007397519812614212,0.1190802662331908,0.026429443358121113,0.1447977091465575,0.031180613867619788,0.1664483765435663,0.036263887038367755,0.1839886713783755,0.03769024491409203,0.2031156931615573,0.042116222212201467,0.014674513082719968,21.333804304417114,-0.010456983902383442,14.376636623141195,-0.02482015339001539,0.09454598946374915,-0.0010835111144012852,21.00179098713761,0.043573818510349034,5100.156897538935,0.1493656931615573
2023-06-20,-0.04625,-0.03125,-0.01375,0.018254514649319,0.0431256150365751,0.0642395162982299,0.0818755891483499,0.100198997953804,141.46,148.53,33388.91,102.54,0.7248692209811961,,,,0,-0.1,0,0,0,1,1,1,1,1,0.053750000000000006,-0.007838562890496836,0.06875,-0.0023801448014297844,0.08625000000000001,0.0014621661198681388,0.118254514649319,0.012878602101382159,0.14312561503657512,0.016715353096096074,0.16423951629822992,0.020560909276497993,0.1818755891483499,0.02245450278935074,0.20019899795380403,0.025906922504700045,0.009851513420902513,20.5105500752222,-0.00983024005871093,14.343635446277077,-0.019547877581367907,0.09853799482763659,-0.0003600668984107513,21.058417441750123,0.04019785651495955,5163.596124888776,0.146448997953804
2023-06-21,-0.04625,-0.03125,-0.0225,0.0082082798151036,0.0314884619504407,0.0508325529932443,0.0659742119344123,0.0839167308145172,141.88,148.67,33575.14,102.071,0.71941781787426,,,,0,-0.1,0,0,0,1,1,1,1,1,0.053750000000000006,-0.008147006716240704,0.06875,-0.003581321118559133,0.07750000000000001,-0.008816393990171392,0.1082082798151036,-0.0004169431169773561,0.1314884619504407,0.002051238373464506,0.1508325529932443,0.004085552543066993,0.1659742119344123,0.0036091030338515073,0.1839167308145172,0.006837476625813549,0.011979272541824166,20.987412514929034,-0.013494131473549177,13.876522729973559,-0.025243540998353492,0.09282613761297409,0.0005619622240242996,21.14983905820931,0.0413079641893901,5318.277401076484,0.13016673081451718
2023-06-22,-0.04625,-0.0325,-0.0225,0.0101067789228532,0.0344775532667291,0.0536252448437015,0.0670597091972781,0.0843032904908747,143.12,148.76,33264.88,102.386,0.7153856903297932,,,,0,-0.1,0,0,0,1,1,1,1,1,0.053750000000000006,-0.008189638609634363,0.0675,-0.005348181924979593,0.07750000000000001,-0.006009569730343497,0.1101067789228532,0.003820176305476754,0.1344775532667291,0.008010153684705895,0.1536252448437015,0.010465337155693283,0.1670597091972781,0.009365347215520466,0.1843032904908747,0.012007750914443588,0.01971094415173122,22.018194144572732,-0.00955704991441279,14.391152147282554,-0.02880231199889814,0.09128238439438097,0.00106997934065022,21.169268419706356,0.027758858137715184,4901.714169723309,0.13055329049087472
2023-06-23,-0.04875,-0.03625,-0.025,0.0092023033453617,0.0344986404720983,0.0536440374302082,0.0668828039217721,0.0840542142624733,143.69,148.78,32781.54,102.903,0.7161458695803467,,,,0,-0.1,0,0,0,1,1,1,1,1,0.051250000000000004,-0.010652873461163906,0.06375,-0.008868556100242155,0.07500000000000001,-0.007857768084312537,0.10920230334536171,0.0023069436857815484,0.1344986404720983,0.007157010684485616,0.1536440374302082,0.009823212628883263,0.1668828039217721,0.009568811392539914,0.18405421426247331,0.012399057797470595,0.02265731478614875,21.99616740956735,-0.003928029364390885,14.850122561318244,-0.026127691756189324,0.09463538074909805,0.0011304605280866038,21.129586343468958,0.009915483934202541,4490.644496081062,0.1328042142624733
2023-06-26,-0.04875,-0.0375,-0.025,0.008647510580219,0.0327289932527579,0.0505865995877042,0.0622569831051036,0.0778942036085035,143.51,149.01,32698.81,102.692,0.7155738276078322,,,,0,-0.1,0,0,0,1,1,1,1,1,0.051250000000000004,-0.009584470829675687,0.0625,-0.008620133819259742,0.07500000000000001,-0.006545667933603963,0.108647510580219,0.001802892668497696,0.13272899325275792,0.005008889738711362,0.1505865995877042,0.0064604783032599505,0.1622569831051036,0.005125220492834155,0.1778942036085035,0.006494069382359788,0.020265250480770814,21.369805827406935,-0.005213590596550267,14.43416092619458,-0.02513028913956462,0.09488687374700266,0.002485863543246689,21.3276502407617,0.005098215808895307,4599.734004019014,0.1266442036085035
2023-06-27,-0.05,-0.03875,-0.02625,0.0083045329713817,0.0332606936328481,0.0517703676022442,0.0634140829404677,0.0807392674703906,144.07,148.82,32538.33,102.492,0.7114041785243285,,,,0,-0.1,0,0,0,1,1,1,1,1,0.05,-0.010451894333263122,0.061250000000000006,-0.00892696164705038,0.07375000000000001,-0.007296498673008658,0.1083045329713817,0.001562281794002706,0.1332606936328481,0.005978369540208174,0.15177036760224422,0.008629282845603117,0.16341408294046772,0.008166581902778948,0.1807392674703906,0.01184799917083762,0.022697829597685786,21.797483971654316,-0.0063458254299344026,14.263571681809836,-0.028584689486838684,0.0916017704526082,0.0011133198120472654,21.028853765598896,-0.0016913976772363355,4518.042830338858,0.1307392674703906
2023-06-28,-0.05,-0.03875,-0.02625,0.008980608033706,0.0358105651565229,0.0561419553922947,0.070005741757199,0.0890607505126328,144.47,148.6,33193.99,102.905,0.7122932096629058,,,,0,-0.1,0,0,0,1,1,1,1,1,0.05,-0.009704780888633677,0.061250000000000006,-0.008036066576119397,0.07375000000000001,-0.0064782123152657585,0.108980608033706,0.0023357813057869525,0.1358105651565229,0.008335044001941024,0.1561419553922947,0.012718660180944245,0.170005741757199,0.01486284268876778,0.18906075051263282,0.019774920556153583,0.02367337683962905,21.860509053501247,-0.0016541273144443061,14.756847519121806,-0.02494605481058572,0.0947398950503715,-0.0003666219320638812,20.84595952049844,0.014834739704624579,5264.1128908862665,0.1390607505126328
2023-06-29,-0.05125,-0.04,-0.0275,0.0083118116007596,0.0356510740049246,0.0560414937407942,0.0700586720992068,0.0887624858827202,144.78,148.66,33234.14,103.342,0.713786434590413,,,,0,-0.1,0,0,0,1,1,1,1,1,0.04875000000000001,-0.010613003059280847,0.060000000000000005,-0.00888929467338382,0.07250000000000001,-0.007341851243961309,0.1083118116007596,0.0013844305229632837,0.1356510740049246,0.007054669588542652,0.1560414937407942,0.01078351314956845,0.1700586720992068,0.01244079495107897,0.1887624858827202,0.016192025581561756,0.023697486715902494,21.85437544941837,0.002691515806591207,15.052657499749401,-0.02073190768624164,0.09683496286727067,6.390829496015355e-05,20.993278460837303,0.01283237117355408,5071.510361080465,0.1400124858827202
2023-06-30,-0.05125,-0.04,-0.025,0.010516504149001,0.0376762794130966,0.0584606903778796,0.0729668376054616,0.0925284087473345,144.34,148.55,33189.04,102.912,0.7129832340307607,,,,0,-0.1,0,0,0,1,1,1,1,1,0.04875000000000001,-0.009871597386770709,0.060000000000000005,-0.00812681215777103,0.07500000000000001,-0.004072098409523248,0.11051650414900101,0.003750611447469186,0.1376762794130966,0.008756819404136848,0.1584606903778796,0.012654636904191142,0.1729668376054616,0.014654584070100715,0.1925284087473345,0.019135850021332376,0.01900845408496461,21.133046938369347,-0.0009460297089245766,14.41115433138853,-0.019803695627232228,0.0959735481225148,-0.0005853185949661867,20.881395652316584,0.008898520431386501,4945.111340398231,0.1437784087473345
2023-07-03,-0.05125,-0.04,-0.02625,0.0091080440612633,0.0366855986403507,0.0578528525905195,0.072641102235066,0.0926925290519085,144.68,148.53,33753.33,102.962,0.7116533038429638,,,,0,-0.1,0,0,0,1,1,1,1,1,0.04875000000000001,-0.009527870488975333,0.060000000000000005,-0.007779281344371211,0.07375000000000001,-0.005958859615421232,0.1091080440612633,0.0014799043331812072,0.1366855986403507,0.006742050472276891,0.1578528525905195,0.010755470075526005,0.172641102235066,0.012823811457355477,0.1926925290519085,0.017343499665450318,0.019566113591278772,21.501335597228163,4.419301371594708e-05,14.563269325703416,-0.019369844471123113,0.09522466508728056,-0.0007030669191876825,20.907569413840946,0.02366242016050262,5486.626138218118,0.1439425290519085
2023-07-04,-0.05125,-0.04375,-0.03125,0.0037838140366647,0.0302803087861509,0.0499196281774863,0.0634723326303821,0.0820761157854157,144.46,148.73,33422.52,103.039,0.7132701093728367,,,,0,-0.1,0,0,0,1,1,1,1,1,0.04875000000000001,-0.009282846306925323,0.05625000000000001,-0.011288626375564617,0.06875,-0.010502717909350735,0.1037838140366647,-0.0035501645410027823,0.1302803087861509,0.0003225089611570281,0.1499196281774863,0.002537140554855169,0.1634723326303821,0.0032125973620885373,0.18207611578541572,0.005905036410171385,0.016286186640402593,21.09098766883281,0.0013201733863345358,14.633415539055576,-0.01493956117776547,0.09774562283250054,0.0006559803542293684,21.129689380382672,0.012224107388698488,4907.645770274448,0.1333261157854157
2023-07-05,-0.05,-0.04125,-0.02875,0.0067392426172388,0.0336909417238514,0.0535518566450167,0.0672051249178289,0.0851144983431153,144.65,148.76,33338.7,103.373,0.7146422398893881,,,,0,-0.1,0,0,0,1,1,1,1,1,0.05,-0.007835440640985833,0.058750000000000004,-0.007100041661612204,0.07125000000000001,-0.005814840214018929,0.1067392426172388,0.0015525622240238537,0.1336909417238514,0.0061566518183055405,0.1535518566450167,0.009082005172663887,0.1672051249178289,0.010310959480765436,0.1851144983431153,0.01270899189175706,0.016007473432089372,21.270973134109013,0.004920438411402752,14.93293508776948,-0.011116751013289256,0.09894088705399251,0.0008847562883297406,21.089438879904975,0.007511557483064834,4869.474206147817,0.13511449834311529
2023-07-06,-0.05125,-0.04125,-0.0275,0.0080402448818278,0.0348700230599319,0.0551694821174227,0.0696747475596309,0.0888302729937629,144.07,148.57,32773.02,103.069,0.7154091760949539,,,,0,-0.1,0,0,0,1,1,1,1,1,0.04875000000000001,-0.009417110484136598,0.058750000000000004,-0.00749441778942328,0.07250000000000001,-0.0048236732534378095,0.10804024488182781,0.0022922324523255624,0.1348700230599319,0.0066091030655086695,0.1551694821174227,0.00998632074375859,0.1696747475596309,0.012163013640819197,0.1888302729937629,0.01613659892150268,0.010110216787727567,20.56663881928324,0.00209862313405086,14.482109619280962,-0.008103748435887783,0.09931657597437926,-0.00037678468101147574,20.869167593332065,-0.011274385475562388,4324.5062184013295,0.14008027299376288
2023-07-07,-0.05,-0.0375,-0.01875,0.0155997787488333,0.0421220669909441,0.0642700263910949,0.0822717105019307,0.1040102924659289,142.09,148.12,32388.42,102.272,0.7197691603913013,,,,0,-0.1,0,0,0,1,1,1,1,1,0.05,-0.0076674359092559485,0.0625,-0.003670178359105311,0.08125,0.0035670972798928537,0.1155997787488333,0.009296854886976333,0.1421220669909441,0.013284344772442898,0.1642700263910949,0.018346098809050637,0.1822717105019307,0.02374823065810134,0.2040102924659289,0.02988848375732421,-0.004728049591986911,18.74696962540021,-0.00502875310466409,13.758698106480324,-0.0004390823552076543,0.10340186855765088,-0.0031932541244795586,20.48243837441295,-0.02305896907966555,4159.355855621456,0.1540102924659289
2023-07-10,-0.04875,-0.03625,-0.01875,0.0155008048805803,0.0431564215008665,0.0674837229092283,0.0889541867355838,0.1143948782660426,141.31,147.55,32189.73,101.972,0.7216191352345905,,,,0,-0.1,0,0,0,1,1,1,1,1,0.051250000000000004,-0.006714144430303659,0.06375,-0.0038069428370910915,0.08125,7.570397130169174e-05,0.1155008048805803,0.006027735943999326,0.1431564215008665,0.011236406524799986,0.1674837229092283,0.017685771895831613,0.1889541867355838,0.025107313013553095,0.2143948782660426,0.033791732998955035,-0.010784001456067767,18.770852272676564,-0.00713501219027749,13.786332358589718,0.0035856087654602357,0.10351895176163206,-0.006604681850926705,20.107832609537184,-0.028694283200844602,4171.141296823633,0.1631448782660426
2023-07-11,-0.04875,-0.03875,-0.03125,0.0001845414914221,0.0249370647529983,0.046775076010433,0.0672209818720517,0.0915964046465356,140.38,147.74,32203.57,101.732,0.7246901267986893,,,,0,-0.1,0,0,0,1,1,1,1,1,0.051250000000000004,-0.0072244245162329385,0.061250000000000006,-0.007140473035021834,0.06875,-0.01340900681907841,0.1001845414914221,-0.010221979950581467,0.1249370647529983,-0.008361910768490643,0.146775076010433,-0.005526676761562294,0.1672209818720517,-0.0009485196418066166,0.1915964046465356,0.004805438676828616,-0.017349335181315755,18.378045371337066,-0.008696753699165526,13.762543412134903,0.008717947914527529,0.10540011988582765,-0.004893359781499445,20.586853367378225,-0.027080243447084634,4334.881593101763,0.14034640464653558
2023-07-12,-0.05,-0.04125,-0.0325,-0.0032691742526824,0.0197572909171969,0.0418104349011267,0.064100203736334,0.0912303448997304,138.5,147.41,31943.93,100.521,0.7257833935018051,,,,0,-0.1,0,0,0,1,1,1,1,1,0.05,-0.008593006104858525,0.058750000000000004,-0.008922045038409106,0.0675,-0.010149076146887634,0.0967308257473176,-0.008064365567351144,0.1197572909171969,-0.006916735404378822,0.14181043490112671,-0.0032768230629803344,0.164100203736334,0.0029102312783670647,0.1912303448997304,0.011177611583311195,-0.029969393258112164,17.073087073909775,-0.019337454507495664,12.733197074560394,0.010879005513599547,0.10484608988069433,-0.006878617000491911,20.282659712179367,-0.03264700854955793,4130.377694401017,0.1412303448997304
2023-07-13,-0.05,-0.0425,-0.035,-0.0076412687084561,0.0134040399877974,0.0340439787359008,0.0547591371387268,0.0812271289071038,138.04,147.6,32419.33,99.77,0.7227615184004637,,,,0,-0.1,0,0,0,1,1,1,1,1,0.05,-0.008112783168065234,0.0575,-0.009000077963908011,0.065,-0.010920371712556935,0.0923587312915439,-0.009531212846630485,0.11340403998779741,-0.009413109695700405,0.1340439787359008,-0.00720828829867344,0.1547591371387268,-0.0035763894268278917,0.1812271289071038,0.002660267566290217,-0.032428776201841314,17.59045527829842,-0.02554941647238546,12.546322446202154,0.007029421831518005,0.10080553297906147,-0.005437748893246195,20.64010726549364,-0.01666312719751098,4743.034968504984,0.1312271289071038
2023-07-14,-0.05,-0.0425,-0.04,-0.0116940501037635,0.010745392953619,0.0323600810425702,0.0537855103546105,0.0822861289565521,138.75,147.33,32391.26,99.914,0.720100900900901,,,,0,-0.1,0,0,0,1,1,1,1,1,0.05,-0.007955369422662686,0.0575,-0.008100875853599594,0.060000000000000005,-0.014141282423151144,0.08830594989623651,-0.010669507709719576,0.110745392953619,-0.008037410820043642,0.13236008104257022,-0.004321639529494964,0.15378551035461052,0.00025145991571685206,0.1822861289565521,0.008248410735230485,-0.026397777029302797,18.840995173508304,-0.023031804708053133,13.185927421184019,0.0033735594607189746,0.09891162866057757,-0.006925837925281859,20.360875653147588,-0.015551508063083906,4577.776468405002,0.13228612895655212
2023-07-18,-0.0475,-0.0425,-0.04,-0.0116900811069552,0.0108374194986652,0.0323210911212115,0.0535042877043783,0.0815070902941081,138.82,147.36,32493.89,99.941,0.7199322864140614,,,,0,-0.1,0,0,0,1,1,1,1,1,0.052500000000000005,-0.005352046232987871,0.0575,-0.007713510362793802,0.060000000000000005,-0.011354001303195208,0.0883099188930448,-0.007835290611206873,0.11083741949866521,-0.005260179097360377,0.13232109112121151,-0.001930595937074689,0.1535042877043783,0.002052009024497828,0.1815070902941081,0.00847498162602156,-0.024822009996241776,18.88814176473518,-0.02153310541176652,13.357736373726937,0.0032857139932560113,0.09991336466465572,-0.0063653037005069885,20.51855358800097,-0.011115147196255042,4665.977719881143,0.12900709029410812
2023-07-19,-0.0475,-0.04375,-0.04,-0.0113477935184096,0.0107645775460303,0.0307804888752632,0.0492970343011913,0.0743756448650769,139.69,147.81,32896.03,100.276,0.7178466604624526,,,,0,-0.1,0,0,0,1,1,1,1,1,0.052500000000000005,-0.006269685296607486,0.05625000000000001,-0.008712583279237664,0.060000000000000005,-0.010246381241427596,0.0886522064815904,-0.006257988403690268,0.11076457754603031,-0.004061566989566633,0.1307804888752632,-0.002205683942533749,0.1492970343011913,-0.0009578711044787858,0.1743756448650769,0.002289316358120297,-0.018100024601975306,19.81352349317109,-0.017164050370881465,13.789666355086737,0.000868971613749447,0.09824322092921522,-0.0030890009981924516,21.00746019407339,0.0018745538226889208,5021.5716688578395,0.1218756448650769
2023-07-20,-0.04625,-0.0425,-0.04,-0.0103651947158467,0.0124757337254858,0.0325300380411152,0.0510560972251872,0.0753088928275178,140.08,147.83,32490.52,100.88,0.7201599086236435,,,,0,-0.1,0,0,0,1,1,1,1,1,0.053750000000000006,-0.0052528254327919854,0.0575,-0.006787740928245085,0.060000000000000005,-0.009556198721849249,0.08963480528415331,-0.004629175304526277,0.1124757337254858,-0.0014794266550484398,0.1325300380411152,0.000983030926642127,0.1510560972251872,0.003217816469494303,0.17530889282751783,0.006569440500804755,-0.014735361350448383,19.921312948278143,-0.01066661828530922,14.335622363240091,0.004042311457692885,0.10160044710672789,-0.0026715960762618337,20.877209987860738,-0.00883852346576122,4440.356107962412,0.1215588928275178
2023-07-21,-0.05,-0.04625,-0.0375,-0.0046558385005027,0.0205813693072451,0.0416743407553925,0.0590542738609896,0.0843612728752296,141.81,147.78,32304.25,101.071,0.7127212467385938,,,,0,-0.1,0,0,0,1,1,1,1,1,0.05,-0.009603357707136592,0.053750000000000006,-0.010749178739101105,0.0625,-0.006564321772804596,0.0953441614994973,0.0012140893039313547,0.12058136930724511,0.006568437821655677,0.1416743407553925,0.010211154019100464,0.1590542738609896,0.011537418560545534,0.1843612728752296,0.016428941958108748,-0.0021075297569831345,21.44760609582815,-0.008153920584405195,14.305115583209258,-0.006144026756393227,0.09363030911056625,-0.002679228220304229,20.78860760751165,-0.013074809245661588,4359.936433845018,0.1343612728752296
2023-07-24,-0.05,-0.04625,-0.0375,-0.0059749495168478,0.0176132053257823,0.0370083430795697,0.053088232624475,0.0752993063534863,141.46,148.22,32700.94,101.346,0.7164286724162308,,,,0,-0.1,0,0,0,1,1,1,1,1,0.05,-0.008303505098856828,0.053750000000000006,-0.009201504009922618,0.0625,-0.0071854457930494026,0.09402505048315221,-0.002097032864040757,0.1176132053257823,0.0006305743157160003,0.13700834307956972,0.002230524466538694,0.15308823262447502,0.0028164746561508136,0.1752993063534863,0.00431224759295383,-0.0037887857575457577,20.351535628539935,-0.004694863345152703,14.459436062591806,-0.000993895656799127,0.10027805537062551,0.0004792472443283313,21.236566966740355,-0.0008325392293722746,4848.824874447539,0.1252993063534863
2023-07-25,-0.05,-0.04625,-0.0375,-0.0065533389028696,0.0166761894514431,0.0361239393066868,0.0530321710603218,0.0753373626597428,140.91,148.19,32682.51,101.349,0.7192463274430488,,,,0,-0.1,0,0,0,1,1,1,1,1,0.05,-0.007956344850542196,0.053750000000000006,-0.008677365974396306,0.0625,-0.0071767404752331905,0.0934466610971304,-0.002560840290684878,0.1166761894514431,0.00018650535572847446,0.13612393930668681,0.0024359940403306524,0.1530321710603218,0.004560221754666395,0.1753373626597428,0.007298054785800964,-0.006752756083119508,19.713645684596287,-0.0040085733743854025,14.318097964577277,0.0026783760673401843,0.10253072054747292,0.0005536500391605696,21.032379801562,-0.0013707944320919523,4699.516551768447,0.1253373626597428
2023-07-26,-0.0525,-0.05,-0.04375,-0.0145752149940241,0.0063416963354777,0.0238843866195269,0.0394461939772916,0.060967863490456,140.22,148.4,32668.34,100.887,0.7194908001711596,,,,0,-0.1,0,0,0,1,1,1,1,1,0.04750000000000001,-0.010276408040432582,0.05,-0.012111248160037683,0.05625000000000001,-0.013331153759807764,0.0854247850059759,-0.010322029792273694,0.1063416963354777,-0.009688353191160464,0.1238843866195269,-0.00920137574873461,0.1394461939772916,-0.008497468903078585,0.160967863490456,-0.006276136782800652,-0.010273477065547683,19.167365218894602,-0.007766286556451347,13.809727585620863,0.002454139319252262,0.10172079658547861,0.002113622397644548,21.20419950809392,-0.0020019934701891048,4658.93293401365,0.113467863490456
2023-07-27,-0.05625,-0.0525,-0.0425,-0.0134664497323451,0.0079700245687432,0.0264075424739541,0.0450217595820584,0.0664973490348843,139.46,148.41,32891.16,101.773,0.7297648071131506,,,,0,-0.1,0,0,0,1,1,1,1,1,0.043750000000000004,-0.012908158330214213,0.04750000000000001,-0.012883553710638734,0.0575,-0.009466764892741904,0.08653355026765491,-0.00588816108711373,0.1079700245687432,-0.0037485276718623606,0.1264075424739541,-0.0015295068071155722,0.1450217595820584,0.0028098132473694387,0.1664973490348843,0.005423314785948707,-0.01389429025985507,18.69916905254803,0.0015051163623713028,14.859703593622442,0.015532686928119013,0.11167217749541014,0.0022454457969643044,21.10908448930411,0.005270023992219925,4872.585807530304,0.1227473490348843
2023-07-28,-0.055,-0.04875,-0.04125,-0.03375,-0.01375,-0.0025,0.01875,0.015,141.16,147.38,32759.23,101.622,0.7199064890903939,2023-07-28,-0.1," ""MPM""",1,-0.1,0,0,0,0,0,0,0,0,0.045000000000000005,-0.009773058411144085,0.051250000000000004,-0.007502141196343168,0.058750000000000004,-0.007851945739395336,0.06625,-0.025557367116840465,0.08625000000000001,-0.024750277298426035,0.0975,-0.029799279673344187,0.11875000000000001,-0.023839875769368125,0.115,-0.04627193672665506,-0.000594715527739254,20.786944794893415,0.0008662118767053239,14.400294137823877,0.0013875390052507392,0.09760521142868384,-0.004280014998631868,20.03688948345699,0.0019649496103164694,4643.8126556465395,0.07
2023-07-31,-0.055,-0.04875,-0.03625,-0.03,-0.01375,0.00125,0.02125,0.0275,142.29,146.8,33172.22,101.855,0.7158268325251248,,,,0,-0.1,0,0,0,0,0,0,0,0,0.045000000000000005,-0.0095928049465046,0.051250000000000004,-0.008313817424957771,0.06375,-0.002984014434401938,0.07,-0.013228170828070915,0.08625000000000001,-0.015488264573210748,0.10125,-0.013863640064464769,0.12125000000000001,-0.010451818530608298,0.1275,-0.012700442368540083,0.008137223991526122,21.369224799598214,0.0036834408737776336,14.61247713638879,-0.0044841347166578805,0.09620643794990313,-0.007611914065140519,19.845541387251046,0.014622648795373129,5077.019946936576,0.0825
2023-08-01,-0.055,-0.04875,-0.035,-0.03,-0.01375,0.01125,0.04,0.04375,143.34,147.05,33476.58,102.303,0.7137086647132691,,,,0,-0.1,0,0,0,0,0,0,0,0,0.045000000000000005,-0.009338843043886304,0.051250000000000004,-0.008320407518640369,0.065,-0.003592057839880633,0.07,-0.011950765434359228,0.08625000000000001,-0.012458635158046523,0.11125,-0.0014249104172010772,0.14,0.010809034239082388,0.14375,0.00514198533624001,0.016058890869717794,21.837729558744655,0.008425478014652748,14.946525961185841,-0.007571756099474288,0.0962416299266915,-0.005424343262181049,20.435952842760003,0.024365514308578615,5213.326442022859,0.09875
2023-08-02,-0.05625,-0.04625,-0.0325,-0.0175,0.0075,0.02375,0.0475,0.0625,143.32,146.73,32707.69,102.59,0.7158107730951717,,,,0,-0.1,0,0,0,0,0,0,0,0,0.043750000000000004,-0.010385044492977648,0.053750000000000006,-0.005732079923038744,0.0675,-0.0020326527384541514,0.0825,0.00166663434888557,0.10750000000000001,0.010512293779874168,0.12375,0.008845190706979335,0.14750000000000002,0.012497310852609356,0.1625,0.019529209330677977,0.016327760738915245,21.202932766359453,0.01147834180257877,15.01379654730971,-0.004824516590904331,0.09989743630584469,-0.006916996047430964,20.140525156664907,0.0019336755771236106,4268.440691602358,0.11875
2023-08-03,-0.05625,-0.04625,-0.03,-0.01375,0.02375,0.05875,0.08125,0.09125,142.56,146.32,32159.28,102.542,0.7192901234567901,,,,0,-0.1,0,0,0,0,0,0,0,0,0.043750000000000004,-0.00972517313166718,0.053750000000000006,-0.0066311710093144155,0.07,-0.0008476495910577191,0.08625000000000001,0.0012429021906010251,0.12375,0.019439674448524808,0.15875,0.0389146250737814,0.18125000000000002,0.04219616025349113,0.19125,0.04045941635511883,0.01168806284728869,20.219118379928346,0.011419426587463114,14.775048132975613,-0.0003102468111870508,0.10317291102580861,-0.00887353518932487,19.900221211019925,-0.013082928208001183,3959.76420863191,0.1475
2023-08-04,-0.05625,-0.0475,-0.03125,-0.01375,0.0175,0.045,0.06,0.08125,141.76,146.36,32192.75,102.017,0.7196458803611738,,,,0,-0.1,0,0,0,0,0,0,0,0,0.043750000000000004,-0.009445016461833496,0.052500000000000005,-0.00808341621483065,0.06875,-0.003553138771071749,0.08625000000000001,-0.0011154238397166252,0.11750000000000001,0.0050243909406791736,0.14500000000000002,0.009997844594021366,0.16,0.0062644365378543565,0.18125000000000002,0.016943921867654727,0.006836058878886385,19.590064659280586,0.006763434721530733,14.192586761637031,-0.00011018793427895155,0.10227263926532992,-0.007859977833438834,20.175027703416703,-0.011175359427708963,4263.861028934316,0.1375
2023-08-07,-0.0575,-0.05,-0.03875,-0.02,-0.005,0.0275,0.05,0.07,142.51,146.6,32254.56,102.047,0.7160690477861203,,,,0,-0.1,0,0,0,0,0,0,0,0,0.0425,-0.010512740045981912,0.05,-0.010157564954194537,0.061250000000000006,-0.01108737189902683,0.08,-0.0080982145314559,0.095,-0.017584557847871118,0.1275,-0.006639671555523859,0.15000000000000002,0.0001884121341685363,0.17,0.005391722710199137,0.012011916047962382,20.66078346670298,0.007171310022463441,14.392404151875468,-0.0048240974914950325,0.09827165686445283,-0.005720835438659786,20.49418283434875,-0.009073103276528877,4398.433437208074,0.1275
2023-08-08,-0.0575,-0.05125,-0.03875,-0.02125,0.00125,0.0225,0.0475,0.0575,143.38,146.72,32377.29,102.528,0.7150788115497281,,,,0,-0.1,0,0,0,0,0,0,0,0,0.0425,-0.009869946423894417,0.04875000000000001,-0.010281416616982966,0.061250000000000006,-0.008237219737231884,0.07875,-0.007175739494223373,0.10125,-0.002929587644742323,0.1225,-0.005402144975187748,0.14750000000000002,0.0018167603592008086,0.1575,-0.003662362246376359,0.01744227303047095,21.308283108662692,0.011641055292546039,14.896189699315443,-0.0057484376506709905,0.09856729156076038,-0.004626802892769352,20.573372380736075,-0.005589084754105165,4537.752538005643,0.115
2023-08-09,-0.05875,-0.0525,-0.04125,-0.02625,-0.01125,0.005,0.0275,0.04,143.72,147.17,32204.33,102.49,0.7131227386585026,,,,0,-0.1,0,0,0,0,0,0,0,0,0.04125000000000001,-0.010852803697429567,0.04750000000000001,-0.010654618745601287,0.058750000000000004,-0.0099572275543377,0.07375000000000001,-0.011102481165729825,0.08875000000000001,-0.015670011556324977,0.10500000000000001,-0.01945299276664125,0.1275,-0.016182875502546403,0.14,-0.01560244893691947,0.01864780386848018,21.24005941645919,0.010888080318702425,14.674841644922068,-0.0076701762248300295,0.09737691170399199,-0.0013808452672971704,20.98771372145322,-0.010902398114800144,4334.623133453901,0.09875
2023-08-10,-0.06,-0.05375,-0.0425,-0.025,-0.00875,0.01625,0.03125,0.0575,144.75,146.95,32473.65,102.524,0.7082832469775475,,,,0,-0.1,0,0,0,0,0,0,0,0,0.04000000000000001,-0.011423171520832824,0.046250000000000006,-0.011033506150497786,0.0575,-0.009814057095129988,0.07500000000000001,-0.007395985080966453,0.09125,-0.0077899320440566,0.11625,2.4017048888970438e-05,0.13125,-0.003707407686636105,0.1575,0.010542934837144906,0.023680795465394647,21.994206151163837,0.010225523162004589,14.670373485774604,-0.013202940650918591,0.09364794821000988,-0.002718009100749532,20.590471230377545,-0.003441392652419897,4672.215956294825,0.1175
2023-08-14,-0.05375,-0.04375,-0.0175,-0.00625,0.02375,0.03875,0.06,0.14,145.56,146.62,32059.91,103.19,0.7089172849683979,,,,0,-0.1,0,0,0,0,0,0,0,0,0.046250000000000006,-0.004388612896192787,0.05625000000000001,-0.0001531963699017841,0.0825,0.016226496671433638,0.09375,0.011743846325007431,0.12375,0.025518390553003634,0.13875,0.020790234815984507,0.16,0.026326576539035668,0.24000000000000002,0.08897652718625353,0.026679127506127755,22.269045777176345,0.015077626042412055,15.297721116545745,-0.011366139659718508,0.0966604717851266,-0.004626565242037396,20.303652112728173,-0.015595440769376702,4174.316625311785,0.19375
2023-08-15,-0.05375,-0.04375,-0.0175,-0.00125,0.025,0.0475,0.0625,0.15,145.58,146.6,32238.89,103.209,0.7089504052754498,,,,0,-0.1,0,0,0,0,0,0,0,0,0.046250000000000006,-0.006546950562908931,0.05625000000000001,-0.0037532783127955244,0.0825,0.006702780146975021,0.09875,0.009627479916834002,0.125,0.014511693114286947,0.14750000000000002,0.020742147698214263,0.1625,0.01839769858448556,0.25,0.06551527449051672,0.02435283107818105,21.763190575489944,0.013621810610673675,15.029556485991677,-0.01055064770189177,0.09729705739523475,-0.004515669032017251,20.4238363459323,-0.00986821303713701,4501.111372710515,0.20375
2023-08-16,-0.05375,-0.0425,-0.01875,0.0,0.02125,0.05,0.06125,0.1425,146.35,146.63,31766.82,103.431,0.7067372736590366,,,,0,-0.1,0,0,0,0,0,0,0,0,0.046250000000000006,-0.0070697926534032465,0.0575,-0.0034382423202156884,0.08125,0.0027634571144359438,0.1,0.006927949083081605,0.12125000000000001,0.0069217764994461105,0.15000000000000002,0.017363429769239658,0.16125,0.013464370540268798,0.2425,0.04409512679867729,0.027049977016818088,22.304356891419303,0.014064208085571564,15.149605880452086,-0.012730351720661691,0.09550896722071756,-0.004065109676455315,20.50706157703128,-0.023276074578814716,4001.0964620714913,0.19624999999999998
2023-08-17,-0.05375,-0.04125,-0.02,0.00125,0.02,0.0575,0.085,0.155,145.84,146.34,31626.0,103.572,0.7101755348326934,,,,0,-0.1,0,0,0,0,0,0,0,0,0.046250000000000006,-0.007300083355554064,0.058750000000000004,-0.003128690393181907,0.08,0.0006421735912660737,0.10125,0.006121653141218005,0.12000000000000001,0.0053808235745737565,0.1575,0.021670145621127478,0.185,0.03614867493529558,0.255,0.05319152126622104,0.02126706021582184,21.344012995632283,0.013808555685959274,15.146206226928498,-0.007395464133504464,0.10015227352923828,-0.005538377900852827,20.23426416253055,-0.02570354610514619,4052.0040060723295,0.20875
2023-08-18,-0.05625,-0.0425,-0.015,0.005,0.02,0.0425,0.07375,0.1375,145.39,146.66,31450.76,103.375,0.7110186395212876,,,,0,-0.1,0,0,0,0,0,0,0,0,0.043750000000000004,-0.00992144975925894,0.0575,-0.005278841003159895,0.085,0.005437736499453106,0.10500000000000001,0.008320591603385975,0.12000000000000001,0.0052514029949749,0.14250000000000002,0.002126126847981767,0.17375000000000002,0.014635236649194527,0.23750000000000002,0.027608825033856144,0.016226492903748807,20.903249602084912,0.010646124275988728,14.828870175282674,-0.005581799250965972,0.10013469710521572,-0.002967439741938083,20.687414604673876,-0.029547871570660824,3994.218064061806,0.19375
2023-08-21,-0.05625,-0.04375,-0.015,0.0075,0.025,0.045,0.08625,0.1475,146.19,146.46,31565.64,103.3,0.7066146795266434,,,,0,-0.1,0,0,0,0,0,0,0,0,0.043750000000000004,-0.008991836330418522,0.05625000000000001,-0.006417623418753883,0.085,0.0030721507516748084,0.10750000000000001,0.008493169591832255,0.125,0.009911653307445784,0.14500000000000002,0.008747172218153125,0.18625,0.02826131021950575,0.2475,0.040799002522707434,0.020256477361947158,21.814289161712054,0.008813691740520904,14.773239221030181,-0.011318907058067913,0.0953280922205092,-0.003880147316373007,20.408418085652073,-0.024891935951851324,4230.386798198349,0.20375
2023-08-22,-0.05625,-0.04375,-0.01625,0.0075,0.0225,0.045,0.075,0.14625,145.89,146.4,31856.71,103.563,0.7098704503392969,,,,0,-0.1,0,0,0,0,0,0,0,0,0.043750000000000004,-0.008734299148296494,0.05625000000000001,-0.006009057764889678,0.08375,0.0009075960619501985,0.10750000000000001,0.006480281828188049,0.1225,0.00511643348807999,0.14500000000000002,0.008374635454904661,0.175,0.01145842161022588,0.24625,0.03505911694405413,0.016591293925816302,21.183435446684754,0.010288430162030796,15.049696018242471,-0.006307585130345367,0.1002896716768441,-0.003671579119297424,20.420919108143323,-0.014615448763125118,4529.540451932633,0.20249999999999999
2023-08-23,-0.05625,-0.04375,-0.0175,0.0075,0.02125,0.03875,0.07125,0.1375,144.84,146.42,32010.26,103.419,0.7140223695111847,,,,0,-0.1,0,0,0,0,0,0,0,0,0.043750000000000004,-0.008597197723075815,0.05625000000000001,-0.005947841115290599,0.0825,-0.0004215920353538363,0.10750000000000001,0.00552433397309803,0.12125000000000001,0.0040258019781838,0.13875,0.0019515793216028157,0.17125,0.010148018048811866,0.23750000000000002,0.02477415355097215,0.007894617812122928,20.12970850262522,0.007866050558488059,14.79193531513728,-0.0001300534421811257,0.10368659681771664,-0.0029349476680445596,20.4914331765535,-0.008835366708660485,4588.168495916689,0.19375
2023-08-24,-0.0575,-0.04375,-0.02,0.00625,0.0175,0.04125,0.06375,0.08375,145.88,146.79,32287.21,103.982,0.7127913353441184,,,,0,-0.1,0,0,0,0,0,0,0,0,0.0425,-0.009761152331054172,0.05625000000000001,-0.005941854425407164,0.08,-0.0027017581419529722,0.10625000000000001,0.0036270157370411195,0.11750000000000001,0.000549814159217725,0.14125000000000001,0.006770932863799831,0.16375,0.004210545937332576,0.18375000000000002,-0.02680740982035372,0.013136465759418342,21.544606033931245,0.01182679975789802,15.369632487678658,-0.0013854881025862598,0.10072432022973421,0.00013286048626933637,20.8788268627045,0.00033036371579639006,4788.080373849902,0.14125000000000001
2023-08-25,-0.0575,-0.045,-0.02,0.00625,0.01875,0.04,0.06625,0.1025,146.43,146.69,31624.28,104.077,0.7107628218261285,,,,0,-0.1,0,0,0,0,0,0,0,0,0.0425,-0.009202688694934437,0.05500000000000001,-0.007210703541478361,0.08,-0.0018079063096578633,0.10625000000000001,0.003646118941991555,0.11875000000000001,0.003237850133143939,0.14,0.005114883244501316,0.16625,0.009971523598723789,0.2025,0.013413897438457126,0.014500786354157408,21.76115269874542,0.0116172150953813,15.22838713623787,-0.002900197566464885,0.09871072059672104,3.7495440895143175e-05,20.64573181737717,-0.018282037958162647,3994.1672165196287,0.16
2023-08-28,-0.0575,-0.045,-0.02125,0.00625,0.01875,0.04,0.065,0.11125,146.54,146.68,32169.99,104.058,0.7100996314999318,,,,0,-0.1,0,0,0,0,0,0,0,0,0.0425,-0.00900940265099124,0.05500000000000001,-0.006732292088004438,0.07875,-0.002901688004334154,0.10625000000000001,0.0034165447715214757,0.11875000000000001,0.0030843449062206464,0.14,0.005573523777299583,0.165,0.0086262841242093,0.21125,0.020759895405214515,0.013374272160214636,21.554615345187656,0.010236535422062928,15.090546422900786,-0.0031448413884552122,0.09877892572805258,0.0002079788884381995,20.64381440454254,-0.0004272654319459072,4764.313301193371,0.16875
2023-08-29,-0.05875,-0.045,-0.02125,0.00625,0.01875,0.03875,0.0525,0.1125,145.88,146.92,32226.97,103.531,0.7096997532218262,,,,0,-0.1,0,0,0,0,0,0,0,0,0.04125000000000001,-0.01014385841182363,0.05500000000000001,-0.006603313604227529,0.07875,-0.002385147833810799,0.10625000000000001,0.0031860748223122588,0.11875000000000001,0.003070473041184737,0.13875,0.00444751458772278,0.1525,-0.003270906029950192,0.21250000000000002,0.019271108102055193,0.007559458647447307,20.728553212360282,0.004303144710216802,14.511399950384089,-0.0032775426603925384,0.09883182118194034,0.0018035464063739153,20.887169959390746,0.0028158499071389057,4662.544624061804,0.17125
2023-08-30,-0.0575,-0.045,-0.02125,0.01125,0.0225,0.04125,0.0725,0.095,146.25,146.79,32333.46,103.157,0.7053470085470085,,,,0,-0.1,0,0,0,0,0,0,0,0,0.0425,-0.008304540024622047,0.05500000000000001,-0.0065271795312775716,0.07875,-0.0022462347484777413,0.11125,0.008014736461513008,0.1225,0.006836521601337849,0.14125000000000001,0.0075365287921622046,0.1725,0.021965382792041382,0.195,0.0008629648880582319,0.009100882488908632,21.27271590632077,0.00026083558534315107,14.310061758827757,-0.008808665515943321,0.09481687294824614,0.001005847554426636,20.66325468489839,0.007922159203954534,4711.332688401104,0.1525
2023-08-31,-0.05625,-0.045,-0.0225,0.0125,0.025,0.0425,0.065,0.10125,145.54,146.82,32619.34,103.619,0.7119623471210664,,,,0,-0.1,0,0,0,0,0,0,0,0,0.043750000000000004,-0.007333810228437619,0.05500000000000001,-0.006477600425851687,0.07750000000000001,-0.003445529262400899,0.1125,0.007114660348767391,0.125,0.007843129801690989,0.14250000000000002,0.007991374322855342,0.165,0.008089959390801413,0.20125,0.0138526277444396,0.0034334882309952908,20.429602320666035,0.004239614543491667,14.955426639186442,0.000758167707850223,0.10333421958848243,0.0011797036420792913,20.719162943616027,0.016973861652902832,4933.051642253569,0.1575
2023-09-01,-0.0525,-0.04375,-0.0225,0.00625,0.02125,0.03125,0.05625,0.10375,146.25,147.04,32710.62,104.236,0.7127247863247863,,,,0,-0.1,0,0,0,0,0,0,0,0,0.04750000000000001,-0.004094915944661201,0.05625000000000001,-0.005191165163820927,0.07750000000000001,-0.0029397649897482114,0.10625000000000001,-0.0003770399296941932,0.12125000000000001,0.0026328716255798815,0.13125,-0.003955319328958193,0.15625,0.0007954168257853847,0.20375,0.015806596124983655,0.007047611833928469,21.371372908975047,0.009390773849152255,15.441753619041307,0.0022923584957387794,0.10207586948912983,0.0024338198700599206,20.93065987320051,0.018943961698650532,4886.145279027467,0.15625
2023-09-04,-0.0525,-0.04375,-0.025,0.00625,0.0225,0.03875,0.0575,0.105,146.48,146.89,32939.18,104.236,0.7116056799563081,,,,0,-0.1,0,0,0,0,0,0,0,0,0.04750000000000001,-0.005722237469469593,0.05625000000000001,-0.005663597816596255,0.07500000000000001,-0.0053003744722313825,0.10625000000000001,0.001530524323055324,0.1225,0.004834975956841493,0.13875,0.0078042295984134015,0.1575,0.005714570688050258,0.20500000000000002,0.01632074998506712,0.006994929964767442,21.366295650852322,0.00830744109919805,15.165085134542366,0.0012846447470445572,0.10021025371055281,0.0012303225080856728,20.690967491248244,0.024872172871925904,5030.304538132106,0.1575
2023-09-05,-0.055,-0.04625,-0.02375,0.00375,0.02125,0.0375,0.06125,0.10125,147.72,146.73,33036.76,104.807,0.7094976983482264,,,,0,-0.1,0,0,0,0,0,0,0,0,0.045000000000000005,-0.008724997349852041,0.053750000000000006,-0.008294853706968683,0.07625000000000001,-0.002992018774924464,0.10375000000000001,-0.0006165082706522012,0.12125000000000001,0.0032112357731698023,0.1375,0.0047699482675865185,0.16125,0.010049816488264238,0.20125,0.01200631433440208,0.01370408240291502,22.445431051182098,0.012479326707575263,15.64692743425293,-0.0012196934950992977,0.09827634425788545,9.54224488127403e-05,20.56455216219105,0.026658972391647776,4997.996545278344,0.15625
2023-09-06,-0.055,-0.04625,-0.025,0.00375,0.02125,0.03375,0.06375,0.0925,147.66,146.87,33241.02,104.861,0.7101516998510091,,,,0,-0.1,0,0,0,0,0,0,0,0,0.045000000000000005,-0.007988516127144303,0.053750000000000006,-0.007360433858033116,0.07500000000000001,-0.0044156861706302515,0.10375000000000001,0.000484310280684133,0.12125000000000001,0.003575928992890335,0.13375,0.0012474091240036178,0.16375,0.011457656593170842,0.1925,0.004616483856394155,0.011806464433282947,21.82067586146144,0.011860735864504878,15.422132183566902,4.778163137885356e-05,0.09976434943544366,0.0009984767266320881,20.77356687086447,0.0316220952768735,5111.541891011093,0.1475
2023-09-07,-0.055,-0.0475,-0.02625,0.0025,0.02,0.035,0.06,0.09125,147.29,146.84,32991.08,105.059,0.7132799239595357,,,,0,-0.1,0,0,0,0,0,0,0,0,0.045000000000000005,-0.00785552772335004,0.052500000000000005,-0.008351382682334499,0.07375000000000001,-0.0051471266025420355,0.10250000000000001,-0.00044532854194628737,0.12000000000000001,0.0023836397150946813,0.135,0.004068656808529986,0.16,0.006529899523700693,0.19125,0.007259280232857837,0.008038161591343799,21.28119500147804,0.012516347774630534,15.495257933363831,0.004441883664287016,0.10286438452571967,0.0009065688753775197,20.70859952316293,0.022616869634798517,4736.251715878025,0.14625
2023-09-08,-0.06125,-0.0475,-0.0225,0.0025,0.02,0.03375,0.05375,0.09625,147.81,146.96,32606.84,105.09,0.7109803125634261,,,,0,-0.1,0,0,0,0,0,0,0,0,0.03875000000000001,-0.0140613234504888,0.052500000000000005,-0.007719120061181486,0.07750000000000001,-0.0007238097618360931,0.10250000000000001,0.0002036278997479637,0.12000000000000001,0.0028944119489056584,0.13375,0.0028268870493145283,0.15375,0.0014412568957481789,0.19625,0.014023969029379274,0.01053883782222429,21.843521725659627,0.011564310232306594,15.378135273605494,0.0010134743125841887,0.09935653380570264,0.0017211117359371383,20.835149625711622,0.0104980812776413,4399.400728808672,0.1575
2023-09-11,-0.04625,-0.0325,-0.01125,0.055,0.05625,0.09875,0.10875,0.175,146.59,146.19,32467.76,104.569,0.71334333856334,,,,0,-0.1,0,0,0,0,0,0,0,0,0.053750000000000006,0.0034560627135593602,0.0675,0.007513484875453738,0.08875000000000001,0.00927144983814401,0.155,0.052931634390791946,0.15625,0.0392899765996564,0.19875,0.06846579795053236,0.20875,0.05922804598125521,0.275,0.09162049663924463,0.0018452706396938918,20.38520948018399,0.005881727685964174,14.773484902539352,0.004027624826131793,0.10230300425381289,-0.0033813724554491178,20.019628614497577,0.005552460282312171,4410.521222480962,0.22125
2023-09-12,-0.05,-0.03625,-0.0025,0.05875,0.08375,0.10125,0.11375,0.19,147.09,146.23,32776.37,104.711,0.7118838806173091,,,,0,-0.1,0,0,0,0,0,0,0,0,0.05,-0.005535733830262901,0.06375,-0.0020979864869297635,0.0975,0.013215274840544166,0.15875,0.035806778359762405,0.18375000000000002,0.05236269787313365,0.20125,0.04523684256752207,0.21375,0.04312552249617188,0.29000000000000004,0.07506246712236163,0.004743998278635648,21.276466213190417,0.006520549077621116,15.070811294605846,0.0017666367649850493,0.10000580956796612,-0.002982937596945472,20.355274919140726,0.014266175364598913,4812.5675488573215,0.24
2023-09-13,-0.04625,-0.03,0.0025,0.0725,0.10375,0.115,0.13,0.20375,147.47,145.56,32706.52,104.766,0.7104224588051807,,,,0,-0.1,0,0,0,0,0,0,0,0,0.053750000000000006,-0.0016812309341840692,0.07,0.0039485586991924795,0.10250000000000001,0.013220262203557922,0.1725,0.041832410698268374,0.20375,0.05705476002638486,0.21500000000000002,0.05036639888384149,0.23,0.05127127793315986,0.30374999999999996,0.0734274864095722,0.006954520779916824,21.538258757679415,0.00640349512100923,15.09178343956036,-0.0005490316917787616,0.09888730019247516,-0.007188945121202627,19.755966946816102,0.010635248129550303,4652.808671550585,0.25
2023-09-14,-0.04875,-0.03,-0.01125,0.0625,0.1075,0.11,0.12,0.20375,147.47,145.62,33168.1,105.405,0.714755543500373,,,,0,-0.1,0,0,0,0,0,0,0,0,0.051250000000000004,-0.005928267927579445,0.07,0.0010073597438060508,0.08875000000000001,-0.004393239439508811,0.1625,0.022565561567360608,0.20750000000000002,0.04720504085882227,0.21000000000000002,0.03553334310062875,0.22,0.030971146650281306,0.30374999999999996,0.06115811776737862,0.006394464045641677,21.354337603049743,0.011651192688815511,15.693295231834398,0.005223076873315544,0.10385502453312467,-0.0065357693514715605,20.125637907133722,0.022462053025046416,5122.806260281148,0.2525
2023-09-15,-0.05,-0.03125,-0.0225,0.0525,0.09125,0.09625,0.10625,0.17875,147.84,145.72,33533.09,105.322,0.712405303030303,,,,0,-0.1,0,0,0,0,0,0,0,0,0.05,-0.006821303842836898,0.06875,-0.0013197607146470912,0.07750000000000001,-0.011835137118998803,0.1525,0.012522059218120968,0.19125,0.02380331163560484,0.19625,0.019374398861191855,0.20625,0.016899581782756648,0.27875,0.030342362569229092,0.0080767512981101,21.656670733209836,0.009910977635096588,15.334553560673925,0.0018200418983916511,0.09996230373579273,-0.0055346650196887144,20.31011489482205,0.030406323094338522,5302.481376325115,0.22875
2023-09-19,-0.0525,-0.03625,-0.0125,0.04875,0.095,0.09375,0.12,0.175,147.87,145.52,33242.59,105.157,0.7111449245959288,,,,0,-0.1,0,0,0,0,0,0,0,0,0.04750000000000001,-0.008908945017109843,0.06375,-0.006466279107973458,0.08750000000000001,0.0032460638655895623,0.14875,0.011385137000501859,0.195,0.030106442704296354,0.19375,0.020132887112221276,0.22,0.034639939245407425,0.275,0.03279534666256331,0.007704128745157317,21.494739232482118,0.0074318903059697235,15.10958986317938,-0.0002708120452281616,0.09922293540615879,-0.006580923513830853,20.126401567412614,0.01885477722984872,4808.766184086871,0.22749999999999998
2023-09-20,-0.0525,-0.035,-0.01125,0.045,0.08875,0.09375,0.125,0.1675,148.34,145.57,33023.78,105.12,0.7086423082108669,,,,0,-0.1,0,0,0,0,0,0,0,0,0.04750000000000001,-0.007868730731754668,0.065,-0.0035146962799722306,0.08875000000000001,0.001968622729798822,0.14500000000000002,0.009108300099301907,0.18875,0.021596488290564236,0.19375,0.021050425353028118,0.225,0.034505462175776214,0.2675,0.027039331475546352,0.010063869482915993,21.87249604879875,0.00632687817528581,15.092409311608378,-0.0037029893885919597,0.09729958839567365,-0.005957969851648273,20.284148111613717,0.010341475604621848,4630.557422337024,0.22
2023-09-21,-0.05125,-0.03125,-0.01625,0.05625,0.07125,0.125,0.13,0.16375,147.59,145.32,32571.03,105.363,0.7138898299342774,,,,0,-0.1,0,0,0,0,0,0,0,0,0.04875000000000001,-0.0063367990824740456,0.06875,7.819963531455199e-05,0.08375,-0.004020113003464654,0.15625,0.021919712380010052,0.17125,0.005151237015263321,0.225,0.05210596445396942,0.23,0.035685703870262375,0.26375000000000004,0.02621284920902517,0.0040170204660559495,20.876355277430463,0.007715460474404624,15.334692460838227,0.0036839770794647965,0.10372412370110784,-0.007292289300657471,20.061510182735958,-0.004364198050428296,4255.239851243779,0.215
2023-09-22,-0.05125,-0.03,-0.0025,0.04,0.08375,0.10125,0.1275,0.165,148.38,145.31,32402.41,105.583,0.711571640382801,2023-09-22,-0.1," ""MPM""",1,-0.1,0,0,0,0,0,0,0,0,0.04875000000000001,-0.006709486478517407,0.07,-0.00021942615876188384,0.0975,0.011340084144738128,0.14,0.0013917623203289556,0.18375000000000002,0.024206230498686844,0.20125,0.015440641885419382,0.2275,0.029380989131226387,0.265,0.0294007113462392,0.0085335888991977,21.86462716969966,0.009047047225940177,15.443714301491013,0.0005105335735984842,0.09970338731108674,-0.006858560556613043,20.178138961021588,-0.009692963623180683,4281.303092450562,0.21625
2023-09-25,-0.035,-0.00125,0.02625,0.05125,0.11,0.13,0.15625,0.195,148.88,145.49,32678.62,105.998,0.7119693713057497,,,,0,-0.1,0,0,0,0,0,0,0,0,0.065,0.009457747399132431,0.09875,0.02752215538659233,0.12625,0.034946591414476494,0.15125,0.01772630498926092,0.21000000000000002,0.04694155683834464,0.23,0.049487407459647775,0.25625,0.0572868836095326,0.29500000000000004,0.05928374801064509,0.011090208968603648,22.068941018595524,0.012084130603328023,15.725166533083964,0.0009848586327143507,0.10062401536374754,-0.005220387888152865,20.41374493726491,-0.0028577965891384127,4681.418861762304,0.23
2023-09-26,-0.035,-0.005,0.03,0.055,0.1075,0.1325,0.1525,0.205,149.07,145.31,32315.05,106.231,0.7126249413027437,,,,0,-0.1,0,0,0,0,0,0,0,0,0.065,0.0029170468466872823,0.095,0.011818774507743362,0.13,0.025682414488164863,0.155,0.018038091267154326,0.20750000000000002,0.03294107525552116,0.2325,0.040889379237384685,0.2525,0.041043897552312525,0.305,0.05712446451352368,0.011511567547761207,21.957680169577372,0.013257688662980759,15.733497851787774,0.0017287211154548223,0.10121262905241368,-0.00598556623456579,20.197261254574272,-0.014169803749013471,4255.752819073667,0.24
2023-09-27,-0.03625,-0.00625,0.02375,0.05875,0.105,0.1325,0.15875,0.20125,149.63,145.29,32371.9,106.666,0.7128650671656753,,,,0,-0.1,0,0,0,0,0,0,0,0,0.06375,-0.0003107185102442442,0.09375,0.008320109830245018,0.12375,0.013654553530105364,0.15875,0.01930118874810792,0.20500000000000002,0.027633940611429028,0.2325,0.036237337540577425,0.25875000000000004,0.0444966132413422,0.30125,0.04553942831577565,0.014021319996475955,22.31791519427597,0.01588795193804046,15.985665807823352,0.001843380912061915,0.10118134024982028,-0.005567970650942686,20.25409068342077,-0.012653760162328756,4452.3456522516135,0.23750000000000002
2023-09-28,-0.045,-0.01,0.02875,0.0675,0.095,0.12875,0.16625,0.19,149.31,145.11,31872.52,106.224,0.7114325899136026,,,,0,-0.1,0,0,0,0,0,0,0,0,0.05500000000000001,-0.009619887153675927,0.09000000000000001,0.0034558109257855144,0.12875,0.01830832227259669,0.1675,0.025500534055318463,0.195,0.016718683042279414,0.22875,0.030008045020844087,0.26625,0.047382419713207835,0.29000000000000004,0.03239817856159827,0.010804663065112336,21.670548143291214,0.010202931684532242,15.284048045555224,-0.0005971591929242986,0.0995730185176732,-0.006228620150048316,20.11349403086075,-0.027201085688384218,3974.201675140066,0.235
2023-09-29,-0.045,-0.01125,0.02375,0.05,0.09625,0.1125,0.1625,0.1925,149.38,144.96,31857.62,106.224,0.7110992100682823,,,,0,-0.1,0,0,0,0,0,0,0,0,0.05500000000000001,-0.006661807515194407,0.08875000000000001,0.002718306398511538,0.12375,0.010206827314013804,0.15000000000000002,0.0033521444156000696,0.19625,0.020868897308917306,0.21250000000000002,0.013532567235217313,0.2625,0.03829309118584137,0.2925,0.03766884718787433,0.009965789082254874,21.72921356036484,0.00895314841937891,15.350905315906033,-0.0010049181720223278,0.09974158685740409,-0.006623197294528191,20.060314624933213,-0.026524245833764094,4177.201273893963,0.2375
2023-10-02,-0.045,-0.0125,0.0225,0.05,0.09375,0.12125,0.1625,0.195,149.86,144.84,31759.88,106.904,0.7133591351928465,,,,0,-0.1,0,0,0,0,0,0,0,0,0.05500000000000001,-0.006030830840802068,0.08750000000000001,0.0016427013800274642,0.1225,0.009409132314872124,0.15000000000000002,0.008523794654590452,0.19375,0.01812823498357692,0.22125,0.027905016994224763,0.2625,0.03723180707217266,0.29500000000000004,0.03915423022926595,0.011976108558173855,22.127604459913357,0.014127048573824654,16.01255691558228,0.00212530773973281,0.10226823849400135,-0.006696772998940362,20.041197572724187,-0.028099119330844902,4158.020193826505,0.24
2023-10-03,-0.04625,-0.015,0.02375,0.055,0.09,0.11875,0.1575,0.19625,149.03,144.96,31237.94,107.0,0.7179762463933436,,,,0,-0.1,0,0,0,0,0,0,0,0,0.053750000000000006,-0.007056892399590203,0.085,-0.0005965832323932673,0.12375,0.010655322037457832,0.155,0.01446787468648502,0.19,0.015072314566369427,0.21875,0.023024085787099094,0.2575,0.030907076748013323,0.29625,0.038718311160127306,0.005505552781788512,21.049755300991876,0.013708752948755627,15.811532004416904,0.008160295823718756,0.10608016669386167,-0.0052154817458138275,20.254748364785485,-0.04157647871122448,3718.1977103944337,0.2425
2023-10-04,-0.0375,-0.01,0.03,0.06875,0.0925,0.12,0.155,0.20375,149.13,144.42,30526.88,106.799,0.7161469858512708,,,,0,-0.1,0,0,0,0,0,0,0,0,0.0625,0.0022825446017053566,0.09000000000000001,0.005267680328092116,0.13,0.016009007441947515,0.16875,0.02648119440220932,0.1925,0.019013709097782078,0.22,0.024512725528568508,0.255,0.029261330075377456,0.30374999999999996,0.044783222698034725,0.005701877134832134,21.377694530915136,0.010850655828630812,15.466432182288827,0.0051224764233744014,0.10219333720312318,-0.00813505077109577,19.71259425207647,-0.059772603722793936,3256.982523653587,0.24125
2023-10-05,-0.04,-0.01125,0.02375,0.06375,0.0875,0.12,0.155,0.195,148.51,144.67,31075.36,106.332,0.7159921890781765,,,,0,-0.1,0,0,0,0,0,0,0,0,0.060000000000000005,-0.0035352249363575783,0.08875000000000001,0.002119559653910901,0.12375,0.006684780394157486,0.16375,0.01542435402805327,0.1875,0.013257342504953501,0.22,0.02375642123253996,0.255,0.02987881147566973,0.29500000000000004,0.032140036890962176,0.0012337605425849153,20.746013493681062,0.005730370395592666,15.002508942002606,0.004493514754034313,0.102116256415821,-0.005666880878658841,20.196207384507233,-0.03967664038867133,4180.461401648092,0.23500000000000001
2023-10-06,-0.03625,-0.01125,0.01875,0.05125,0.0825,0.10625,0.13625,0.1875,149.34,144.77,30994.67,106.044,0.710084371233427,,,,0,-0.1,0,0,0,0,0,0,0,0,0.06375,0.00024664388045075175,0.08875000000000001,0.0019688093252451418,0.11875000000000001,0.0029464608214407537,0.15125,0.002897161525754699,0.1825,0.009933289564307515,0.20625,0.009521609917677865,0.23625000000000002,0.010878795139640962,0.2875,0.026503939684523165,0.006134225339302394,21.80864597021835,0.0025393427961511506,14.870071402697121,-0.0035714367913879923,0.09613492755305786,-0.004271240998411244,20.278615770042308,-0.03920639183936412,4020.106088781671,0.22375
2023-10-10,-0.0375,-0.01125,0.01625,0.04125,0.07875,0.11,0.1425,0.18375,148.72,145.15,31746.53,105.825,0.7115720817643895,,,,0,-0.1,0,0,0,0,0,0,0,0,0.0625,-0.002727817370698965,0.08875000000000001,0.0016960874319930618,0.11625,0.0023699062254141402,0.14125000000000001,-0.0026891804440467224,0.17875000000000002,0.008504391281501475,0.21000000000000002,0.018350250538413174,0.2425,0.024234177879875363,0.28375,0.025693840366774384,0.0016501094460347166,20.91117601123584,0.00012144163028537129,14.792607613228412,-0.001525258185257281,0.09990140232869027,-0.001035784460480135,20.639175841566612,-0.014585755945467753,4822.5464742632685,0.22125
2023-10-11,-0.0375,-0.01375,0.01625,0.03625,0.0675,0.10125,0.125,0.1675,149.16,145.24,31936.51,105.82,0.7094395280235988,,,,0,-0.1,0,0,0,0,0,0,0,0,0.0625,-0.002866736729583527,0.08625000000000001,-0.0010480106602455876,0.11625,0.00373114675386187,0.13625,-0.00273275141789308,0.1675,-0.0006160189480063916,0.20125,0.00933088010705524,0.225,0.006026707519343866,0.2675,0.011473029247914296,0.0037448646902663784,21.520270446220394,-0.0005166484533133135,14.912627617946939,-0.00424492016852343,0.09780251472640178,-8.949901206843789e-05,20.584906680670457,-0.007870752873687636,4745.339897603717,0.20500000000000002
2023-10-12,-0.04,-0.0125,0.0125,0.03875,0.07,0.10625,0.12875,0.16875,149.81,145.53,32494.66,106.599,0.7115613109939256,,,,0,-0.1,0,0,0,0,0,0,0,0,0.060000000000000005,-0.005612261563914735,0.08750000000000001,0.0009830348795801663,0.1125,0.00033842925110124517,0.13875,0.0033020533569272648,0.17,0.007081822066959009,0.20625,0.017873703692418738,0.22875,0.01677521524617713,0.26875000000000004,0.019742468393925378,0.007197146689346205,22.023650060033162,0.005944185616373135,15.73374377966006,-0.0012442187390255008,0.10090691822939679,0.0021484939883486334,20.803975299818333,0.009910465892935589,5164.96717612278,0.20875000000000002
2023-10-13,-0.04125,-0.015,0.01,0.05,0.07625,0.105,0.13375,0.17,149.56,145.39,32315.99,106.648,0.7130783631987162,,,,0,-0.1,0,0,0,0,0,0,0,0,0.058750000000000004,-0.0060692881710149235,0.085,-0.0019149780999454108,0.11,-0.0005528743971890803,0.15000000000000002,0.014904448553336808,0.17625000000000002,0.014009621826759334,0.20500000000000002,0.015653831020172662,0.23375,0.022340501197896906,0.27,0.02259675431169131,0.004810405525247966,21.468511252111114,0.005513693722233415,15.490548742177879,0.0006986103448337194,0.10192108604784089,0.0012430316198320014,20.524094070622922,0.00496741590551755,4715.717447756182,0.21125000000000002
2023-10-16,-0.04125,-0.01625,0.01,0.04625,0.07625,0.1175,0.13875,0.175,149.51,145.47,31659.03,106.243,0.7106079860878871,,,,0,-0.1,0,0,0,0,0,0,0,0,0.058750000000000004,-0.0054439900848939834,0.08375,-0.0023327529203898915,0.11,0.0009056920239868052,0.14625,0.007115692822531272,0.17625000000000002,0.012114633567647262,0.2175,0.02855297514226801,0.23875000000000002,0.025925177550273668,0.275,0.028000420139878524,0.003786607226780128,21.412037851775068,0.0012996547762548823,14.982344266099872,-0.0024778910476367785,0.09879168904578906,0.0018457046046197758,20.614108894418194,-0.013147208316450328,4039.1870316819113,0.21625
2023-10-17,-0.035,-0.01,0.0125,0.045,0.085,0.13375,0.14875,0.19125,149.81,145.26,32040.29,106.25,0.709231693478406,,,,0,-0.1,0,0,0,0,0,0,0,0,0.065,0.0009667377995529469,0.09000000000000001,0.004578106563819316,0.1125,0.003906796388475181,0.14500000000000002,0.006339895607099244,0.185,0.02053412341687548,0.23375,0.03994181485482429,0.24875,0.03372783280612278,0.29125,0.04266075201787442,0.005136049971652781,21.697360557428993,0.0009279190590808005,15.100244179226209,-0.004188057499079299,0.09822738733092229,0.0005579319323041821,20.364475535976183,0.0010662633943346377,4654.701417445249,0.22625
2023-10-18,-0.035,-0.01,0.0175,0.05375,0.10625,0.14,0.18,0.20625,149.93,144.97,32042.25,106.565,0.7107650236777162,,,,0,-0.1,0,0,0,0,0,0,0,0,0.065,-0.0014792160997678105,0.09000000000000001,0.0022589770316772517,0.11750000000000001,0.008155961262751189,0.15375,0.015542369545055952,0.20625,0.038165271391326305,0.24000000000000002,0.038233980008799476,0.28,0.06029284557784703,0.30625,0.05082278358723172,0.00524648418511875,21.6716480027018,0.003230030718712362,15.426523458553845,-0.002008535574708429,0.1005283232658708,-0.00125041766705821,20.142982336524696,0.0030083128024270284,4562.432662603485,0.24125
2023-10-19,-0.02625,-0.01125,0.025,0.055,0.095,0.16375,0.18625,0.23125,149.8,144.61,31430.62,106.253,0.7092990654205606,,,,0,-0.1,0,0,0,0,0,0,0,0,0.07375000000000001,0.0065313573341926855,0.08875000000000001,0.00031903435083040915,0.125,0.013482706294089077,0.155,0.013360824255910266,0.195,0.017275297540145673,0.26375000000000004,0.05671314552915507,0.28625,0.0524467056931365,0.33125000000000004,0.06770505661501647,0.0038835146645402234,21.434089483301477,-0.0002404059897316582,14.987432310681925,-0.004112818843563619,0.09872492985512538,-0.0034010206507767435,19.91543230400876,-0.01367794279683416,3931.458742380353,0.2575
2023-10-20,-0.025,-0.01,0.02875,0.06875,0.09625,0.1625,0.185,0.21625,149.85,144.64,31259.36,106.163,0.7084617951284617,,,,0,-0.1,0,0,0,0,0,0,0,0,0.07500000000000001,0.0038719772419932366,0.09000000000000001,0.0016774693862748446,0.12875,0.013536865791575951,0.16875,0.025557351013536428,0.19625,0.0198473725306242,0.2625,0.04360038904651761,0.28500000000000003,0.04401715325555938,0.31625000000000003,0.039729181097159005,0.0034587014969849885,21.481941293974472,-0.0014630560706481153,14.98002869519074,-0.004909193953182206,0.09844967325713894,-0.002960649895395094,20.132305800977406,-0.017029216889098343,3996.585492468861,0.24125
2023-10-23,-0.02125,-0.00625,0.03625,0.07125,0.11,0.17125,0.19875,0.22375,149.72,144.46,30999.55,105.536,0.7048891263692225,,,,0,-0.1,0,0,0,0,0,0,0,0,0.07875,0.005790842452062767,0.09375,0.00479874576103459,0.13625,0.01823619440433622,0.17125,0.021811407375012165,0.21000000000000002,0.03264403856653715,0.27125,0.048460617898592295,0.29875,0.054840548879301676,0.32375,0.04845030414010315,0.002138547059748639,21.30902246783441,-0.007338486514755114,14.400425967741825,-0.009462425423339822,0.09539702636756964,-0.003909616829969447,20.00789262443324,-0.023044246826537752,3873.778733768788,0.245
2023-10-24,-0.02125,-0.00625,0.0325,0.06875,0.11375,0.1625,0.1975,0.22625,149.91,144.75,31062.35,106.27,0.7088920018677873,,,,0,-0.1,0,0,0,0,0,0,0,0,0.07875,0.0033655805642384892,0.09375,0.003007005603021473,0.1325,0.010270837424540526,0.16875,0.016169349555269483,0.21375,0.030240783671414737,0.2625,0.03371969499160557,0.2975,0.04601394745412274,0.32625000000000004,0.046919813832590695,0.0030645290795706876,21.523686061625227,-0.0005624011330784958,15.396496588163231,-0.0036219905237371793,0.1010338663614887,-0.0016552865714877514,20.405787815422755,-0.01856552813293716,4097.318599744805,0.2475
2023-10-25,-0.02125,-0.0075,0.02875,0.0625,0.10875,0.13875,0.175,0.20625,150.23,144.72,31269.92,106.528,0.7090993809492113,,,,0,-0.1,0,0,0,0,0,0,0,0,0.07875,0.0023041800555612633,0.0925,0.0011038699491491121,0.12875,0.006371199208038206,0.1625,0.009390459371452956,0.20875,0.02159921004852082,0.23875000000000002,0.010652919664437932,0.275,0.020842329467820414,0.30625,0.02409063630779723,0.0048157313892047285,21.761491723700743,0.001724111180017089,15.439629012416432,-0.0030835080612761556,0.10019554953540488,-0.00165907264392712,20.306547557675458,-0.010373273629815613,4344.990006283377,0.22749999999999998
2023-10-26,-0.02,-0.00625,0.0275,0.05875,0.10625,0.1425,0.17875,0.23375,150.4,144.26,30601.78,106.602,0.7087898936170213,,,,0,-0.1,0,0,0,0,0,0,0,0,0.08,0.0028598186384611764,0.09375,0.0024476528405996383,0.1275,0.006047495288733055,0.15875,0.00743540510380937,0.20625,0.019362026510162333,0.2425,0.02303802492925859,0.27875,0.0316649710275049,0.33375,0.0580240759796386,0.005693805019776298,21.770091580818445,0.0024501264558645284,15.362530078542818,-0.00323307718891137,0.09964155491198723,-0.004478672822253973,19.854515481374293,-0.02879812618450581,3626.8473930929504,0.25375000000000003
2023-10-27,-0.01875,-0.00625,0.025,0.05875,0.105,0.15625,0.18875,0.2225,149.62,144.42,30991.69,106.559,0.7121975671701644,,,,0,-0.1,0,0,0,0,0,0,0,0,0.08125,0.003094573376255832,0.09375,0.0017996674617934468,0.125,0.003999087347785389,0.15875,0.009103006804585624,0.20500000000000002,0.01854796320300761,0.25625,0.03724023216341585,0.28875,0.041388233972586314,0.3225,0.037024832135914315,0.0003744216522693402,20.86095875903132,0.0018879597435833507,15.236677171542595,0.001505243324330734,0.10310701726547111,-0.003137198057629357,20.206605458589905,-0.015046935745789103,4283.4657852319615,0.24125
2023-10-30,-0.01875,-0.00625,0.02875,0.07875,0.12375,0.17,0.2175,0.2275,149.12,144.24,30696.96,106.12,0.7116416309012875,,,,0,-0.1,0,0,0,0,0,0,0,0,0.08125,0.0020365256136819464,0.09375,0.0014927258644441607,0.12875,0.008719282631497217,0.17875000000000002,0.029472457871407412,0.22375,0.03754096531638354,0.27,0.045755666638474385,0.3175,0.06596199853016294,0.3275,0.04360703299908367,-0.002881960000267355,20.613094828945492,-0.0021908173723354293,14.77555868373085,0.0006853113350851089,0.10120895944634933,-0.004132188610072607,20.025750685028797,-0.02261115325124954,3918.5705247110673,0.24625
2023-10-31,-0.01625,-0.00375,0.0275,0.06875,0.1225,0.16625,0.21375,0.24125,151.69,143.75,30858.85,106.663,0.7031643483420134,2023-10-31,-0.1," ""MPM""",1,-0.1,0,0,0,0,0,0,0,0,0.08375,0.003967133447183052,0.09625,0.003764576416521767,0.1275,0.0061532191533011475,0.16875,0.011570464325338578,0.2225,0.028605898126013288,0.26625,0.03487179086335432,0.31375,0.04922215626326856,0.34125,0.05501657806477808,0.013682610221026873,23.435606870638225,0.0030284664562429094,15.47333223630666,-0.01052591109203021,0.0925662870752515,-0.0071416731130511096,19.625925189920906,-0.016045167569432243,4200.810986296936,0.2575
2023-11-01,-0.00875,0.02875,0.0725,0.13,0.1975,0.25125,0.30625,0.3325,150.96,143.68,31601.65,106.884,0.7080286168521462,,,,0,-0.1,0,0,0,0,0,0,0,0,0.09125,0.010046859116563452,0.12875,0.03507521808416403,0.1725,0.051222721583496264,0.23,0.07442001088439389,0.2975,0.10160863280407792,0.35124999999999995,0.1187466944003778,0.40625,0.1388187159899938,0.4325,0.13970141950588671,0.008154188287620675,21.75669472928135,0.005161510563534275,15.513100311809254,-0.0029832284113072453,0.10068612263516696,-0.007186290768380265,19.789601818404734,0.0070555535815605905,4923.547172047307,0.34125
2023-11-02,-0.00875,0.0275,0.0725,0.125,0.19125,0.22375,0.3025,0.31,150.44,144.08,31949.89,106.124,0.705424089337942,,,,0,-0.1,0,0,0,0,0,0,0,0,0.09125,0.00640744927850145,0.1275,0.020361608821621868,0.1725,0.033090722333581776,0.225,0.044794731839222196,0.29125,0.06404966181201802,0.32375,0.0560932850529447,0.40249999999999997,0.09592899206897798,0.41000000000000003,0.07827643835336784,0.004242195661678915,21.259139014794783,-0.0016688397330608213,14.614109348738566,-0.005900294411910103,0.09706605201427942,-0.0043053703102215604,20.301632297539385,0.015849678275801925,4984.262716200057,0.31875
2023-11-06,-0.005,0.02125,0.0625,0.10875,0.1725,0.21,0.2575,0.285,150.07,144.42,32708.48,105.215,0.7011061504631173,,,,0,-0.1,0,0,0,0,0,0,0,0,0.095,0.008811077910730478,0.12125000000000001,0.010406467237233197,0.1625,0.017545379908839802,0.20875,0.02293601091335086,0.27249999999999996,0.03784680369477994,0.31,0.042213383801454396,0.35750000000000004,0.03974170808487687,0.385,0.04980759486192743,0.001250979934281854,21.041372924670412,-0.009699700363921173,13.954399118812972,-0.010947828085471263,0.09369248747962011,-0.0018695076732750142,20.54078016764055,0.03727607840300512,5526.014894270698,0.29
2023-11-07,-0.005,0.0225,0.06125,0.1075,0.18125,0.2275,0.25875,0.3075,150.37,144.34,32271.82,105.542,0.7018820243399614,,,,0,-0.1,0,0,0,0,0,0,0,0,0.095,0.006477511509749344,0.1225,0.01199146652457016,0.16125,0.01727128690806156,0.20750000000000002,0.024604456023438706,0.28125,0.04929250861370929,0.3275,0.06230621415907975,0.35875,0.05225871716023317,0.4075,0.07798975710849804,0.0029079461629784244,21.50533069539935,-0.0063871881544467005,14.702991711369833,-0.009280116394755712,0.09650776570284325,-0.0022741568684374633,20.317926302963045,0.02136003240063779,4707.854320977407,0.3125
2023-11-08,-0.005,0.01875,0.05375,0.09375,0.1625,0.21625,0.245,0.2875,150.99,144.67,32166.48,105.593,0.6993377044837407,,,,0,-0.1,0,0,0,0,0,0,0,0,0.095,0.005420235808007607,0.11875000000000001,0.007023472960223397,0.15375,0.009462118064024673,0.19375,0.010833542397865478,0.2625,0.02594962426851241,0.31625000000000003,0.043272985988694,0.345,0.03875808627400151,0.38749999999999996,0.04870617123150198,0.006281344240990513,22.0457527546007,-0.0057984810117045855,14.757087888561031,-0.012018396927950138,0.09435602803008936,0.0001728369456253397,20.64488610756574,0.01735008926033729,4642.48582321695,0.2925
2023-11-09,-0.00625,0.01125,0.05125,0.09375,0.15125,0.2025,0.235,0.27625,151.35,144.76,32646.46,105.91,0.6997687479352495,,,,0,-0.1,0,0,0,0,0,0,0,0,0.09375,0.003450891475982069,0.11125,0.00018285590866733495,0.15125,0.009272950039275425,0.19375,0.015674464877710403,0.25125,0.019830808859701454,0.3025,0.030825421880125048,0.33499999999999996,0.03348219267000957,0.37625,0.04178987831899228,0.007945017548299337,22.136193426214533,-0.002856043990703567,15.085576989893127,-0.010733663003718709,0.0961183883577259,0.000961132892180123,20.599449056853985,0.031372802748165625,5140.927511249451,0.2825
2023-11-10,-0.0075,0.01125,0.045,0.0875,0.1525,0.20375,0.26,0.27625,151.51,144.54,32568.11,105.861,0.6987063560161046,,,,0,-0.1,0,0,0,0,0,0,0,0,0.0925,0.002146833019480366,0.11125,0.002954172773319757,0.14500000000000002,0.004261265755446608,0.1875,0.010369743645232049,0.2525,0.02605011507208438,0.30374999999999996,0.03673462081958584,0.36,0.06312017227366334,0.37625,0.04620546335235137,0.008439717256160066,22.062500860824855,-0.00297099780601064,14.927340837955668,-0.011337217545929645,0.09541868039937451,-0.0002178852678434028,20.30440249348038,0.028778194347794488,4860.561960962936,0.28375
2023-11-13,-0.0075,0.0125,0.04875,0.0825,0.17,0.21125,0.24875,0.275,151.72,144.38,32585.11,105.631,0.6962233060901661,,,,0,-0.1,0,0,0,0,0,0,0,0,0.0925,0.0023460137604713258,0.1125,0.004776008485006198,0.14875,0.010698277303437878,0.1825,0.008095894893456801,0.27,0.044153438335220646,0.31125,0.044396212096601745,0.34875,0.042950962488920025,0.375,0.045634344027235985,0.009112071832391117,22.112957590478942,-0.004660515464694582,14.692611695088658,-0.013674528845652553,0.0936443763010738,-0.0009756367586718853,20.202888774711226,0.028877869356948745,4839.669746870612,0.28250000000000003
2023-11-14,-0.0075,0.01125,0.05,0.0825,0.1675,0.21125,0.23625,0.27,150.38,144.62,32695.93,104.053,0.6919337677882698,,,,0,-0.1,0,0,0,0,0,0,0,0,0.0925,0.002196024717306847,0.11125,0.0031752391035298425,0.15000000000000002,0.011142093590257439,0.1825,0.010825082328495564,0.2675,0.03478365215383983,0.31125,0.041182230861872615,0.33625,0.0322048196147757,0.37,0.04108138805940628,-8.97645177483961e-05,20.608626821494454,-0.018516998833196196,13.203233592970918,-0.01845307076336817,0.09069955264930751,0.00097938447589093,20.51727542715213,0.03068977096688309,4912.267030060968,0.2775
2023-11-15,-0.01375,0.0025,0.03625,0.07625,0.1325,0.18125,0.21625,0.2425,151.37,145.25,33519.7,104.394,0.6896610953293255,,,,0,-0.1,0,0,0,0,0,0,0,0,0.08625000000000001,-0.004247069724272868,0.10250000000000001,-0.0052235093385119245,0.13625,-0.0033004759171382445,0.17625000000000002,0.005443924491478874,0.2325,-0.0014258370989820857,0.28125,0.00989117443264037,0.31625000000000003,0.016879496101438213,0.3425,0.01543105671769826,0.005971230432340903,22.0549937625629,-0.014437805468673957,14.202251531165416,-0.020317086831549747,0.09068922042078242,0.005343374077714194,21.07517326490958,0.05419968356114329,5666.226380026994,0.25625
2023-11-16,-0.02,-0.00375,0.02625,0.0675,0.1225,0.18,0.21125,0.24,150.72,145.33,33424.41,104.349,0.6923367834394905,,,,0,-0.1,0,0,0,0,0,0,0,0,0.08,-0.00819407762770654,0.09625,-0.007966829673607904,0.12625,-0.008109572520736196,0.1675,-0.00040278079759527297,0.2225,0.0015392647324075637,0.28,0.019720219535153516,0.31125,0.020838520934681415,0.33999999999999997,0.024215511628491004,0.0013886028263715156,21.114961191120557,-0.013831069108092108,14.22488247009015,-0.015227236103208069,0.09514044032189717,0.005771786070202657,20.88780619667122,0.04892300929257078,5209.046865193413,0.26
2023-11-17,-0.02125,0.0,0.02,0.04875,0.095,0.13375,0.17625,0.18875,149.63,145.73,33585.2,103.917,0.6944930829379136,,,,0,-0.1,0,0,0,0,0,0,0,0,0.07875,-0.0063866244793322445,0.1,-0.0007351548668312145,0.12000000000000001,-0.008947769057968364,0.14875,-0.014706453931193894,0.195,-0.01859402896070901,0.23375,-0.023199153993527094,0.27625,-0.009531042364781833,0.28875,-0.022797612177224896,-0.0057972458929253816,20.210989666066496,-0.016828499172624682,13.881348589763604,-0.011118851914002258,0.09703271854964968,0.008149316508937942,21.174182570395416,0.050417717221477684,5286.979515724484,0.21
2023-11-20,-0.02125,0.0,0.02625,0.05125,0.11,0.1575,0.185,0.205,148.38,145.83,33388.03,103.438,0.6971155142202453,,,,0,-0.1,0,0,0,0,0,0,0,0,0.07875,-0.004918731255636435,0.1,-0.0010209542284826962,0.12625,0.001668945362161181,0.15125,-0.0031683741800893894,0.21000000000000002,0.01013974923620918,0.2575,0.02043879922897099,0.28500000000000003,0.015060911308587888,0.305,0.01580517773303755,-0.013621043814690217,19.434048812341075,-0.02009720588729854,13.63214815472007,-0.006582325382513295,0.09900196070986778,0.008426024209692908,21.061846919886705,0.04078637967593032,4967.5687142754505,0.22624999999999998
2023-11-21,-0.02125,0.0,0.0275,0.04875,0.0925,0.13375,0.16125,0.20125,148.4,146.3,33354.14,103.565,0.697877358490566,,,,0,-0.1,0,0,0,0,0,0,0,0,0.07875,-0.0042799279638843085,0.1,-0.0008158490090610684,0.1275,0.0021815220767105424,0.14875,-0.0035750030871971455,0.1925,-0.008584930621348658,0.23375,-0.006548481131440603,0.26125,-0.007004018829748826,0.30125,0.012739363115086083,-0.013055073389065088,20.096893775808553,-0.01797727878294228,14.04485851614163,-0.0049995618418221385,0.09868246018790627,0.011032905216528914,21.411747157235936,0.03592817644484264,4951.494136111447,0.2225
2023-11-22,-0.015,0.005,0.0225,0.05,0.0875,0.1525,0.16,0.1975,149.54,146.06,33451.83,103.92,0.6949311221077973,,,,0,-0.1,0,0,0,0,0,0,0,0,0.085,0.002329483636857109,0.10500000000000001,0.004352903317798662,0.1225,-0.0030243811584247035,0.15000000000000002,0.00011040478114213853,0.1875,-0.005716824946489701,0.2525,0.022196427420123732,0.26,0.0030063315079296993,0.2975,0.012454348277200378,-0.005351043769476039,21.45271544045363,-0.013511999802550525,14.467251939155389,-0.008213101920136204,0.09518055161881533,0.00891765502282945,20.924265826242205,0.03512127522935262,5043.7250157285525,0.21250000000000002
2023-11-24,-0.01625,0.00625,0.02875,0.07125,0.10125,0.16125,0.19125,0.22625,149.44,145.66,33625.53,103.403,0.691936563169165,,,,0,-0.1,0,0,0,0,0,0,0,0,0.08375,-0.0011787191129843198,0.10625000000000001,0.0037379046408216174,0.12875,0.005389416304582017,0.17125,0.02220441313069081,0.20125,0.012955666605022426,0.26125,0.026976586197320462,0.29125,0.03890466358228831,0.32625000000000004,0.04473691811835373,-0.00575496490469385,21.018434350609425,-0.016961672599742426,13.867862825006384,-0.01127594979589756,0.09319636755358474,0.0058280852944427594,20.523995143849746,0.03671780777951566,5162.208619848781,0.2425
2023-11-27,-0.015,0.005,0.03,0.07,0.10875,0.155,0.1875,0.21875,148.69,145.7,33447.67,103.199,0.694054744771,,,,0,-0.1,0,0,0,0,0,0,0,0,0.085,-1.9470816236504332e-05,0.10500000000000001,0.0014792600158916635,0.13,0.004925451679568458,0.17,0.013242345607253257,0.20875,0.017354311740291242,0.255,0.01706000753566736,0.2875,0.02527268935702598,0.31875,0.027644269471654215,-0.010181767347115286,20.252358549369063,-0.017311482902768235,13.874716961016233,-0.0072040460132661716,0.09680208853175676,0.005604328860913142,20.69364565392354,0.0267297711012808,4887.395360827817,0.23375
2023-11-28,-0.01375,0.00625,0.02875,0.06125,0.10125,0.14875,0.1775,0.20375,147.49,145.85,33408.39,102.746,0.6966302800189843,,,,0,-0.1,0,0,0,0,0,0,0,0,0.08625000000000001,0.0005944548373150605,0.10625000000000001,0.00282905215605831,0.12875,0.002911318930934225,0.16125,0.0030851190661064093,0.20125,0.00681018337276551,0.24875,0.012507106927464456,0.27749999999999997,0.014818942229401277,0.30374999999999996,0.013553736258064997,-0.017473503294184983,19.349727215511905,-0.019845678114329173,13.58025734540162,-0.0024092135494947135,0.0990582634189281,0.006143095140366813,20.84825604134528,0.021734167984495054,4877.690790740413,0.2175
2023-11-29,-0.015,0.005,0.02375,0.0525,0.09125,0.1325,0.15625,0.15625,147.25,146.62,33321.22,102.765,0.6978947368421052,,,,0,-0.1,0,0,0,0,0,0,0,0,0.085,-0.0014078758988837307,0.10500000000000001,0.000989749722850066,0.12375,-0.0018089161653546057,0.1525,-0.0028651440075334114,0.19125,-0.0007846659118338623,0.2325,-0.0007644121193913778,0.25625,-0.0026665944937324104,0.25625,-0.027847117642434804,-0.01846093341198992,19.682898586376567,-0.01809311418268548,13.85516642217813,0.0003861918221025926,0.09936024791723519,0.010625282174822491,21.556324487865737,0.014995151382416,4799.924136829915,0.17125
2023-11-30,-0.01625,0.00375,0.025,0.06625,0.1,0.1425,0.1625,0.18125,148.21,146.46,33486.89,103.497,0.6983132042372309,,,,0,-0.1,0,0,0,0,0,0,0,0,0.08375,-0.0024702023585768396,0.10375000000000001,-3.669879542317865e-07,0.125,0.0014854272748656486,0.16625,0.015039594035625395,0.2,0.012716896361811836,0.2425,0.016772706162440004,0.2625,0.013222587814155584,0.28125,0.018036459452797082,-0.0109145753459397,20.936074086473084,-0.009600929375322328,14.684907654101849,0.0013341909835062422,0.09905834230842492,0.008580439902488805,21.065491485884394,0.01597504419477153,4995.68555448913,0.1975
2023-12-01,-0.01625,0.00375,0.02625,0.0625,0.105,0.15125,0.18375,0.19875,146.82,146.29,33431.51,103.268,0.7033646642146847,,,,0,-0.1,0,0,0,0,0,0,0,0,0.08375,-0.0020251075806130975,0.10375000000000001,0.000483643481472844,0.12625,0.002867125621004968,0.1625,0.007152258479620338,0.20500000000000002,0.015902615728569547,0.25125,0.02408400586908238,0.28375,0.035191455633801244,0.29875,0.03229334754897298,-0.018835393297847815,19.304197213353262,-0.0100796111944554,14.228860750996859,0.008915015825493316,0.10371766523178771,0.006505234116186095,20.851550784299107,0.011487106315412563,4877.07152138964,0.21500000000000002
2023-12-04,-0.0125,0.01,0.0325,0.06375,0.1,0.12125,0.1475,0.195,147.22,146.53,33231.27,103.712,0.7044695014264366,,,,0,-0.1,0,0,0,0,0,0,0,0,0.08750000000000001,0.0018001011677700116,0.11,0.0068354300072495065,0.1325,0.008811186407846856,0.16375,0.009006787822949724,0.2,0.008858430256007438,0.22125,-0.009150735933912912,0.2475,-0.008472709715480337,0.29500000000000004,0.02229854233903794,-0.015102607415831956,20.23820749931312,-0.0046727940506090335,14.726026136471773,0.010568995283108604,0.10264662937173785,0.007307499295372752,21.117282861158543,0.0034835522709039074,4676.724182082435,0.20750000000000002
2023-12-05,-0.01,0.01,0.035,0.065,0.09125,0.1075,0.14125,0.16875,147.16,146.73,32775.82,104.05,0.7070535471595543,,,,0,-0.1,0,0,0,0,0,0,0,0,0.09000000000000001,0.0028070238055181666,0.11,0.00436432625922613,0.135,0.008801137596707202,0.165,0.009844247781885127,0.19125,0.00164274859756533,0.20750000000000002,-0.011560884231478386,0.24125,-0.0019188094464651084,0.26875000000000004,-0.0036443213833469434,-0.014544772721184991,20.19078456431987,-0.0008704574054416866,14.906922265553135,0.013843350889941682,0.10410862139739818,0.007882128689918144,21.209414492083226,-0.010370275002388287,4292.853124857022,0.17875000000000002
2023-12-06,0.00125,0.02375,0.03,0.065,0.095,0.11125,0.13625,0.15,147.32,146.9,33445.9,104.153,0.7069847950040729,,,,0,-0.1,0,0,0,0,0,0,0,0,0.10125,0.01258940249652741,0.12375,0.017365523733289263,0.13,0.002091057154716136,0.165,0.0092278698042801,0.195,0.009353431762558956,0.21125,0.0010557025885628152,0.23625000000000002,-0.0007589560852964694,0.25,-0.011762325646767963,-0.0124648493928457,20.428751119354004,0.0007860003536040826,14.839152338958414,0.01337403157179391,0.10250989956876888,0.008163447383682092,21.256014793017386,0.008075235442302563,5160.494074690363,0.14875
2023-12-07,0.00375,0.0375,0.06625,0.09,0.12375,0.1675,0.18875,0.21,144.13,145.92,32858.31,103.541,0.7183861791438285,,,,0,-0.1,0,0,0,0,0,0,0,0,0.10375000000000001,0.01003930538979573,0.1375,0.02523530691152885,0.16625,0.03971602554813458,0.19,0.03403871401175795,0.22375,0.03797148068356858,0.2675,0.05932351131201255,0.28875,0.05650059967087245,0.31,0.059116366943056,-0.03162194757334394,17.228800189876125,-0.004112780204792584,14.13377273816748,0.028312653908315624,0.11332806168777176,0.0010084171966001341,20.155051300702553,-0.010666488139890275,4364.591625942561,0.20625
2023-12-08,0.00375,0.04,0.0725,0.105,0.14125,0.16625,0.195,0.23,144.94,145.79,32307.86,104.01,0.7176072857734236,,,,0,-0.1,0,0,0,0,0,0,0,0,0.10375000000000001,0.007357379378381931,0.14,0.02033246786522832,0.1725,0.03172027272205469,0.20500000000000002,0.03894892742976373,0.24125,0.044328523323507785,0.26625,0.037260811510755776,0.29500000000000004,0.044096283732173336,0.33,0.059304167471400465,-0.02407821379514661,19.338763342665374,0.00131313442491666,14.810978608971098,0.02588795591635043,0.10762748536070788,-0.00023658575890888301,20.36136026243406,-0.026743917571226853,3998.682503643089,0.22625
2023-12-11,-0.00375,0.03125,0.05625,0.0875,0.11875,0.15125,0.18125,0.21375,146.16,145.76,32791.8,104.095,0.7121989600437877,,,,0,-0.1,0,0,0,0,0,0,0,0,0.09625,-0.0013994780708344833,0.13125,0.007865947778793212,0.15625,0.00870988557162023,0.1875,0.012403069724367888,0.21875,0.011707311125322417,0.25125,0.017275389838892846,0.28125,0.023133197879971285,0.31375,0.03039506741572262,-0.014087832254626592,20.64374388895942,0.00298404494663495,14.763116397135263,0.017175226491350174,0.10091176647862077,-0.0008602636999565864,20.46330977101246,-0.012498213469724292,4748.430093966632,0.2175
2023-12-12,-0.00375,0.0275,0.04875,0.07625,0.11,0.1275,0.165,0.1725,145.44,145.89,32843.7,103.865,0.7141432893289329,,,,0,-0.1,0,0,0,0,0,0,0,0,0.09625,0.0007793418126828492,0.1275,0.005713610801518734,0.14875,0.004689907682451963,0.17625000000000002,0.004737320401057857,0.21000000000000002,0.008289423509197633,0.2275,-0.0029401709833034306,0.265,0.009471535650720952,0.27249999999999996,-0.008805884834760247,-0.016862192389199195,19.566734501732583,0.0016201047281984256,14.47111488386193,0.018648605941340213,0.10419548291506786,-0.0004864313069929499,20.65471271419743,-0.01132023683919053,4693.769951708455,0.17625
2023-12-13,-0.005,0.025,0.0475,0.0725,0.11,0.145,0.17875,0.2,142.88,146.63,32926.35,102.869,0.7199678051511759,,,,0,-0.1,0,0,0,0,0,0,0,0,0.095,-0.00017079774466663335,0.125,0.00449464222288988,0.14750000000000002,0.006508551802554767,0.1725,0.005562955082552654,0.21000000000000002,0.012408733389154755,0.245,0.024378763009614224,0.27875,0.029736121153541045,0.30000000000000004,0.03474217711800526,-0.03171263117589866,17.251085856672304,-0.007418142801178709,13.546140272482717,0.02490747500188631,0.10932084771043749,0.0038921960954803303,21.371769065726625,-0.009175888864816895,4744.76188135273,0.20500000000000002
2023-12-14,-0.0075,0.02375,0.04375,0.065,0.1025,0.13625,0.17,0.19625,141.88,146.01,32686.25,101.956,0.7186072737524669,,,,0,-0.1,0,0,0,0,0,0,0,0,0.0925,-0.0021598758229051046,0.12375,0.004315236044570188,0.14375,0.003869758611473692,0.165,0.0006429040230465227,0.2025,0.0060113956464026425,0.23625000000000002,0.011461521288847809,0.27,0.017265184071734524,0.29625,0.02446195202282367,-0.035387700989223815,17.36558457248013,-0.015069182608662177,13.049929284926847,0.02086739110151347,0.10532010935113956,-0.0006125962101169876,20.45680493550894,-0.015166014032586812,4464.652693743763,0.20375000000000001
2023-12-15,-0.00625,0.03125,0.055,0.09,0.1275,0.16375,0.19625,0.25125,142.16,145.6,32970.55,102.55,0.7213702870005627,,,,0,-0.1,0,0,0,0,0,0,0,0,0.09375,0.0001677285419372388,0.13125,0.012479214015009267,0.155,0.01692005260474474,0.19,0.029510426266605792,0.2275,0.034495889484518844,0.26375000000000004,0.04180446113001547,0.29625,0.0462392469523453,0.35124999999999995,0.07992518939177773,-0.030663384632168843,18.41461448780018,-0.008469344492363754,14.139182088873028,0.022683523597452834,0.10770281398252513,-0.0035109812268587,20.2081436816145,-0.005920388546283505,4832.280426107922,0.25749999999999995
2023-12-18,-0.00875,0.03625,0.05625,0.0875,0.1275,0.16375,0.19875,0.23125,142.76,145.96,32758.98,102.561,0.7184155225553377,,,,0,-0.1,0,0,0,0,0,0,0,0,0.09125,-0.0025415720306384837,0.13625,0.014608435466951467,0.15625,0.014207510192199034,0.1875,0.01835003091640311,0.2275,0.025659361305459774,0.26375000000000004,0.031645031071366236,0.29875,0.03894957411609967,0.33125000000000004,0.038052180957527965,-0.024286890820054294,19.235876227182416,-0.007712502594134936,14.093711054663288,0.016770391762077768,0.10324903326871038,-0.0011257523550121675,20.759947158987785,-0.011067573115656744,4528.245781116282,0.24000000000000002
2023-12-19,-0.00875,0.03375,0.05,0.08,0.10625,0.12875,0.16625,0.1675,143.84,146.19,33219.39,102.167,0.7102822580645162,2023-12-19,-0.1," ""MPM""",1,-0.1,0,0,0,0,0,0,0,0,0.09125,-0.0015796611288220706,0.13375,0.009201817909187723,0.15000000000000002,0.006342129494709983,0.18,0.009577223252708905,0.20625,0.0020440320202770035,0.22875,-0.006179489063651872,0.26625,0.0026684568959631783,0.2675,-0.024188812275887234,-0.015377875436812911,20.253693179400486,-0.01091634993504004,13.730129191663195,0.004323647280523909,0.09565663232734478,0.0003250252322220685,20.904312031544094,0.003086676976727043,5049.846141879971,0.17625000000000002
2023-12-20,0.025,0.0425,0.06625,0.09625,0.10875,0.1425,0.15625,0.1675,143.57,147.02,33675.94,102.408,0.7132966497179077,,,,0,-0.1,0,0,0,0,0,0,0,0,0.125,0.03243556760124139,0.14250000000000002,0.01781352708643222,0.16625,0.02432965367381043,0.19625,0.027977632106402833,0.20875,0.011850622945959441,0.2425,0.02012291767225742,0.25625,0.003910050611512117,0.2675,0.0002884925801589222,-0.015598752099832053,19.61636001049662,-0.008027664567123621,14.162553262097518,0.007487641859137499,0.10184611585131342,0.00575666052121225,21.628753037568373,0.016378769633822326,5335.663968742272,0.14250000000000002
2023-12-21,0.02625,0.04375,0.065,0.1025,0.13,0.1625,0.20125,0.1675,142.12,146.75,33140.47,101.843,0.7165986490289896,,,,0,-0.1,0,0,0,0,0,0,0,0,0.12625,0.020302157477732105,0.14375,0.015151217048740038,0.165,0.016825998449674757,0.2025,0.028046232902488685,0.23,0.03389411915483226,0.2625,0.037916498407026475,0.30125,0.0557244209573729,0.2675,0.007018752522101879,-0.023055666304631656,18.21479225227202,-0.012507163087627603,13.577987473652641,0.010605082403587996,0.10478121461123713,0.0036727240395861257,20.994505058517035,0.0006878499074061662,4568.872048607736,0.14125000000000001
2023-12-22,0.025,0.0425,0.06125,0.1,0.13375,0.16375,0.20625,0.1675,142.43,146.43,33169.05,101.698,0.7140209225584497,,,,0,-0.1,0,0,0,0,0,0,0,0,0.125,0.014558003562747987,0.14250000000000002,0.011986371514293572,0.16125,0.011648320614547278,0.2,0.021140066458120305,0.23375,0.029654174788063925,0.26375000000000004,0.031111104474089463,0.30625,0.04522409161514038,0.2675,0.010347915345385678,-0.018560054022952865,19.133174606804744,-0.013097338949505506,13.680794928612514,0.005404092492497601,0.1008997403327282,0.0012205003025608997,20.665665520557425,0.0022415561374386104,4731.335319359183,0.14250000000000002
2023-12-25,0.02375,0.04125,0.05125,0.0975,0.11125,0.145,0.175,0.1675,142.35,146.61,33254.03,98.94884762644456,0.6961573230210917,,,,0,-0.1,0,0,0,0,0,0,0,0,0.12375,0.011519448395418273,0.14125000000000001,0.010214840141400314,0.15125,0.0022103891942376747,0.1975,0.017819765818513744,0.21125,0.0034088496276904606,0.245,0.009556037941804346,0.275,0.00797910274705238,0.2675,0.012397002758870346,-0.016964017499214508,19.134703508685703,-0.03779150458572739,11.081486207900284,-0.019894508373466242,0.08368643969675227,0.002139483379700507,20.941810396191414,0.005103371950417375,4823.936611535468,0.14375000000000002
2023-12-26,0.0125,0.04125,0.06,0.08875,0.1275,0.16375,0.1725,0.1675,142.4,146.48,33305.85,101.466,0.7125421348314606,,,,0,-0.1,0,0,0,0,0,0,0,0,0.1125,-0.0005628392884083986,0.14125000000000001,0.01014711890615598,0.16,0.014739829974160415,0.18875,0.009248747897871876,0.2275,0.027051203532845597,0.26375000000000004,0.03447169324791316,0.27249999999999996,0.015428657727478562,0.2675,0.013813014196166512,-0.014887376169129357,19.303964716382538,-0.012699502516763302,14.774093935408573,0.0020509333672756556,0.1073159731998844,0.0010353417140201576,20.752558174054172,0.0068256532931608264,4841.938044487604,0.155
2023-12-27,-0.00375,0.025,0.0425,0.075,0.1125,0.13625,0.1575,0.1675,141.84,146.83,33681.24,100.986,0.7119712351945855,,,,0,-0.1,0,0,0,0,0,0,0,0,0.09625,-0.013155340646284895,0.125,-0.006430422688142146,0.14250000000000002,-0.005338048097241456,0.175,-0.0013477884926926947,0.21250000000000002,0.007266609254245285,0.23625000000000002,0.0009048507558254426,0.2575,0.00366164796439869,0.2675,0.014869616546100056,-0.01692178137876298,18.804777764743022,-0.016518856307851305,13.669590384845648,0.000258027592467721,0.10235001849180325,0.0033552231462563903,21.1331839128257,0.017619825308179512,5183.4171979159655,0.17125
2023-12-28,-0.0075,0.01375,0.04625,0.065,0.1025,0.135,0.155,0.1675,141.41,147.05,33539.62,101.229,0.7158546071706385,,,,0,-0.1,0,0,0,0,0,0,0,0,0.0925,-0.009745653789942724,0.11375,-0.011497995467947384,0.14625,0.00473966909611722,0.165,-0.005158788584605639,0.2025,0.002074213948464146,0.23500000000000001,0.009052516441715147,0.255,0.008433023685975788,0.2675,0.01571285191230795,-0.017587005832230416,18.658081817218886,-0.0130623784312607,14.019242498993862,0.004476106241736766,0.10562685292712015,0.004656056460235832,21.213828339529897,0.013260310897706538,4876.764893042713,0.17500000000000002
2023-12-29,-0.00875,0.005,0.04,0.0725,0.10625,0.13875,0.16375,0.1675,141.06,146.71,33464.17,101.333,0.7183680703246845,,,,0,-0.1,0,0,0,0,0,0,0,0,0.09125,-0.007399796048303681,0.10500000000000001,-0.014088921298615279,0.14,-0.0012881535634346533,0.1725,0.008233041300800145,0.20625,0.011027746500075472,0.23875000000000002,0.01577881630759688,0.26375000000000004,0.020716721301523633,0.2675,0.016414994242411468,-0.018053858764318347,18.599592710923673,-0.011115640469852257,14.07078433480649,0.006943023062102399,0.10632926091323636,0.0021893646743790353,20.73985831011828,0.010931028943508544,4802.73262786198,0.17625000000000002
2024-01-04,-0.01,0.005,0.03125,0.07,0.095,0.13,0.15,0.1675,144.63,146.85,33288.29,102.422,0.7081656641084145,,,,0,-0.1,0,0,0,0,0,0,0,0,0.09000000000000001,-0.006668490037610621,0.10500000000000001,-0.008463885820563097,0.13125,-0.0071358701546672745,0.17,0.004895577528759826,0.195,3.526903124004277e-05,0.23,0.006933607189176419,0.25,0.005213764744111393,0.2675,0.01703168005219821,0.0077060282600819,22.443264705611313,0.00014117728383636734,15.12590682690032,-0.0076148566556704725,0.09451843465680854,0.003036088125104429,20.961630724633324,0.005531204128683564,4641.358429472835,0.17750000000000002
2024-01-05,-0.01125,0.0025,0.03375,0.0625,0.09,0.105,0.12375,0.1675,144.66,146.94,33377.42,102.412,0.7079496751002351,,,,0,-0.1,0,0,0,0,0,0,0,0,0.08875000000000001,-0.006424266326996844,0.10250000000000001,-0.008757079340093026,0.13375,-0.0001100186649042878,0.1625,-0.0012652343279695721,0.19,5.214705104621131e-05,0.20500000000000002,-0.014150948757840842,0.22375,-0.01545229088788852,0.2675,0.01754575697205657,0.008793645701852842,21.179598687484983,0.0008439489522671559,14.684754691848113,-0.007979820214851118,0.09774661654858596,0.0035788438422030442,21.00221445490419,0.007308272545994916,4795.867315093674,0.17875000000000002
2024-01-09,-0.0125,0.0,0.03125,0.06125,0.08,0.09,0.1275,0.1675,144.48,147.05,33763.18,102.57,0.7099252491694352,,,,0,-0.1,0,0,0,0,0,0,0,0,0.08750000000000001,-0.006395888019873993,0.1,-0.008956363311312818,0.13125,-0.0019638074240410225,0.16125,0.0011272567024330701,0.18,-0.0061920930039140315,0.19,-0.017725616427484797,0.2275,0.0007249758134106332,0.2675,0.01800260117866323,0.008537104644101054,20.6537322394517,0.0031639972300591362,14.727649422562536,-0.005416432028495875,0.10064514192669816,0.004278684773960415,21.055864877808233,0.018462647833417865,5159.727964925369,0.18000000000000002
2024-01-10,-0.01375,-0.0025,0.02875,0.055,0.075,0.0875,0.1225,0.1675,145.75,147.03,34441.72,102.362,0.70231217838765,,,,0,-0.1,0,0,0,0,0,0,0,0,0.08625000000000001,-0.0064832821573413855,0.0975,-0.009278387897267253,0.12875,-0.0028085033092274427,0.155,-0.003286310594765786,0.175,-0.005558627567721783,0.1875,-0.010365182633219505,0.2225,-0.0014606654580386208,0.2675,0.018410010198338184,0.016827359109238146,21.838396832828153,0.0017072298111129717,14.402673726381465,-0.014973011242309299,0.09265326390377249,0.003761631360126818,20.966489742464503,0.03645550161113546,5677.228441565723,0.18125000000000002
2024-01-11,-0.015,-0.0025,0.02125,0.0525,0.0675,0.07875,0.115,0.1675,145.28,147.25,35049.86,102.291,0.7040955396475771,,,,0,-0.1,0,0,0,0,0,0,0,0,0.085,-0.006636865907800512,0.0975,-0.007181608309067064,0.12125000000000001,-0.008523771639791466,0.1525,-0.002338565122342283,0.1675,-0.008829098627328918,0.17875000000000002,-0.01412828257195596,0.21500000000000002,-0.004921318599466151,0.2675,0.01875242871617075,0.013428202713543383,20.794268246390743,0.0018550897616796192,14.3667558312343,-0.011535146340912645,0.09748084433707349,0.004762814564113813,21.163478798786798,0.0504224888051639,5962.611897812258,0.1825
2024-01-12,-0.015,-0.005,0.01875,0.05,0.0675,0.0825,0.11,0.1675,144.91,147.39,35577.11,102.404,0.706673107446001,,,,0,-0.1,0,0,0,0,0,0,0,0,0.085,-0.005578787728919895,0.095,-0.008631089992935874,0.11875000000000001,-0.007195814489173374,0.15000000000000002,-0.002454911563621709,0.1675,-0.0038517900726158932,0.1825,-0.0041264495675946145,0.21000000000000002,-0.004840793435416449,0.2675,0.019091567690613542,0.011288099516722836,20.41751618135868,0.0037930683898028325,14.506172330751127,-0.00753159334002934,0.10028531480378489,0.0051591212103645374,21.19615615713488,0.061792240488558275,6135.097902359732,0.1825
2024-01-15,-0.01625,-0.005,0.02,0.0475,0.06875,0.08125,0.10875,0.1675,145.75,147.66,35901.79,102.404,0.7026003430531732,,,,0,-0.1,0,0,0,0,0,0,0,0,0.08375,-0.006293852639548039,0.095,-0.006908693770104742,0.12000000000000001,-0.0034956963607487394,0.14750000000000002,-0.0027864061862023642,0.16875,-0.00040029998294541236,0.18125000000000002,-0.003915837182836404,0.20875,-0.0017199368682448563,0.2675,0.019388441423706715,0.017040221062327145,21.352295825488753,0.004512356323628338,14.466337048621568,-0.012451012831391169,0.09548375243832419,0.006393042624827825,21.368203345308416,0.06661485771517589,6111.743190328758,0.18375000000000002
2024-01-16,-0.015,0.0025,0.02625,0.055,0.08375,0.10125,0.13125,0.1520867351037462,147.21,147.32,35619.18,103.357,0.7021058352014129,,,,0,-0.1,0,0,0,0,0,0,0,1,0.085,-0.004174232800106849,0.10250000000000001,0.0014376042871716674,0.12625,0.0034474756454676743,0.155,0.006821532608661689,0.18375000000000002,0.015562232541566967,0.20125,0.018152304976442504,0.23125,0.023528110159767857,0.25208673510374624,0.004252931383290803,0.025678542687833716,22.478616880477063,0.01361802011632122,15.408164005494712,-0.011905713916621524,0.09653472878967928,0.0038396936421896464,20.875953315276575,0.05400261751981765,5552.492333504277,0.16708673510374622
2024-01-17,-0.01375,0.00375,0.03,0.0625,0.08625,0.115,0.1425,0.1629042696092377,148.16,147.19,35477.75,103.45,0.6982316414686826,,,,0,-0.1,0,0,0,0,0,0,0,1,0.08625000000000001,-0.002991213581071831,0.10375000000000001,0.00028419672365495585,0.13,0.005343280697885207,0.1625,0.01237838571826913,0.18625,0.012998269141898389,0.21500000000000002,0.025335151849841128,0.2425,0.02750882739314213,0.26290426960923774,0.021507646564842525,0.030044111972802733,22.73899728351634,0.013787387130726504,15.115644039748034,-0.01594708407081816,0.09334460976117687,0.0025508205877445627,20.819218135245663,0.045499514723964164,5392.519787576264,0.17665426960923772
2024-01-18,-0.01125,0.00625,0.04,0.07625,0.095,0.12,0.145,0.1734853766842006,148.16,146.7,35466.17,103.536,0.6988120950323974,,,,0,-0.1,0,0,0,0,0,0,0,1,0.08875000000000001,-0.0008273670103455741,0.10625000000000001,0.0018828982241704123,0.14,0.013656284228922167,0.17625000000000002,0.02303454820312871,0.195,0.019812568931382668,0.22,0.02367412683478573,0.245,0.02422456961824887,0.2734853766842006,0.029967292466625134,0.02790024871911393,22.12386151754299,0.014140207561066829,15.048882055072738,-0.013560958842807523,0.09581939007659801,-0.001160886631420418,20.381316399160013,0.04132909551476783,5384.461960719193,0.18473537668420062
2024-01-19,-0.01125,0.005,0.04,0.0675,0.09,0.1225,0.145,0.1715416459736802,148.16,146.68,35963.27,103.288,0.6971382289416846,,,,0,-0.1,0,0,0,0,0,0,0,1,0.08875000000000001,-0.0018122502258711946,0.10500000000000001,-0.0005878710008355411,0.14,0.00927049721282748,0.1675,0.00803340333868411,0.19,0.010783387739245753,0.2225,0.022257538896946885,0.245,0.0215936825219466,0.27154164597368025,0.0237905022367651,0.025978387698784994,21.876054522775917,0.011350943834688607,14.693946784407402,-0.014443724035752952,0.09460555427929751,-0.0015417969933256002,20.564662386828445,0.050980638552957994,5856.862279142617,0.18279164597368022
2024-01-22,-0.01125,0.00375,0.04,0.065,0.09125,0.10875,0.13625,0.1625094223057412,148.1,146.9,36546.95,103.331,0.6977110060769751,,,,0,-0.1,0,0,0,0,0,0,0,1,0.08875000000000001,-0.002039672803972159,0.10375000000000001,-0.0016904134567004257,0.14,0.007951493580840227,0.165,0.007092226243511204,0.19125,0.012812385328230896,0.20875,0.006052656425283617,0.23625000000000002,0.011824198874018449,0.2625094223057412,0.014480961089396227,0.02405244033563452,21.66511691332903,0.011195731979224861,14.779930276344302,-0.012756705172263452,0.0961895734419097,-0.0002858270610172829,20.85024552136477,0.06287007069591921,6213.8533334846725,0.1737594223057412
2024-01-23,-0.0125,0.0075,0.04625,0.08875,0.1125,0.125,0.1675,0.1909771103223827,148.38,146.99,36517.57,103.617,0.6983218762636474,2024-01-23,-0.1," ""MPM""",1,-0.1,0,0,0,0,0,0,0,1,0.08750000000000001,-0.0033666320376155075,0.10750000000000001,0.0025667916003914437,0.14625,0.013544119045554567,0.18875,0.03189846854832734,0.21250000000000002,0.0335973117557532,0.225,0.02678151757738112,0.2675,0.04608585149257635,0.2909771103223827,0.04640646104452256,0.02428518175919151,21.86413609369444,0.013395037142560712,15.04143265499367,-0.010844382320221153,0.09702430044616217,0.0003368710464441267,20.88172920819399,0.05764537846203679,5864.93734265415,0.20347711032238272
2024-01-24,0.01625,0.06375,0.0825,0.12375,0.145,0.18,0.2059809616122842,0.2331753994466558,147.5,146.16,36226.48,103.236,0.6999050847457627,,,,0,-0.1,0,0,0,0,0,0,1,1,0.11625,0.02586148631459029,0.16375,0.057485989792631725,0.1825,0.046898049507983354,0.22375,0.057640124047240324,0.245,0.057451362887970786,0.28,0.07636475220650614,0.3059809616122842,0.0728619658142032,0.3331753994466558,0.07825678020433072,0.01632318388214785,20.801405403679468,0.00898147168145196,14.52996743516617,-0.007428288256848482,0.09859412188163608,-0.005111938520600941,20.00597290471468,0.04454661536751472,5459.813459836099,0.2169253994466558
2024-01-25,0.01625,0.06375,0.0825,0.12375,0.145,0.18,0.2075700181276325,0.2361871951363068,147.66,145.97,36236.47,103.574,0.7014357307327644,,,,0,-0.1,0,0,0,0,0,0,1,1,0.11625,0.01451284644954409,0.16375,0.034641661860563076,0.1825,0.03138775873058182,0.22375,0.04089928075178392,0.245,0.041841129198523896,0.28,0.052946359697101264,0.3075700181276325,0.05573854892331584,0.3361871951363068,0.06156657689102282,0.015595715047199908,21.223149227299857,0.011357758530554865,14.9736182792591,-0.004369113034285337,0.09960628532043614,-0.00624965960459655,20.133279417984824,0.040234470562372074,5510.782239125809,0.21993719513630677
2024-01-26,0.01875,0.06375,0.0975,0.1225,0.1525,0.18125,0.2061748759486237,0.2291881363738084,148.18,146.34,35751.07,103.433,0.6980226751248482,,,,0,-0.1,0,0,0,0,0,0,1,1,0.11875000000000001,0.013654857675630032,0.16375,0.027738314827434475,0.1975,0.04145112622848034,0.2225,0.03399351161521812,0.2525,0.044073783729352334,0.28125,0.04691702608633208,0.3061748759486237,0.047433101613209155,0.3291881363738084,0.04690934968153046,0.0171329727355098,21.720829142346247,0.007774634493771865,14.714793579269895,-0.009344816120249639,0.09550514421935019,-0.003639161324804567,20.67016209901118,0.022634939292200063,5000.10539864414,0.2104381363738084
2024-01-29,0.02375,0.0625,0.10625,0.13375,0.14375,0.18625,0.2112807700870546,0.2328781817408236,147.51,146.27,36026.94,103.609,0.702386278896346,,,,0,-0.1,0,0,0,0,0,0,1,1,0.12375,0.015884938182042146,0.1625,0.02281051240309092,0.20625,0.04148981835476284,0.23375,0.04256081910218634,0.24375,0.029402619719877704,0.28625,0.04751499804607487,0.31128077008705457,0.049421745101111025,0.3328781817408236,0.04950237752625103,0.010761308624464118,20.830461977037444,0.008436650178797007,14.910727676111563,-0.002432934094876188,0.10104894134758247,-0.004044558230744049,20.52144431234788,0.02653101420575467,5442.8031741261075,0.2091281817408236
2024-01-30,0.02125,0.06125,0.1025,0.13125,0.1425,0.17625,0.2006142474400374,0.2235437634173438,147.6,146.44,36065.86,103.397,0.7005216802168023,,,,0,-0.1,0,0,0,0,0,0,1,1,0.12125000000000001,0.009947391932825402,0.16125,0.019678254253159583,0.2025,0.030648730003435973,0.23125,0.033583465276037366,0.2425,0.02882247383047802,0.27625,0.032844012931147665,0.3006142474400374,0.034476935637363176,0.3235437634173438,0.03702631645939633,0.009386059393752704,21.110791460131765,0.005193814087218163,14.622237237154323,-0.004271547320631857,0.09776787260595421,-0.002754614575282104,20.71643310053848,0.024160597728638353,5404.026845428925,0.2022937634173438
2024-01-31,0.0225,0.0625,0.1,0.135,0.1575,0.19875,0.2250556472819931,0.2479358523379617,146.9,146.25,36286.71,103.274,0.7030224642614022,,,,0,-0.1,0,0,0,0,0,0,1,1,0.1225,0.010620144916345404,0.1625,0.019862239299247894,0.2,0.0263216498155478,0.23500000000000001,0.0355001884233527,0.2575,0.04346135294159982,0.29875,0.05683834803945001,0.3250556472819931,0.060919198860178964,0.3479358523379617,0.06334594873366325,0.0027166864616182448,20.407890728249953,0.003001019763997589,14.555705992632795,0.00019525670374921086,0.10066842247251828,-0.0037771321723790384,20.471923452775513,0.02642853251425824,5584.839985448092,0.2254358523379617
2024-02-01,0.0175,0.0625,0.095,0.12625,0.15125,0.18375,0.2082984040201853,0.2298539705700866,146.44,146.64,36011.46,103.048,0.7036875170718383,,,,0,-0.1,0,0,0,0,0,0,1,1,0.11750000000000001,0.004367465985819691,0.1625,0.018275270621622652,0.195,0.020558716890688708,0.22625,0.023661403428143934,0.25125,0.030499886806692633,0.28375,0.03228174841317086,0.30829840402018527,0.034066514218103694,0.3298539705700866,0.0353058564555177,-0.0022552139046543066,20.224437060411304,-2.668588050054769e-05,14.386262041255435,0.002188023802571862,0.10040182164031164,-0.0010967227743680313,20.92782069012209,0.01498593740586629,5198.69652841644,0.2123539705700866
2024-02-02,0.015,0.06125,0.1,0.12875,0.1525,0.19375,0.2152694548041565,0.2322640146778605,148.38,146.94,36158.02,103.922,0.7003774093543604,,,,0,-0.1,0,0,0,0,0,0,1,1,0.115,0.003092589917590125,0.16125,0.015961392178058337,0.2,0.026449248487360383,0.22875,0.027935300838025062,0.2525,0.031751926704628286,0.29375,0.04483188405155061,0.31526945480415647,0.04422788473870479,0.3322640146778605,0.041529474140615974,0.009672798783330048,22.42497629636216,0.007721155967350546,15.365083300583152,-0.001972708536067829,0.09656067087599707,0.0009161782085821222,21.092344698670843,0.015011853635248169,5411.069471795101,0.2172640146778605
2024-02-05,0.01875,0.0675,0.10625,0.13875,0.17375,0.2025,0.2301451914513261,0.2539080158223612,148.68,146.35,36354.16,104.452,0.7025289211729889,,,,0,-0.1,0,0,0,0,0,0,1,1,0.11875000000000001,0.007846691530431193,0.1675,0.021861348846307915,0.20625,0.03032116876706932,0.23875000000000002,0.03670685561907336,0.27375,0.051692519521116295,0.3025,0.049268427424438765,0.3301451914513261,0.05620001360775645,0.3539080158223612,0.06233348145882567,0.010332326489285424,22.039159030529163,0.011859698579112808,15.577618260085444,0.0014799597427242888,0.09982524718313512,-0.00290238186079479,20.347760262605334,0.01627173768954955,5551.796801632219,0.23515801582236123
2024-02-06,0.015,0.065,0.105,0.135,0.16625,0.1975,0.2248766545363272,0.248000021008093,147.94,146.4,36160.66,104.213,0.7044274705961876,,,,0,-0.1,0,0,0,0,0,0,1,1,0.115,0.0027312385193184064,0.165,0.016302373280889612,0.20500000000000002,0.02544939296085713,0.23500000000000001,0.028188345259298975,0.26625,0.03477544382521819,0.2975,0.038967380624837705,0.3248766545363272,0.04366179362047548,0.348000021008093,0.047166702212061845,0.004123326489403135,20.995073188018466,0.00874165980220671,15.038026959882728,0.004580068166451963,0.1011396878339248,-0.002340819184495242,20.58205605929487,0.0074863562758903214,5256.530544146859,0.23300002100809303
2024-02-07,0.0175,0.0625,0.1025,0.1375,0.1725,0.20875,0.2348954100519453,0.2567386472392035,148.19,146.45,36119.92,104.057,0.702186382346987,,,,0,-0.1,0,0,0,0,0,0,1,1,0.11750000000000001,0.006248197838292554,0.1625,0.013532471140001064,0.2025,0.021852955778039376,0.23750000000000002,0.030335055477448497,0.27249999999999996,0.040722887750059805,0.30874999999999997,0.049946069829323037,0.33489541005194534,0.05303739814773714,0.35673864723920345,0.05512286614858497,0.004987979342780328,21.412784852718417,0.006406037449713342,14.868186425220998,0.0013930471203072664,0.09801045386823892,-0.0018028211253829595,20.65442999611605,0.004004072729860198,5252.28072350812,0.23923864723920346
2024-02-08,0.01875,0.06375,0.09875,0.1275,0.1725,0.21125,0.2359427399744029,0.2549854660346289,149.32,146.56,36863.28,104.165,0.6975957674792392,,,,0,-0.1,0,0,0,0,0,0,1,1,0.11875000000000001,0.006616862719028123,0.16375,0.01521534284210612,0.19875,0.018159064117916096,0.2275,0.018593337563704765,0.27249999999999996,0.037140759969194526,0.31125,0.047043768176184886,0.33594273997440294,0.04901024150532293,0.3549854660346289,0.04873743233226868,0.011266012671301291,22.4536426805318,0.006538417126179027,15.00308734430756,-0.00469236791422199,0.09402616708687961,-0.0008181074447777784,20.757269681288193,0.022090807100131987,6008.043774556383,0.23623546603462892
2024-02-09,0.02375,0.0625,0.10375,0.1325,0.19,0.215,0.2430763893015835,0.2658740074597281,149.31,146.3,36897.42,104.111,0.6972808251289264,,,,0,-0.1,0,0,0,0,0,0,1,1,0.12375,0.010791221718529958,0.1625,0.013245049368573222,0.20375,0.024184201172973332,0.2325,0.026625771840498705,0.29000000000000004,0.05295827184847818,0.315,0.04761833116900341,0.3430763893015835,0.053609947241695294,0.3658740074597281,0.05833742927073235,0.009693899977346024,21.953616831488972,0.005187610368269183,14.895574362523192,-0.004474685295092091,0.09565938842054766,-0.002219941278972656,20.45503336171828,0.021168264138741455,5740.834992112956,0.24212400745972812
2024-02-13,0.0275,0.06375,0.1025,0.13625,0.185,0.2125,0.2405047002057289,0.2641652529532039,150.81,146.31,37963.97,104.96,0.6959750679663151,,,,0,-0.1,0,0,0,0,0,0,1,1,0.1275,0.012161422022748735,0.16375,0.014545109824419401,0.2025,0.020885645032094266,0.23625000000000002,0.028821868971918574,0.28500000000000003,0.03976292820916372,0.3125,0.041874052766281006,0.34050470020572887,0.04663742506454127,0.3641652529532039,0.051130299113386846,0.01809565279029514,23.293297257519214,0.012135793599899554,15.739353569763779,-0.005868769619924479,0.09507405419115911,-0.0016921628297328734,20.55800238992235,0.04769622624979817,6697.356820826564,0.23666525295320393
2024-02-14,0.03,0.06875,0.1175,0.1425,0.205,0.25375,0.2826455366830116,0.3011436240162115,150.56,145.94,37703.32,104.723,0.6955565887353878,,,,0,-0.1,0,0,0,0,0,0,1,1,0.13,0.012289691614607579,0.16875,0.018808453748280184,0.2175,0.0355520798463711,0.2425,0.032973499102180545,0.305,0.05871063743337773,0.35375,0.08239541265380285,0.3826455366830116,0.08777387167793566,0.4011436240162115,0.08650770827139198,0.015259917597793847,22.34861270368026,0.009185716846327114,15.149128354044464,-0.006001585454689677,0.09553298695704537,-0.0037477216719344563,20.2108601996336,0.03751932536362076,5950.316364518236,0.2711436240162115
2024-02-15,0.0275,0.0625,0.1075,0.13875,0.17875,0.2175,0.2446420882651378,0.2665015937724575,149.92,146.28,38157.94,104.296,0.6956776947705444,,,,0,-0.1,0,0,0,0,0,0,1,1,0.1275,0.007798431240633192,0.1625,0.010141517303172053,0.20750000000000002,0.019103746843314354,0.23875000000000002,0.02583250370865893,0.27875,0.023160101627197255,0.3175,0.028700665477661286,0.3446420882651378,0.03182353660434309,0.3665015937724575,0.0357884677224769,0.01034471139266096,21.56332631681377,0.0046613063409755824,14.702863392218816,-0.00564705877369157,0.09620454143658141,-0.0011164715402187703,20.71188028063746,0.04617161397846285,6340.069186368688,0.23900159377245753
2024-02-16,0.02625,0.06375,0.10375,0.14,0.1825,0.22875,0.2556901139150208,0.2773652053686843,150.22,146.22,38487.24,104.296,0.6942883770469978,,,,0,-0.1,0,0,0,0,0,0,1,1,0.12625,0.006610970678946126,0.16375,0.012949024247564361,0.20375,0.017141076447618767,0.24000000000000002,0.027206521593544766,0.2825,0.03394109797251749,0.32875,0.04867918829685114,0.3556901139150208,0.052116718620516755,0.37736520536868434,0.0550662458411218,0.01166424222832821,22.001969841611867,0.004293688691681653,14.836551343910841,-0.007311921789146262,0.0950678581468768,-0.0013625234343786208,20.568833340829215,0.05084799398486308,6418.900629768039,0.2511152053686843
2024-02-19,0.025,0.0625,0.10375,0.13375,0.195,0.22625,0.2552379194377224,0.2780560934382352,150.13,146.24,38470.38,104.291,0.6946712848864317,,,,0,-0.1,0,0,0,0,0,0,1,1,0.125,0.00553229372634121,0.1625,0.011334145522398267,0.20375,0.018511717346670578,0.23375,0.02000449576247701,0.29500000000000004,0.0459135117993798,0.32625000000000004,0.04264147364932544,0.3552379194377224,0.04830285243461524,0.3780560934382352,0.052366253843395494,0.01038788853630729,21.781257818750788,0.0037608186698299285,14.853102986548635,-0.006589244383733392,0.09620334697501065,-0.0010758380436822381,20.602271908671426,0.046804772239762676,6162.057444249251,0.25305609343823515
2024-02-20,0.025,0.0625,0.10625,0.135,0.195,0.235,0.2632874743328278,0.2843923828893395,150.0,146.18,38363.61,104.079,0.6938599999999999,,,,0,-0.1,0,0,0,0,0,0,1,1,0.125,0.0058678959401830405,0.1625,0.011610089189204767,0.20625,0.021142612246279294,0.23500000000000001,0.02315733613154962,0.29500000000000004,0.04053482353805643,0.33499999999999996,0.05097054485691632,0.3632874743328278,0.05517773068044857,0.3843923828893395,0.05705896978948777,0.008867949274119704,21.623228304979705,0.0013599499315213354,14.646714062705612,-0.007476120877046671,0.09556268782120436,-0.001240080212350924,20.54049958314991,0.04132572068105209,5949.731994682894,0.25939238288933947
2024-02-21,0.0225,0.06375,0.105,0.1475,0.1875,0.24125,0.2672562476191025,0.289089281342914,150.29,146.19,38262.16,104.006,0.6920353982300885,,,,0,-0.1,0,0,0,0,0,0,1,1,0.1225,0.0033318488292621226,0.16375,0.012812717474037547,0.20500000000000002,0.0187855569725653,0.2475,0.03541987411686286,0.2875,0.031114736693361233,0.34125,0.052974161313924156,0.36725624761910247,0.05495957129008677,0.389089281342914,0.05810608566076306,0.010169582663987077,21.927116602257,0.00047038634205830154,14.657299624819046,-0.009640814809081402,0.09423385756792813,-0.000898705931800978,20.577529045167424,0.0361187644068671,5817.3826635497535,0.266589281342914
2024-02-22,0.02625,0.07125,0.1,0.14375,0.18,0.225,0.2511446963751881,0.2752398329993852,150.53,146.23,39098.68,103.957,0.6906065236165548,,,,0,-0.1,0,0,0,0,0,0,1,1,0.12625,0.007982928851968493,0.17125,0.01971972632311062,0.2,0.013847329921648388,0.24375,0.026527066533118038,0.28,0.02542280422018195,0.325,0.03252818954907624,0.3511446963751881,0.03552639911654981,0.37523983299938524,0.04078010097404722,0.010753482375770836,22.02809754770263,-0.0003476190499085001,14.658743148218036,-0.011027638313648756,0.09378636387359607,-0.000649239706133599,20.623126096294783,0.05466979109428618,6649.988224574488,0.2489898329993852
2024-02-26,0.0275,0.075,0.1025,0.1425,0.17875,0.215,0.2394984604484648,0.262416101313065,150.71,146.54,39233.71,103.827,0.6889191161833985,,,,0,-0.1,0,0,0,0,0,0,1,1,0.1275,0.007918177335933928,0.175,0.02021096975785261,0.2025,0.018180918974721558,0.2425,0.025128050197157692,0.27875,0.027194206432117257,0.315,0.02712920706493141,0.33949846044846477,0.028670992515574034,0.362416101313065,0.03183892386469206,0.010926945754321606,22.05162834173032,-0.001719134894400076,14.566184190971882,-0.012559108384717072,0.09307172891395965,0.0012743118545166,20.92196460744995,0.05405120444724024,6422.073804545151,0.23491610131306498
2024-02-27,0.02875,0.075,0.1,0.14125,0.17875,0.22625,0.2503528083047942,0.2711260102951227,150.51,146.47,39239.52,103.829,0.6898478506411534,,,,0,-0.1,0,0,0,0,0,0,1,1,0.12875,0.008253593907613918,0.175,0.017607294895810296,0.2,0.015075081450157207,0.24125,0.023850055560720382,0.27875,0.028335552164467065,0.32625000000000004,0.04301470893112527,0.3503528083047942,0.0449266188885461,0.3711260102951227,0.04615953255375044,0.008797064293972754,21.70834828432251,-0.001889919404454187,14.634918688272151,-0.010648317400670291,0.09510458207406447,0.0007515714676141956,20.727007854271918,0.04929029243789349,6244.9070754653,0.24237601029512268
2024-02-28,0.0275,0.07375,0.10375,0.13625,0.1775,0.21625,0.2416581854136334,0.2633755377903994,150.69,146.41,39208.03,103.975,0.6899927002455372,,,,0,-0.1,0,0,0,0,0,0,1,1,0.1275,0.006096911797053486,0.17375000000000002,0.015248121533811942,0.20375,0.019633245542383784,0.23625000000000002,0.019029324482494378,0.27749999999999997,0.027388520946892148,0.31625000000000003,0.029704576278880457,0.3416581854136334,0.033354359941488415,0.36337553779039944,0.0363715102228519,0.008928302417370622,21.8958506262654,-0.0006622204665531905,14.803360155585267,-0.009560358185410017,0.09536851426521142,0.0002937820683622534,20.65856307288672,0.044007833514321804,6114.622692269149,0.2358755377903994
2024-02-29,0.02875,0.07375,0.09875,0.1425,0.175,0.22125,0.2477649708761826,0.2711350177434211,149.99,146.26,39166.19,104.156,0.6944196279751983,,,,0,-0.1,0,0,0,0,0,0,1,1,0.12875,0.007419348008920659,0.17375000000000002,0.015031967383724462,0.19875,0.013276056517780521,0.2425,0.027100437946429634,0.275,0.025445509006045974,0.32125000000000004,0.03781768194327312,0.34776497087618263,0.042257002361778845,0.37113501774342106,0.04679112588106038,0.003438679119055969,21.09277220395043,0.000712420080926723,14.937271232554039,-0.0027690491354001325,0.09995953919687406,-0.0006695910028834309,20.523111835014134,0.03860670072825422,6016.733472874286,0.24238501774342108
2024-03-01,0.0275,0.07125,0.0925,0.13625,0.17375,0.20625,0.2337082137838004,0.2604694936692542,150.12,146.32,39910.82,103.861,0.6918531841193711,,,,0,-0.1,0,0,0,0,0,0,1,1,0.1275,0.005519320068157769,0.17125,0.01214893451099304,0.1925,0.008581881784782253,0.23625000000000002,0.01871524564947412,0.27375,0.025287111080228714,0.30625,0.02145877484652009,0.33370821378380044,0.02637597419238724,0.3604694936692542,0.033654993488303225,0.0032278113033541445,21.44814623276264,-0.002403199655752759,14.558005783040173,-0.005657173480540587,0.09579806449331629,-0.0002835445113640774,20.64324373461423,0.05329148210967337,6728.058915529931,0.2329694936692542
2024-03-04,0.0325,0.07,0.09125,0.13375,0.1775,0.21125,0.2373714138952535,0.2616255461986749,150.53,146.45,40109.23,103.832,0.6897761243605925,,,,0,-0.1,0,0,0,0,0,0,1,1,0.1325,0.010714144910860028,0.17,0.011561109071237897,0.19125,0.01015833513330433,0.23375,0.01807441507265932,0.27749999999999997,0.02983434863202475,0.31125,0.03208251199751738,0.3373714138952535,0.03516619426492609,0.36162554619867493,0.038437384684762044,0.004594855230360112,21.847998152053975,-0.003057117399453069,14.619715854423532,-0.007650321815246957,0.09437652780975914,0.0006696184541378647,20.765567102660185,0.052834816758207725,6591.498159690018,0.2291255461986749
2024-03-05,0.0375,0.0725,0.0925,0.13375,0.17375,0.195,0.22164439165799,0.2473019878630911,150.04,146.55,40097.63,103.798,0.691802186083711,,,,0,-0.1,0,0,0,0,0,0,1,1,0.1375,0.01363643990166884,0.1725,0.014570355274129997,0.1925,0.01276464533437735,0.23375,0.0194252986803147,0.27375,0.024835650068338072,0.29500000000000004,0.015367422053030433,0.32164439165798997,0.019348959176171687,0.3473019878630911,0.024539695210569645,0.0007703877618399183,21.188047896279016,-0.0033242369714299603,14.617259545493624,-0.004121221409796526,0.09739687563551935,0.0014863410383886089,20.814649269961052,0.04711612983581617,6377.193466505421,0.2098019878630911
2024-03-06,0.04375,0.0725,0.09375,0.1325,0.17875,0.20875,0.2352625581507193,0.2580974811410674,149.39,146.44,40090.78,103.369,0.6919405582702993,,,,0,-0.1,0,0,0,0,0,0,1,1,0.14375,0.01717832173073286,0.1725,0.013621018135680119,0.19375,0.01408203008058509,0.2325,0.018559264348552346,0.27875,0.030957826376128733,0.30874999999999997,0.03570378517340467,0.3352625581507193,0.039426404097361395,0.35809748114106743,0.04123620710067882,-0.003801013603627589,20.675885655223,-0.006927175075811676,14.213032844685017,-0.0031623187870358496,0.09706886181916086,0.0007038548009048201,20.65054696452289,0.04185410872537925,6273.480277567389,0.2143474811410674
2024-03-07,0.0425,0.07875,0.09875,0.135,0.18375,0.2075,0.236115481015606,0.2611162856090296,148.04,146.25,39598.71,102.823,0.6945622804647392,,,,0,-0.1,0,0,0,0,0,0,1,1,0.14250000000000002,0.01243538283519732,0.17875000000000002,0.019533246839053192,0.19875,0.01876867386523473,0.23500000000000001,0.02173008688835945,0.28375,0.03417059201904127,0.3075,0.030965591529978548,0.336115481015606,0.0367946372108551,0.36111628560902964,0.04169899413089695,-0.012836328476644438,19.606984434393013,-0.011512628994943853,13.848356335331161,0.0013261928160160498,0.099605318131052,-0.0005432944143183426,20.48642593568968,0.024489803627106958,5715.271780524825,0.2186162856090296
2024-03-08,0.04125,0.07125,0.09375,0.1275,0.1725,0.21875,0.2462884158200408,0.2662774672789034,147.07,146.25,39688.94,102.712,0.6983885224722921,,,,0,-0.1,0,0,0,0,0,0,1,1,0.14125000000000001,0.010338138722489357,0.17125,0.00930201771305867,0.19375,0.011751382111945374,0.2275,0.013459725228931047,0.27249999999999996,0.02039152153482593,0.31875,0.04213836984569874,0.3462884158200408,0.04606138033648455,0.3662774672789034,0.04524744197974462,-0.01893815581452766,19.255210996388286,-0.011940938863893512,14.01177172082474,0.007118063101385036,0.10239807341743679,-0.0004749879544421967,20.565481094532203,0.02210531092274775,5948.581438750756,0.22502746727890338
2024-03-11,0.0475,0.075,0.09375,0.12625,0.17,0.2225,0.2492489822631171,0.2669423406038107,146.94,146.12,38820.49,102.869,0.7000748604872737,,,,0,-0.1,0,0,0,0,0,0,1,1,0.14750000000000002,0.016413653262321623,0.175,0.015111660924612677,0.19375,0.013156913804765469,0.22625,0.015015421726611314,0.27,0.02148203969759324,0.3225,0.04133099255906822,0.34924898226311707,0.044658329147429704,0.3669423406038107,0.043323647777278124,-0.019026637292209242,19.710886046236197,-0.009813405718630971,14.308322332998358,0.009369438668213775,0.10227448123030836,-0.0012132811565475081,20.458400093128915,-0.0027729984597251664,5058.3218561618705,0.21944234060381074
2024-03-12,0.0425,0.0725,0.0875,0.11625,0.16625,0.20875,0.2363110384346781,0.2569057299330914,147.69,146.02,38797.51,102.957,0.6971155799309364,,,,0,-0.1,0,0,0,0,0,0,1,1,0.14250000000000002,0.008555232991292891,0.1725,0.011444179805988296,0.1875,0.007178714517295043,0.21625,0.006300883128634471,0.26625,0.019506365273057436,0.30874999999999997,0.024675570313785145,0.33631103843467813,0.029126620397106007,0.35690572993309144,0.032097138023517546,-0.013486163156523692,20.733893086954765,-0.008415614634578591,14.397439200389343,0.0051147150744362034,0.09803625864409482,-0.001801296796972956,20.42237218896095,-0.005789673658472352,5365.005054463552,0.2144057299330914
2024-03-13,0.03875,0.06875,0.08875,0.12,0.17,0.2125,0.2400017809979853,0.2615332329286124,147.75,146.03,38695.97,102.789,0.6956954314720812,,,,0,-0.1,0,0,0,0,0,0,1,1,0.13875,0.005721010456188821,0.16875,0.008313512482827426,0.18875,0.011035645755965134,0.22,0.014579968170584073,0.27,0.02537127530323746,0.3125,0.032723207612282174,0.3400017809979853,0.036844090308319616,0.3615332329286124,0.040102776047149735,-0.012075744202840296,20.637093428237648,-0.008997587306484395,14.218005019436092,0.0030873390852989282,0.09728746102688868,-0.001637388519137568,20.495457356610103,-0.009320855074327406,5357.909360420701,0.2227832329286124
2024-03-14,0.03,0.06875,0.08625,0.1125,0.16,0.2025,0.2353005258265903,0.2637796455185957,148.32,145.24,38807.38,103.36,0.6968716289104638,,,,0,-0.1,0,0,0,0,0,0,1,1,0.13,-0.001637146609002757,0.16875,0.009842154395312004,0.18625,0.008812181638015976,0.21250000000000002,0.007064830238356037,0.26,0.014609263682000495,0.3025,0.022096973522844565,0.3353005258265903,0.031468112696753064,0.36377964551859565,0.04125450666400077,-0.007521211958994831,21.18576005965872,-0.002837321437357521,14.865287280696975,0.004687988600168268,0.09908474096966258,-0.006800720760148857,19.72747704096625,-0.0078707417562963,5549.639395661194,0.23377964551859567
2024-03-15,0.0325,0.0675,0.08875,0.10125,0.1475,0.20125,0.2324869773229232,0.2568717628117574,149.03,145.1,38707.64,103.432,0.6940347581023955,,,,0,-0.1,0,0,0,0,0,0,1,1,0.1325,0.004598165397930707,0.1675,0.008969358965133567,0.18875,0.01256448322478862,0.20125,-0.0008318372268118768,0.2475,0.006040447007133326,0.30125,0.02470953614718019,0.3324869773229232,0.030361607262441387,0.35687176281175736,0.03318120449328418,-0.002473234515510536,21.677877219500118,-0.001726652311677483,14.7394193777384,0.0007165556479437593,0.09593945725129494,-0.007357594124870482,19.918754015732574,-0.011115499324766081,5436.816699902047,0.22437176281175739
2024-03-18,0.03875,0.07,0.07875,0.09625,0.1375,0.17875,0.2092371073547971,0.2349733466471506,149.16,145.43,39740.44,103.594,0.6945159560203807,,,,0,-0.1,0,0,0,0,0,0,1,1,0.13875,0.01091342844695501,0.17,0.012100274907306273,0.17875000000000002,0.0020236270636396353,0.19625,-0.0001472543197575671,0.23750000000000002,0.0022297797115368168,0.27875,0.0037964723409201484,0.30923710735479715,0.008666143624270484,0.3349733466471506,0.013599506722326793,-0.0012487738246292697,21.468767367335488,0.00017571672147348233,14.824226907700364,0.0013939565160387966,0.09749049933724252,-0.004831116220506849,20.410424008664023,0.013647332327332203,6511.960796291642,0.1962233466471506
2024-03-19,0.06625,0.075,0.09,0.11,0.14375,0.2025,0.2213783144257872,0.2463375402897267,150.85,145.68,40003.6,103.839,0.6883592973152138,2024-03-19,0.1," ""MPM (Negative Rate End)""",1,0.1,0,0,0,0,0,0,1,1,-0.03375,0.0361135649297547,-0.02500000000000001,0.016288580188389933,-0.010000000000000009,0.017228293276045636,0.009999999999999995,0.017641689938088442,0.04374999999999998,0.01459368635705266,0.10250000000000001,0.03721194103669037,0.1213783144257872,0.03059818486828686,0.1463375402897267,0.03425473512303853,0.009823774538516903,23.001380458108045,0.0027599340242504236,14.975501710852399,-0.00703122594721702,0.09144118365282272,-0.002929339940318102,20.604401346463163,0.01836838869822776,6374.66264967755,0.1800875402897267
2024-03-21,0.08,0.10625,0.14125,0.1775,0.215,0.243153513772837,0.2687713376316485,0.3030672749221017,151.62,145.41,40815.66,104.004,0.6859517214087851,,,,0,0.1,0,0,0,0,0,1,1,1,-0.020000000000000004,0.03822685130527655,0.006249999999999992,0.0453084275530064,0.04124999999999998,0.06518456406771586,0.07749999999999999,0.08142075038164903,0.11499999999999999,0.08571827540765173,0.143153513772837,0.07140759634584712,0.1687713376316485,0.07612517823412679,0.20306727492210172,0.08927149713321125,0.014428271785419142,23.024920458406598,0.004389690143211746,15.007750421696812,-0.009939469635888303,0.09159330092735452,-0.004514974036332078,20.24375450083984,0.035808092163325506,6962.686937044578,0.2230672749221017
2024-03-22,0.0775,0.1125,0.14875,0.18375,0.23375,0.2641629764227224,0.2916487971602948,0.3243247268293414,151.44,145.41,40888.43,104.473,0.6898639725303751,,,,0,0.1,0,0,0,0,0,1,1,1,-0.022500000000000006,0.02658087148092799,0.012499999999999997,0.03831229295565977,0.04874999999999999,0.05148083780568334,0.08374999999999999,0.060140374836042704,0.13375,0.07661617728004155,0.1641629764227224,0.07492754762535997,0.1916487971602948,0.08016690867222045,0.22432472682934138,0.08795698035812313,0.012834317587496147,22.291244242945538,0.00869147111983067,15.361883036610266,-0.004136710088404462,0.09727807545475942,-0.004249112342969399,20.336253954000497,0.03420839474576668,6614.800153722557,0.24682472682934137
2024-03-25,0.08,0.10875,0.14,0.18125,0.2225,0.2508601044120913,0.2760411907573849,0.3091316949101585,151.41,145.56,40414.12,104.235,0.6884287695660789,,,,0,0.1,0,0,0,0,0,1,1,1,-0.020000000000000004,0.026427444828321628,0.008749999999999994,0.02787005148618392,0.04000000000000001,0.0332749507886045,0.08124999999999999,0.04694888295966909,0.1225,0.04986220907989694,0.15086010441209127,0.04785574913518931,0.17604119075738492,0.0499343277346756,0.2091316949101585,0.05765882015959706,0.012335773743857179,22.10459982122427,0.00625852546707257,14.88789578248047,-0.006052283340125459,0.09500609561002338,-0.0029932121892916417,20.51654094095487,0.020513745103119325,5954.501818318153,0.2291316949101585
2024-03-26,0.07875,0.1075,0.1475,0.18125,0.21375,0.2412389534102673,0.2665775775236126,0.299919449005483,151.56,145.5,40398.03,104.293,0.6881301134864081,,,,0,0.1,0,0,0,0,0,1,1,1,-0.021250000000000005,0.022258574309866816,0.007499999999999993,0.02505135884140193,0.04749999999999999,0.03990977002239782,0.08124999999999999,0.042899833340474175,0.11374999999999999,0.03922519684519338,0.1412389534102673,0.03815475388794812,0.1665775775236126,0.041104154629224066,0.199919449005483,0.0485129208514517,0.01305081630265853,22.147502666689007,0.00659202779654494,14.954807170108353,-0.006426888783017884,0.09525936969047766,-0.0030490938367192656,20.416158100861765,0.01861005594660772,6025.150716698277,0.22116944900548302
2024-03-27,0.07875,0.11125,0.14375,0.17375,0.2175,0.2447070824226083,0.2694604310528184,0.2996656089085461,151.32,145.74,40762.73,104.348,0.6895849854612741,,,,0,0.1,0,0,0,0,0,1,1,1,-0.021250000000000005,0.02105691658707924,0.011249999999999996,0.027794465675588395,0.04374999999999998,0.03146539059220299,0.07374999999999998,0.03254301303145013,0.1175,0.04399441093791448,0.1447070824226083,0.043843497899807043,0.1694604310528184,0.04632831125230624,0.1996656089085461,0.050175746862171355,0.011172885705121332,21.763103445134476,0.006870685317208852,14.96410020490599,-0.0043073416421929005,0.09707359148441008,-0.0011548333373312353,20.677412628951586,0.025835778390674056,6382.362106712011,0.2209156089085461
2024-03-28,0.07875,0.10875,0.145,0.17125,0.21125,0.2369208078937302,0.2604463594311625,0.2890248298818165,151.38,145.88,40168.07,104.546,0.6906196327123795,,,,0,0.1,0,0,0,0,0,1,1,1,-0.021250000000000005,0.019959147171573363,0.008749999999999994,0.022770910618197845,0.044999999999999984,0.03192553658080688,0.07125000000000001,0.03097620069560819,0.11124999999999999,0.03536693402137958,0.1369208078937302,0.03443340206779377,0.1604463594311625,0.036004264492018184,0.1890248298818165,0.0392251268510308,0.011340671087134373,21.835821759829656,0.008503393157734834,15.112935194307823,-0.0028585451776093674,0.09772907100596107,-1.3709710588074949e-05,20.731961287672007,0.009650873626871876,5620.595028760537,0.2102748298818165
2024-03-29,0.08,0.10875,0.14625,0.15625,0.21875,0.2458974656085253,0.2713031103629815,0.2968740882167917,151.32,145.67,40369.44,104.546,0.6908934707903781,,,,0,0.1,0,0,0,0,0,1,1,1,-0.020000000000000004,0.020305709488132227,0.008749999999999994,0.022469449134584304,0.046249999999999986,0.031528089114308044,0.056249999999999994,0.016303593692287205,0.11875,0.043978723164969924,0.1458974656085253,0.04560635411775446,0.1713031103629815,0.04967799159784589,0.19687408821679167,0.05069293832133659,0.010490888086064,21.71989912104391,0.008313722464411043,15.007730669138454,-0.002209170655460498,0.09756515336407723,-0.001251264119573082,20.445549604389583,0.013180285522030115,5993.532407375365,0.21687408821679166
2024-04-01,0.07625,0.10625,0.13875,0.15375,0.20875,0.2356986330014185,0.2614270001456589,0.2893953210705582,151.65,145.55,39803.09,105.019,0.6925090669304319,,,,0,0.1,0,0,0,0,0,1,1,1,-0.023750000000000007,0.015299322770557788,0.006249999999999992,0.01931374533126816,0.03875000000000001,0.02238819372055348,0.05374999999999999,0.0193376535002098,0.10874999999999999,0.030643660144216156,0.1356986330014185,0.03201622133297827,0.1614270001456589,0.03588651589628039,0.1893953210705582,0.040716606839143354,0.012177499824796182,22.03462923504921,0.01231035868824448,15.438205646862997,7.67140378050015e-05,0.09897104179021965,-0.0018105257382691757,20.38473125555069,-0.0008987322677843293,5373.235709508255,0.21314532107055822
2024-04-02,0.07625,0.10625,0.1425,0.1625,0.21,0.2373322526323323,0.2633967810330067,0.2934718569198635,151.56,145.46,39838.91,104.816,0.6915808920559514,,,,0,0.1,0,0,0,0,0,1,1,1,-0.023750000000000007,0.016004583341344157,0.006249999999999992,0.019707508588646797,0.04249999999999998,0.02807699376881148,0.0625,0.03035000027739934,0.10999999999999999,0.03450463558953629,0.13733225263233229,0.036526590458582614,0.16339678103300667,0.04051308518958807,0.1934718569198635,0.04694526156986978,0.011229207950519376,21.7867924132442,0.009874642430805746,15.018682517553657,-0.0013938307503970208,0.09733534896767848,-0.00208898600139259,20.355115185496743,0.0003397707820907364,5614.550812953916,0.2172218569198635
2024-04-03,0.075,0.1,0.1425,0.17125,0.2075,0.2340411473138141,0.258576674931945,0.2912632696691171,151.69,145.47,39451.85,104.249,0.6872503131386379,,,,0,0.1,0,0,0,0,0,1,1,1,-0.02500000000000001,0.014563122839985496,0.0,0.013216522486036997,0.04249999999999998,0.02663102875049883,0.07125000000000001,0.03632906533208907,0.10749999999999998,0.03172267866777587,0.13404114731381409,0.0330128502217078,0.15857667493194502,0.035268532407885356,0.19126326966911708,0.04341475310861381,0.011539782407916848,21.888532752576623,0.004193571847247307,14.455620839022586,-0.007320729945272254,0.09316036248182469,-0.001650533077575036,20.42152030352949,-0.008575345726800028,5264.446916545356,0.21626326966911708
2024-04-04,0.07625,0.1,0.145,0.1725,0.20875,0.23606301373864,0.2619435652394724,0.2954887458334907,151.34,145.33,39773.14,104.121,0.6879939209726443,,,,0,0.1,0,0,0,0,0,1,1,1,-0.023750000000000007,0.01600509926005203,0.0,0.015393289486098152,0.044999999999999984,0.02844984029759859,0.07249999999999998,0.03331843768020498,0.10874999999999999,0.03367764537788459,0.13606301373864,0.03617120982825969,0.16194356523947237,0.040319029920167726,0.1954887458334907,0.04801427260292107,0.008550084301298944,21.45370495863901,0.002597465124396555,14.53228644188242,-0.005963315946248772,0.09564070848036721,-0.002231299989701809,20.30040945126116,-0.00010225705260995649,5758.0425905265,0.21923874583349073
2024-04-05,0.07625,0.10125,0.14625,0.17625,0.2225,0.2506103029963106,0.2758779346662958,0.3077619520836945,151.62,145.38,38992.08,104.298,0.6878907795805302,,,,0,0.1,0,0,0,0,0,1,1,1,-0.023750000000000007,0.015328816556745638,0.0012500000000000011,0.017067852201958,0.046249999999999986,0.02816438694896807,0.07624999999999998,0.03508562481992697,0.1225,0.04692455604646242,0.1506103029963106,0.05010617445129034,0.17587793466629578,0.053272319150276914,0.2077619520836945,0.05850562273148202,0.009212172848052496,21.830119559154554,0.0035891267741159937,14.808777057461455,-0.00563309260734082,0.0957578978494763,-0.0015898469557695616,20.419711662803863,-0.01899007106873008,4902.772725106843,0.23151195208369452
2024-04-08,0.07625,0.09875,0.14875,0.17875,0.22125,0.2499133090696754,0.2759814410239473,0.3097216871305022,151.81,145.22,39347.04,104.14,0.6859890652789671,,,,0,0.1,0,0,0,0,0,1,1,1,-0.023750000000000007,0.01497320479716277,-0.0012500000000000011,0.014217991619471515,0.04874999999999999,0.02944013046876731,0.07874999999999999,0.03508241591432701,0.12125,0.03991535411576819,0.1499133090696754,0.04340710192408642,0.17598144102394728,0.0475362690091741,0.20972168713050218,0.054927608917868465,0.008885314973450313,21.916573753667592,0.0013808170282818097,14.614439336207866,-0.007492603383571514,0.09408782938163052,-0.002335806540258336,20.26562018782397,-0.009633604574865434,5559.028146932396,0.2334716871305022
2024-04-09,0.075,0.0975,0.1525,0.1825,0.225,0.2541731818889559,0.280819931871598,0.3147329415933582,151.78,145.25,39773.13,104.148,0.6861773619712742,,,,0,0.1,0,0,0,0,0,1,1,1,-0.02500000000000001,0.013424169237046382,-0.0025000000000000022,0.013843394877878445,0.05249999999999999,0.03150429583995301,0.08249999999999999,0.03669348905237624,0.125,0.042278610753173324,0.15417318188895587,0.04605230520509623,0.18081993187159798,0.05048107472490501,0.21473294159335818,0.057271080020106946,0.007066317221245571,21.771877924009203,0.0008422996847502094,14.681859933919071,-0.006221061405000106,0.09518879429349203,-0.0018314074348957522,20.36957981491068,-0.00010767417177188182,5932.342286322666,0.23973294159335817
2024-04-10,0.0775,0.1025,0.15625,0.19875,0.24,0.2716233428641366,0.2991968607781488,0.3347209119717378,153.19,145.12,39581.81,105.245,0.6870226516091129,,,,0,0.1,0,0,0,0,0,1,1,1,-0.022500000000000006,0.016157707555295234,0.0024999999999999883,0.019532034551387342,0.056249999999999994,0.032949457470437093,0.09875,0.0503731140103055,0.13999999999999999,0.0548322098371678,0.17162334286413658,0.060813512173725465,0.19919686077814877,0.06586193376250399,0.2347209119717378,0.07390357918039292,0.014570501357705733,23.144675539929267,0.010273602768425321,15.793071624370725,-0.004269092258958025,0.0962976214114708,-0.0024162808522630707,20.25559896211564,-0.005897485844356447,5573.977477482731,0.2572209119717378
2024-04-11,0.07625,0.11875,0.1825,0.2325,0.2725,0.3093715786650161,0.3411364418025711,0.3810943941830678,153.28,144.53,39442.63,105.282,0.6868606471816283,,,,0,0.1,0,0,0,0,0,1,1,1,-0.023750000000000007,0.013818691643533436,0.01874999999999999,0.03397890873858836,0.08249999999999999,0.056682490461387014,0.1325,0.07643687518006834,0.17250000000000001,0.08017500693889967,0.20937157866501607,0.09038305576973416,0.24113644180257107,0.0991458491485207,0.2810943941830678,0.11076851600795057,0.013310944591168522,22.639960965586226,0.009420955441737969,15.399136137275448,-0.0038661360540501255,0.0959897981273774,-0.005959565739202814,19.731603336773247,-0.01032095655435618,5466.328951390737,0.3048443941830678
2024-04-12,0.07875,0.1125,0.17625,0.22,0.26875,0.3065875736928767,0.3406924956548736,0.3798029912511198,153.29,144.35,39523.55,106.038,0.6917476678191663,,,,0,0.1,0,0,0,0,0,1,1,1,-0.021250000000000005,0.01637469141888208,0.012499999999999997,0.020698398562356543,0.07624999999999998,0.03878503260589658,0.12,0.04767314760301833,0.16874999999999998,0.060819917605937246,0.2065875736928767,0.06959279979851613,0.24069249565487358,0.07884815408500534,0.27980299125111985,0.08750598899763695,0.011715011715011563,22.419735648266084,0.015365788498496112,16.013037241067593,0.0035942587318550105,0.1009833008558797,-0.006893609995046573,19.814460761917985,-0.009180787570106146,5603.483084808089,0.30105299125111984
2024-04-15,0.07875,0.11125,0.18,0.2125,0.2625,0.2989180863355978,0.3314121544867413,0.3681703087245673,154.28,144.41,39232.8,106.208,0.6884106818771065,,,,0,0.1,0,0,0,0,0,1,1,1,-0.021250000000000005,0.01520956436117793,0.011249999999999996,0.01969373902327902,0.07999999999999999,0.041100158438205,0.11249999999999999,0.0394607296393277,0.1625,0.05059841108323612,0.1989180863355978,0.0567967933648684,0.23141215448674127,0.06290586147231475,0.26817030872456726,0.06879575377693298,0.016487951112648624,23.28253664175881,0.015643752014160493,15.8083813385728,-0.0008394422372679941,0.09577420108595358,-0.006244946410446085,20.034639113561894,-0.017116620635658216,5295.221925884107,0.2894203087245673
2024-04-16,0.08,0.11125,0.18375,0.2275,0.2725,0.3098108087544097,0.3418483466932219,0.3805213596109478,154.72,144.32,38471.2,106.257,0.6867696483971045,,,,0,0.1,0,0,0,0,0,1,1,1,-0.020000000000000004,0.015973798273609313,0.011249999999999996,0.019681682967229622,0.08374999999999999,0.041807707990596826,0.1275,0.05560713068632542,0.17250000000000001,0.06033402311201014,0.2098108087544097,0.06745503232635075,0.2418483466932219,0.0731361644001382,0.2805213596109478,0.08153199085276519,0.017523206986922564,23.24086395097933,0.01482017377352137,15.65170429004425,-0.002660586692216271,0.09495568160582535,-0.006484834299403886,19.993523095596345,-0.03466189648443085,4646.405666373088,0.3005213596109478
2024-04-17,0.085,0.12,0.18375,0.23125,0.28,0.3183103463906985,0.3506608448261828,0.3899079613961151,154.38,144.11,37961.8,105.951,0.6863000388651379,,,,0,0.1,0,0,0,0,0,1,1,1,-0.015,0.020129820988048525,0.01999999999999999,0.028123546186211407,0.08374999999999999,0.038667034131354444,0.13125,0.05273039666456403,0.18000000000000002,0.06258807359560617,0.2183103463906985,0.07019788456165452,0.2506608448261828,0.07619119220444337,0.2899079613961151,0.08440734832431135,0.014110042566608834,22.543588144552416,0.010878167670617988,15.224267200934776,-0.0031935150970130006,0.09529308967418659,-0.0073940909263104666,19.859706402536858,-0.04499758751313547,4474.392492987841,0.3049079613961151
2024-04-18,0.08375,0.11625,0.17,0.23,0.27375,0.3108751446627495,0.341318571952149,0.3811981871421286,154.65,144.41,38079.7,106.151,0.6863950856773359,,,,0,0.1,0,0,0,0,0,1,1,1,-0.01625,0.01645429902857752,0.01625,0.02057661440684784,0.07,0.023282730636672994,0.13,0.047429307349782096,0.17375,0.05102004776003016,0.2108751446627495,0.056791779890538185,0.24131857195214898,0.06065320201713664,0.28119818714212863,0.06898527458957154,0.014873657581037368,22.78395268526208,0.011750106273268102,15.473617947791581,-0.0030875642257506587,0.09584236752945252,-0.004985065474201349,20.284769663789064,-0.03872343081502597,4904.200964751901,0.2974481871421286
2024-04-19,0.08375,0.1175,0.1725,0.2025,0.25625,0.2893690323668022,0.3169768633755367,0.3491338063060496,154.64,144.67,37068.35,106.154,0.6864588722193482,,,,0,0.1,0,0,0,0,0,1,1,1,-0.01625,0.016032239744787208,0.017499999999999988,0.022006316563050576,0.07249999999999998,0.030105350008768905,0.10250000000000001,0.018304839870730727,0.15624999999999997,0.033507203144291425,0.18936903236680222,0.035454790229766775,0.2169768633755367,0.03710813090016296,0.24913380630604962,0.03719929628869567,0.013743620672136091,22.595561684311235,0.01096881257306384,15.380322587742455,-0.002748324518519242,0.09607805664078684,-0.0029394230736098574,20.479957419530876,-0.05972003649118315,3965.468604206995,0.26538380630604963
2024-04-22,0.08375,0.12375,0.18125,0.225,0.27625,0.3134099671528534,0.3440961618560793,0.381558614789494,154.84,144.22,37438.61,106.077,0.6850749160423663,,,,0,0.1,0,0,0,0,0,1,1,1,-0.01625,0.015596868343968326,0.023749999999999993,0.027401961201375724,0.08124999999999999,0.03857101090161255,0.125,0.05044669734868687,0.17625,0.059526938893688514,0.2134099671528534,0.0670718010146423,0.24409616185607927,0.07305919195016541,0.28155861478949396,0.08127626838518182,0.013914808630455612,22.705478077572366,0.009350169633286588,15.256328382730729,-0.004516348999367093,0.09479230587725607,-0.005581623049103705,19.92723447600885,-0.04673047732618749,4796.750648951231,0.297808614789494
2024-04-23,0.0825,0.12125,0.175,0.21875,0.275,0.3119437740567796,0.342018085284797,0.3795909399205466,154.84,144.23,37552.16,105.675,0.6824786876776027,,,,0,0.1,0,0,0,0,0,1,1,1,-0.0175,0.01398873882848034,0.02124999999999999,0.021909597638954836,0.07499999999999998,0.028621000983360317,0.11875,0.03738136890861721,0.17500000000000002,0.05143688072539648,0.21194377405677958,0.057569660456379956,0.24201808528479699,0.06208561106912719,0.2795909399205466,0.06901958301130218,0.012827137801791042,22.557975838544564,0.004864332617463439,14.85120523559786,-0.007881564661250685,0.0928315813801831,-0.005077052550253094,20.09545263143069,-0.04036237512315647,4925.060378126567,0.2970909399205466
2024-04-24,0.08,0.1175,0.175,0.2125,0.27375,0.3112493178032122,0.3422904174684836,0.379635264023048,155.34,144.21,38460.08,105.857,0.6814535856830178,,,,0,0.1,0,0,0,0,0,1,1,1,-0.020000000000000004,0.011690458153853181,0.017499999999999988,0.018024192651795917,0.07499999999999998,0.029820989810949994,0.11249999999999999,0.03176015988647388,0.17375,0.04858887661459199,0.21124931780321218,0.05506323274654634,0.2422904174684836,0.060608865767397824,0.27963526402304795,0.06697322668062983,0.01476352234125941,22.97912299397862,0.005873303502792338,15.175821852440208,-0.008785916625912252,0.09307865491238021,-0.004689780832979548,20.119296611522827,-0.014260438514276734,5839.33806014061,0.29963526402304796
2024-04-25,0.0825,0.12,0.1825,0.20375,0.27875,0.3156974357573391,0.345643467505309,0.3788790452096167,155.66,144.15,37628.48,105.598,0.6783887960940511,,,,0,0.1,0,0,0,0,0,1,1,1,-0.0175,0.015084922616432947,0.01999999999999999,0.021602810477137566,0.08249999999999999,0.03723951557740421,0.10374999999999998,0.025167444833287922,0.17875,0.05295740846345298,0.2156974357573391,0.05852988049234348,0.245643467505309,0.06258204981626975,0.2788790452096167,0.06476745511100818,0.01543439404021022,23.04171823544121,0.0029109662223446315,14.87504650706336,-0.012365308155973987,0.09087999544554093,-0.004509575077864351,20.094419363016556,-0.032425532423700235,4675.303588377792,0.29637904520961666
2024-04-26,0.0775,0.115,0.1625,0.195,0.26125,0.2978287782106525,0.3260751804052387,0.3647941642705505,158.34,143.93,37934.76,105.938,0.6690539345711759,2024-04-26,0.1," ""MPM""",1,0.1,0,0,0,0,0,1,1,1,-0.022500000000000006,0.009240813608292986,0.015,0.015680055543309007,0.0625,0.014019665013413979,0.095,0.020264663397648985,0.16124999999999998,0.032752326929809394,0.1978287782106525,0.03804522866116872,0.2260751804052387,0.04070545672379938,0.26479416427055047,0.04993117367746408,0.030557453870936394,25.48671350495374,0.0054754553625578585,15.306451627431088,-0.02440453789178774,0.08316585838368362,-0.005431327565714732,19.920462895653458,-0.02148688838948482,5233.838803194871,0.2872941642705505
2024-04-30,0.11375,0.155,0.20375,0.26125,0.3102500795494997,0.3485483947960793,0.3740590792007972,0.4070409083009694,157.81,144.5,38405.66,106.221,0.6730942272352829,,,,0,0.1,0,0,0,0,1,1,1,1,0.013749999999999998,0.04719801358755098,0.05499999999999999,0.05728886481201659,0.10374999999999998,0.062107040784937534,0.16124999999999998,0.09106552373447746,0.21025007954949967,0.08749607620264505,0.2485483947960793,0.09463007499750548,0.2740590792007972,0.09528767104630426,0.3070409083009694,0.09700386190506716,0.025053100621618092,23.773673255510033,0.007586709314635052,15.474553372814327,-0.01712182544952111,0.0915655026989235,-0.0011302090713967178,20.60312064684436,-0.007551497579183043,5649.297153504787,0.2932909083009694
2024-05-01,0.1125,0.16125,0.19875,0.26125,0.3083077105499745,0.3478746824786934,0.3773363869388231,0.4125714327586438,154.49,144.31,38274.05,105.755,0.6845426888471745,,,,0,0.1,0,0,0,0,1,1,1,1,0.012499999999999997,0.0318410772800863,0.06125,0.047844663055547174,0.09875,0.04225902488754371,0.16124999999999998,0.0660591305489619,0.20830771054997452,0.06715424391581731,0.2478746824786934,0.07488968138092428,0.2773363869388231,0.08081043585555758,0.31257143275864374,0.08661557775724421,0.0025340770086861504,20.267680465048244,0.002719778435480296,14.861937449885232,0.00010958926563428094,0.10290294394306099,-0.0020469413440658913,20.22982146966703,-0.0089486583563535,5330.387047999808,0.3000714327586438
2024-05-02,0.11625,0.1675,0.19875,0.2475,0.2925042474575482,0.3300762068603624,0.3590154319077878,0.3921979085255098,153.65,144.29,38236.07,105.299,0.6853172795314025,,,,0,0.1,0,0,0,0,1,1,1,1,0.01625,0.03188561589513875,0.0675,0.04686276124904683,0.09875,0.04001740216835445,0.1475,0.04511025871493857,0.1925042474575482,0.046653803711344866,0.23007620686036237,0.05166560564896927,0.25901543190778775,0.055924166859083635,0.29219790852550975,0.059227220506555434,-0.003550641223106818,20.588251331186285,-0.0021005367195899268,14.538727053507841,0.00138266033729884,0.09948747917836509,-0.00177796841165833,20.246489705739137,-0.008371228865587515,5295.832933056605,0.27594790852550977
2024-05-07,0.11375,0.1625,0.185,0.24,0.283541005296192,0.3192579075130761,0.3452067685673909,0.377819610354476,154.69,144.68,38835.1,105.412,0.6814402999547483,,,,0,0.1,0,0,0,0,1,1,1,1,0.013749999999999998,0.02576651961450034,0.0625,0.03603710054989992,0.08499999999999999,0.0245894515838877,0.13999999999999999,0.03930396624323529,0.18354100529619197,0.041229751909412915,0.21925790751307608,0.04491274871976925,0.2452067685673909,0.04615911524195565,0.277819610354476,0.049651448544735854,0.0021053995400511036,22.235845298367536,-0.0016403814170923583,14.857133768149552,-0.0038053814380176482,0.0942702711355724,0.0011452138020752842,20.652713591674882,0.008390823493163205,5904.051621170962,0.26406961035447596
2024-05-08,0.1125,0.1625,0.195,0.23875,0.2835348989573221,0.3189526113242342,0.344481881040329,0.3757762021555704,155.5,144.56,38202.37,105.546,0.6787524115755628,,,,0,0.1,0,0,0,0,1,1,1,1,0.012499999999999997,0.023641010011994965,0.0625,0.03517166312665196,0.095,0.03888571304517843,0.13874999999999998,0.04022511536107079,0.18353489895732208,0.04477497589768964,0.2189526113242342,0.048992495541853864,0.244481881040329,0.05098237583393578,0.2757762021555704,0.053605819883217776,0.006088289908707833,22.84315207927449,-0.0009616877240938402,15.006447417667871,-0.007071550335212446,0.09259050209311148,0.0005987257178652203,20.38535445571182,-0.007020540078433914,5033.315899330926,0.2632762021555704
2024-05-09,0.12375,0.17875,0.21,0.25625,0.3019274312769626,0.3392358666591393,0.3653985180931491,0.396737334028149,155.47,144.29,38073.98,105.227,0.6768315430629703,,,,0,0.1,0,0,0,0,1,1,1,1,0.023749999999999993,0.03439889236508116,0.07874999999999999,0.05010245069561983,0.10999999999999999,0.05060150038523156,0.15624999999999997,0.05819119001819892,0.20192743127696258,0.06378041715137892,0.2392358666591393,0.07024928679780862,0.26539851809314907,0.07338067300117729,0.29673733402814895,0.07676016757884957,0.004704605084592474,22.474347247552515,-0.004493294589172733,14.649709340467638,-0.009217896426264688,0.09191941350311661,-0.0009485760972671347,20.123771901447697,-0.008717647351495246,5088.725325354142,0.272987334028149
2024-05-10,0.1225,0.1775,0.21,0.2575,0.3036418118441351,0.3413876889681263,0.3678254153416572,0.3997925904204027,155.74,144.26,38229.11,105.301,0.676133299088224,,,,0,0.1,0,0,0,0,1,1,1,1,0.022499999999999992,0.02797603497020032,0.07749999999999999,0.04124055227292234,0.10999999999999999,0.04352403124504664,0.1575,0.052225123752485725,0.20364181184413507,0.05817695507152759,0.24138768896812632,0.06447274174501205,0.26782541534165716,0.06785403304670684,0.29979259042040274,0.07210815857136366,0.005163289015102694,22.657965984983036,-0.004336249380670919,14.844765693668748,-0.00951186411108294,0.09238320425667812,-0.0008138387214074688,20.198137732979518,-0.0026741243229951406,5335.945034228127,0.2772925904204027
2024-05-13,0.1225,0.18,0.22,0.27875,0.3273291392002968,0.3684355493613682,0.3966252166704117,0.4318052157553911,156.21,143.96,38179.46,105.218,0.6735676333141284,,,,0,0.1,0,0,0,0,1,1,1,1,0.022499999999999992,0.02652078047112194,0.07999999999999999,0.0413622659333559,0.12,0.05101444095228033,0.17875,0.07051955904048471,0.22732913920029682,0.0788183384496732,0.26843554936136815,0.08816748516954748,0.29662521667041164,0.09325531166386819,0.3318052157553911,0.10061653486592675,0.007215118865698201,22.970051305530063,-0.005108348521273757,14.767557018753905,-0.012296971459041486,0.09054664056557782,-0.0024910008695983358,19.940396944774847,-0.0021440876227108332,5258.647824059772,0.3093052157553911
2024-05-14,0.11625,0.17625,0.23,0.285,0.3347618182792169,0.3770594257920695,0.406342766437199,0.4426703836008556,156.43,143.84,38356.06,105.013,0.6713098510515886,,,,0,0.1,0,0,0,0,1,1,1,1,0.01625,0.01916817018054294,0.07624999999999998,0.03493343746994873,0.13,0.05549901059752324,0.18499999999999997,0.06660918914865355,0.2347618182792169,0.0751628439100106,0.27705942579206955,0.08424003916410916,0.30634276643719904,0.08974687141273557,0.34267038360085555,0.09699357438506262,0.00761037948836883,22.934678191815806,-0.006920434858262599,14.605181372294297,-0.014484076869747066,0.08967256838967474,-0.0030841736840280915,19.960559585022523,0.0038969782305898954,5456.610772498068,0.32642038360085557
2024-05-15,0.11,0.17375,0.22375,0.28,0.3275999531828948,0.3693211756287263,0.3990470898335167,0.4365233879249939,154.88,143.91,38385.73,104.345,0.6737151342975207,,,,0,0.1,0,0,0,0,1,1,1,1,0.009999999999999995,0.014561995043790535,0.07374999999999998,0.03235651312295021,0.12375,0.04294946110412773,0.18000000000000002,0.05537225882822694,0.2275999531828948,0.061047202148454494,0.26932117562872626,0.06860807271505359,0.2990470898335167,0.07394190949553803,0.3365233879249939,0.08152477586771878,-0.0028842192006592986,21.194510115874493,-0.012446982140381238,14.035781509164707,-0.009642132879167471,0.09353395076849746,-0.002446919861641645,20.12783289619844,0.006171737706802813,5425.719613055895,0.3265233879249939
2024-05-16,0.10375,0.1625,0.2175,0.28125,0.3285156112992262,0.3696467800131581,0.3979738861522394,0.4355188531295948,155.39,144.27,38920.26,104.462,0.672256901988545,,,,0,0.1,0,0,0,0,1,1,1,1,0.0037499999999999895,0.010859069811987407,0.0625,0.021362266038995797,0.1175,0.036485590961546105,0.18125,0.05556556674831509,0.22851561129922618,0.061523091324668766,0.2696467800131581,0.06831217899494818,0.2979738861522394,0.07185743101590719,0.33551885312959484,0.07873809254197972,4.183198344733131e-05,22.232733285483334,-0.01052211813927525,14.454035344160289,-0.010611026746515448,0.091731649752823,9.70496894408661e-05,20.503624038168454,0.020600962911695372,5935.61219033302,0.3317688531295948
2024-05-17,0.10125,0.165,0.22,0.2825,0.3304130711682778,0.372401953803408,0.4015511386689245,0.4404572967050952,155.66,144.07,38787.38,104.445,0.6709816266221251,,,,0,0.1,0,0,0,0,1,1,1,1,0.0012500000000000011,0.011418246057108561,0.065,0.02792883301627072,0.12,0.04045245282936541,0.18249999999999997,0.054838016270529144,0.23041307116827778,0.06170907583827656,0.27240195380340804,0.0694040878171267,0.30155113866892447,0.07416046736005455,0.34045729670509517,0.0820537999104684,0.0014765441789095551,22.42224266025707,-0.009833407990443892,14.489613395065192,-0.011339282434629953,0.09114709090441053,-0.0012028271637889404,20.179925026925105,0.016694989393115596,5581.432402745071,0.3392072967050952
2024-05-20,0.105,0.1675,0.22375,0.28625,0.3360859188774218,0.3798918448668071,0.4107228735269216,0.4514110565057092,156.25,143.73,39069.68,104.565,0.669216,,,,0,0.1,0,0,0,0,1,1,1,1,0.0049999999999999906,0.017070976912163513,0.0675,0.030273923461936164,0.12375,0.04301422182233344,0.18625,0.05667667429252113,0.23608591887742178,0.06530650847325303,0.27989184486680707,0.07438527564283387,0.31072287352692163,0.08055900688708534,0.35141105650570914,0.08948503731740176,0.004668089812504816,22.893525616634264,-0.008044078075796166,14.657730050840115,-0.012698207297669292,0.09020665954476248,-0.0034286823667267906,19.893714308962146,0.022609821361792657,5850.033044046984,0.3464110565057092
2024-05-21,0.10375,0.17,0.225,0.28625,0.3359726143412795,0.3798036690980391,0.4108614532118459,0.4514059827430885,156.16,143.72,38946.93,104.661,0.6702164446721312,,,,0,0.1,0,0,0,0,1,1,1,1,0.0037499999999999895,0.015027556924680094,0.07,0.03169845356961498,0.125,0.04204983153444583,0.18625,0.05387401185573648,0.2359726143412795,0.061603223693351916,0.2798036690980391,0.06979387750885857,0.3108614532118459,0.07544084895452857,0.35140598274308854,0.08320055041606222,0.0036021966651563174,22.526189450751474,-0.0064311749413439,14.736498993385922,-0.010040796688282583,0.09229246416107018,-0.0032595880435536367,20.034792597369744,0.018241316017631116,5595.508467943371,0.3476559827430885
2024-05-22,0.105,0.175,0.2275,0.295,0.3455761700566109,0.3903954623457613,0.4213500367116473,0.4625322516185193,156.78,143.65,38617.1,104.933,0.6693009312412298,,,,0,0.1,0,0,0,0,1,1,1,1,0.0049999999999999906,0.01668327227009503,0.07499999999999998,0.03524637461584157,0.1275,0.04299276744988348,0.19499999999999998,0.0611180595584731,0.2455761700566109,0.06951774412222644,0.2903954623457613,0.07833066388094151,0.3213500367116473,0.083536618658553,0.3625322516185193,0.09158103030035847,0.006894381416318494,23.08288842955872,-0.0032713573853458324,14.977410646631654,-0.010138747932543608,0.09145416385726812,-0.003392558571933869,20.019307713451056,0.007578238344145421,5267.141134940983,0.3575322516185193
2024-05-23,0.10125,0.17125,0.2225,0.29,0.3403665978085169,0.3849504667533209,0.4160937709192449,0.4576874264870361,156.94,143.73,39103.22,105.108,0.6697336561743342,,,,0,0.1,0,0,0,0,1,1,1,1,0.0012500000000000011,0.012534635652217546,0.07125000000000001,0.028832300600066363,0.1225,0.03605428391619367,0.18999999999999997,0.05146871551989035,0.2403665978085169,0.05921023671121278,0.2849504667533209,0.06718834003351404,0.31609377091924484,0.07245672086120097,0.3576874264870361,0.0804107603645079,0.0072427259862077095,22.94378445997407,-0.0011493985257859899,15.040740309287543,-0.008373823669819562,0.0924583262901284,-0.0026680174444625817,20.158195795115546,0.01805103176312813,5872.103282114309,0.3564374264870361
2024-05-24,0.1025,0.17125,0.22125,0.2925,0.3429510278186911,0.387865417374544,0.4186092450316637,0.4614603749128012,157.0,143.59,38646.11,104.724,0.667031847133758,,,,0,0.1,0,0,0,0,1,1,1,1,0.0024999999999999883,0.015167211887845741,0.07125000000000001,0.02924956478764601,0.12125,0.03577055838869497,0.19249999999999998,0.05396429198921429,0.24295102781869107,0.06170089237593318,0.28786541737454396,0.06984692742638193,0.31860924503166366,0.07454234407209398,0.36146037491280114,0.0833262048380739,0.006929858035717154,22.825213806914206,-0.004348677617905893,14.55590618257692,-0.011243503418595594,0.08988125819633996,-0.003418180556278568,20.016191012911634,0.004719419849630579,5248.090199030266,0.3589603749128012
2024-05-27,0.10625,0.17625,0.2225,0.29375,0.3440315542988632,0.3892419650196966,0.4202613941445881,0.4632199607854548,156.88,143.52,38900.02,104.595,0.6667197858235594,,,,0,0.1,0,0,0,0,1,1,1,1,0.006249999999999992,0.01877538652361238,0.07624999999999998,0.03397294386185509,0.1225,0.03733361098035237,0.19375,0.05341867473341086,0.24403155429886317,0.060878826837358735,0.28924196501969657,0.06903740347226545,0.3202613941445881,0.074072373849702,0.3632199607854548,0.08222520964157137,0.005663588606154429,22.589750644728326,-0.004978200750963496,14.544993298994484,-0.010625670015431446,0.09081831565778864,-0.003665444851716036,20.01371189409673,0.01074253772610806,5637.899839950987,0.3569699607854548
2024-05-28,0.10625,0.1775,0.22125,0.29125,0.3413843575715761,0.3863008614741479,0.4169437315228977,0.4598770741352134,157.16,143.5,38855.37,104.614,0.6656528378722322,,,,0,0.1,0,0,0,0,1,1,1,1,0.006249999999999992,0.01727430883388839,0.07749999999999999,0.03289137449454005,0.12125,0.035400789993916604,0.19125,0.04933885365301133,0.24138435757157609,0.05665531046886735,0.2863008614741479,0.064241349609095,0.3169437315228977,0.06876766606030454,0.3598770741352134,0.07652950087070853,0.006974367517452004,22.84643887339621,-0.004331435217395044,14.641911749093907,-0.011274642487892866,0.09035196386650113,-0.0035794758203110287,20.049964753594622,0.007975760871773098,5521.149466236886,0.3536270741352134
2024-05-29,0.105,0.18125,0.2275,0.30625,0.3592148385703803,0.4075011071852135,0.4409066435806638,0.4870178124747009,157.62,143.12,38556.87,105.099,0.6667872097449562,,,,0,0.1,0,0,0,0,1,1,1,1,0.0049999999999999906,0.015549529680144239,0.08124999999999999,0.03521742860068164,0.1275,0.04171908929232021,0.20625000000000002,0.06430453332979114,0.2592148385703803,0.07448101512635674,0.3075011071852135,0.0853986988714095,0.3409066435806638,0.09278186738489291,0.3870178124747009,0.1035086919764916,0.010154740427659034,23.155493641440046,0.0006841088232899564,15.147101947113143,-0.00942294944280019,0.09226012988791454,-0.005938530994964332,19.704825408285345,-0.0005743146473640885,5222.476119572166,0.3820178124747009
2024-05-30,0.10375,0.18,0.22625,0.30375,0.3555325277357686,0.4028881796022561,0.4356305341435741,0.4811140007333137,156.82,143.2,38054.13,104.716,0.6677464609105981,,,,0,0.1,0,0,0,0,1,1,1,1,0.0037499999999999895,0.014521716196931489,0.07999999999999999,0.03168916598284288,0.12625,0.037736132915068415,0.20375000000000001,0.05524631578788741,0.2555325277357686,0.0630962814701565,0.3028881796022561,0.07166726433785542,0.33563053414357413,0.07728534341592441,0.3811140007333137,0.08594532440238278,0.005346633672252659,22.102933988904795,-0.0022476963256501396,14.583470296528333,-0.007603677978383515,0.09314566279813796,-0.0049336390799807955,19.95785932038889,-0.013156144283993464,4834.754083715263,0.37736400073331366
2024-05-31,0.10375,0.18125,0.2275,0.315,0.3681639185457916,0.4178380361745529,0.4518784907447007,0.5004152450526245,157.31,142.99,38487.9,104.671,0.6653804589663722,,,,0,0.1,0,0,0,0,1,1,1,1,0.0037499999999999895,0.01497339695869676,0.08124999999999999,0.03241367964330408,0.1275,0.03844821705632767,0.215,0.06510476096933582,0.2681639185457916,0.07444683280173547,0.31783803617455286,0.08522721347674395,0.3518784907447007,0.09206682976727587,0.4004152450526245,0.1035149870876132,0.007577164744086498,22.808813448401168,-0.002161153199736582,14.642851197361026,-0.009709893149713404,0.09053080389700385,-0.005936987291788222,19.777685496340013,-0.0021840243901411565,5502.807255575848,0.39666524505262446
2024-06-03,0.1025,0.17625,0.2275,0.31125,0.3630612652672442,0.4118600825277506,0.4459527320238302,0.4936206586000422,156.12,143.16,38923.03,104.14,0.667050986420702,,,,0,0.1,0,0,0,0,1,1,1,1,0.0024999999999999883,0.013821730775240057,0.07624999999999998,0.026356853214716786,0.1275,0.0374166523176824,0.21125000000000002,0.05564233320701495,0.26306126526724416,0.06300890715748303,0.31186008252775055,0.07183375637263839,0.34595273202383015,0.07808286027961547,0.39362065860004214,0.08719853411704531,-0.0008351973273684478,21.451869033780667,-0.0066744722302371825,14.152019615565607,-0.005872326175833025,0.09316807877599487,-0.004364078935929742,20.05994123843945,0.008199126517340366,5842.093872352139,0.3911206586000422
2024-06-04,0.0975,0.17,0.22,0.29875,0.3482905258876353,0.3947576320279409,0.4281080123010591,0.4736363817034905,154.88,143.51,38837.46,104.11,0.6721978305785125,,,,0,0.1,0,0,0,0,1,1,1,1,-0.0025000000000000022,0.00935748665281913,0.07,0.02151398228763149,0.12,0.029367166462629407,0.19875,0.04238382413913189,0.2482905258876353,0.04778740981868135,0.2947576320279409,0.05419534346945859,0.3281080123010591,0.059434517609159854,0.37363638170349045,0.0662116008129332,-0.008831434788173529,20.63035672289294,-0.00634361460525036,14.35004768305042,0.0024886137614710427,0.09799249375375563,-0.0015237008536898894,20.38907283841499,0.005979585075441276,5574.598895064693,0.3761363817034905
2024-06-05,0.09,0.16,0.21875,0.2875,0.33647882482864,0.3802226702763693,0.410490207525249,0.4534453956759863,156.12,143.83,38490.17,104.268,0.6678708685626441,,,,0,0.1,0,0,0,0,1,1,1,1,-0.010000000000000009,0.0040102213957085575,0.06,0.014158300324886436,0.11875,0.03069750127662413,0.18749999999999997,0.03511050224349471,0.23647882482864,0.04088905632304696,0.28022267027636927,0.045333696815750335,0.31049020752524903,0.04762670423471399,0.3534453956759863,0.052447809800445055,-0.0010941129047737379,22.470382426722807,-0.004228314666832237,14.593406520820253,-0.003155587971912583,0.09163451471214812,0.0009569045009309258,20.579979127827556,-0.0033874965713277263,5211.398517898895,0.3634453956759863
2024-06-06,0.085,0.15125,0.1975,0.25625,0.29875,0.3372339474557192,0.3651179508844024,0.4068601366737956,155.62,144.15,38703.51,104.102,0.6689500064259093,,,,0,0.1,0,0,0,0,0,1,1,1,-0.015,0.0026811247289001555,0.05124999999999999,0.010091154035491129,0.0975,0.010482891544217221,0.15624999999999997,0.008979111250149552,0.19875,0.008756674389739982,0.2372339474557192,0.009156816024251113,0.2651179508844024,0.010270128746653062,0.30686013667379564,0.01496986195665262,-0.004341052537292512,21.668446200460636,-0.005279276094195749,14.408284430388193,-0.0009572741113759597,0.09389444631935562,0.0032327548708813015,20.74305488177643,0.0013203552941953522,5549.633307200158,0.3218601366737956
2024-06-07,0.085,0.15125,0.20375,0.255,0.30625,0.3462630017836966,0.3755390589970574,0.4161026514346646,156.72,143.98,38683.93,104.885,0.6692508933129148,,,,0,0.1,0,0,0,0,0,1,1,1,-0.015,0.005934474111609717,0.05124999999999999,0.015059786407374653,0.10374999999999998,0.025549816903685352,0.155,0.021620738948957663,0.20625000000000002,0.032915021610008366,0.24626300178369662,0.037290809432789396,0.27553905899705744,0.041074189218149204,0.31610265143466465,0.04536578460140478,0.002382513311693518,22.922390164548887,0.002401711876766286,15.26771692939677,6.014308647021072e-06,0.09402852213551538,0.002147259546952662,20.396568685312133,0.00022531225164973718,5477.681726199742,0.3311026514346646
2024-06-10,0.08625,0.15875,0.2125,0.27625,0.33625,0.3816933474341635,0.4150755109772657,0.4596333550489075,157.03,143.48,39038.16,105.15,0.6696172705852386,,,,0,0.1,0,0,0,0,0,1,1,1,-0.013750000000000012,0.00848648490361864,0.05875,0.02436079307329775,0.11249999999999999,0.0344558294767707,0.17625,0.04768767805320548,0.23625,0.06511387314089401,0.2816933474341635,0.07509401098499469,0.3150755109772657,0.08286385302930349,0.3596333550489075,0.09188095848850258,0.004101964019093525,22.837011317259197,0.004967012423743412,15.250530066257,0.0008488468988031224,0.09428420009477012,-0.0011660488348214774,19.90266426055699,0.008265089931593209,5831.152199169097,0.3733833550489075
2024-06-11,0.08375,0.1525,0.20875,0.2725,0.33125,0.3762424471822065,0.4095341797944761,0.4543762095466352,157.09,143.54,39134.79,105.23,0.6698707747151315,,,,0,0.1,0,0,0,0,0,1,1,1,-0.01625,0.006270609175071065,0.05249999999999999,0.016115505038751615,0.10874999999999999,0.027832418970371475,0.17250000000000001,0.0378270911012763,0.23124999999999998,0.04992971185150846,0.2762424471822065,0.05751773282923256,0.30953417979447606,0.0636238934088823,0.3543762095466352,0.07159496420766481,0.004273709176807684,22.66507247241367,0.005627327299059766,15.151305902866625,0.0013354388618337998,0.09438655252443529,-0.0006440046646824441,20.149470774164996,0.009745378829098017,5785.18470138601,0.3706262095466352
2024-06-12,0.0825,0.1475,0.19875,0.2525,0.315,0.3564803819281323,0.3865531077898253,0.4277948150198687,156.72,143.89,38876.71,104.645,0.6677194997447677,,,,0,0.1,0,0,0,0,0,1,1,1,-0.0175,0.006414323922768278,0.04749999999999999,0.013364053518247848,0.09875,0.018737350582014728,0.1525,0.018219307693112557,0.215,0.03329760406927701,0.2564803819281323,0.03706528016432714,0.28655310778982535,0.03955934213481621,0.32779481501986873,0.04347753886401873,0.0013193750059899336,22.178434764119004,-0.00010653936725171583,14.468096744206846,-0.0014328501644616306,0.09210868771338077,0.0017997444850189406,20.52496368046981,0.0024515082028577777,5446.0973961216005,0.3452948150198687
2024-06-13,0.08,0.145,0.1925,0.25875,0.29875,0.3386969706164855,0.367845845653612,0.4122399671010763,157.03,144.02,38720.47,105.196,0.6699102082404635,,,,0,0.1,0,0,0,0,0,1,1,1,-0.020000000000000004,0.0050350748959248764,0.044999999999999984,0.01358228988391294,0.0925,0.01668973813474564,0.15874999999999997,0.03251863129968638,0.19875,0.02306113504807311,0.2386969706164855,0.026521438760097327,0.267845845653612,0.02917627456997507,0.31223996710107627,0.037483702104034566,0.0027746646615005805,22.573811065140973,0.004805963348977558,15.207137716741556,0.0020191572752601477,0.0951357071060297,0.0027921096790817297,20.53211264551001,-0.001319959402292178,5358.756419652636,0.3322399671010763
2024-06-14,0.08125,0.1225,0.1875,0.25,0.28875,0.3284196477884935,0.3586320027613634,0.4037010448911642,157.38,143.92,38814.56,105.55,0.6706697166094803,2024-06-14,0.1," ""MPM""",1,0.1,0,0,0,0,0,1,1,1,-0.018750000000000003,0.007854928938830427,0.022499999999999992,-0.006904139321034369,0.0875,0.01549125931475026,0.15,0.02370916363108455,0.18875,0.021181224110912278,0.22841964778849347,0.02528527708394407,0.25863200276136344,0.02963203368715861,0.30370104489116423,0.037658424765803056,0.004458088542680506,22.80127526053593,0.007655508787271592,15.382178770449983,0.003178594149892459,0.09527839462278498,0.0021481566587632666,20.349507512498846,0.0010717250037305967,5525.616256859263,0.3224510448911642
2024-06-17,0.11625,0.17625,0.2375,0.27,0.3191707585762209,0.3581002890355986,0.3844033551024736,0.4155778381036703,157.73,144.08,38102.44,105.32,0.6677233246687377,,,,0,0.1,0,0,0,0,1,1,1,1,0.01625,0.04305067020085647,0.07624999999999998,0.0567377688036213,0.13749999999999998,0.06893756976062526,0.17,0.04776905014516006,0.2191707585762209,0.058338093762728305,0.25810028903559856,0.062138587061429995,0.2844033551024736,0.062375657250921035,0.31557783810367035,0.055999102086702446,0.006216687771720786,22.965325876906746,0.0050975394101396565,14.961313338117606,-0.0011170671756394821,0.09191131429722166,0.0031400343941684608,20.519995848106916,-0.016067391090799903,4796.438067494171,0.2993278381036703
2024-06-18,0.11375,0.1725,0.22875,0.26875,0.3182273149204239,0.3581294469683608,0.3853038498039449,0.4193441979289982,157.88,143.95,38482.11,105.256,0.666683557131999,,,,0,0.1,0,0,0,0,1,1,1,1,0.013749999999999998,0.026865083154325342,0.07249999999999998,0.03474988075576285,0.12875,0.04163518969588062,0.16874999999999998,0.04001093798969085,0.21822731492042388,0.04793047899086361,0.2581294469683608,0.053212278684406145,0.28530384980394485,0.055880846591282396,0.31934419792899815,0.05772390722169635,0.006621334276961131,22.90233209798464,0.004201664637706706,14.920396265541854,-0.002408895697816193,0.09192383505550328,0.0021546847859760005,20.321779007692797,-0.005666280367148578,5459.789910858679,0.30559419792899817
2024-06-19,0.1125,0.17,0.2275,0.2725,0.3223597688566169,0.3628224293969484,0.3900575735349243,0.4250804340281475,158.09,143.95,38570.76,105.254,0.6657853121639573,,,,0,0.1,0,0,0,0,1,1,1,1,0.012499999999999997,0.02268380401682603,0.07,0.02913808497685927,0.1275,0.038778702779183744,0.17250000000000001,0.04275524859327495,0.22235976885661687,0.0504188119206207,0.26282242939694844,0.05609433136340858,0.29005757353492434,0.05895486595928112,0.32508043402814746,0.06217352617902133,0.007539497919149513,22.96407126333102,0.004028840526692029,14.931615044208897,-0.003490872021743542,0.09173889186823925,0.002050043332834252,20.35076570834832,-0.0033159956284239097,5481.1132371066415,0.3125804340281475
2024-06-20,0.11875,0.1725,0.2325,0.2675,0.3185559423592571,0.3587533750227102,0.3860774457614968,0.4196120654163113,158.91,143.8,38633.02,105.588,0.6644515763639796,,,,0,0.1,0,0,0,0,1,1,1,1,0.01874999999999999,0.027719339749668975,0.07249999999999998,0.030879386559285904,0.1325,0.04275647121518725,0.1675,0.03574378215715085,0.2185559423592571,0.044242390610889915,0.25875337502271023,0.049451593235693925,0.28607744576149674,0.05253373913031417,0.31961206541631126,0.05432533612904533,0.012130148306906346,23.625447625190674,0.006984363741963325,15.261239566591996,-0.00509384891495412,0.09104912276837251,0.0009814908916252452,20.203145604567837,-0.0011003326750713197,5507.556540315018,0.30086206541631133
2024-06-21,0.1275,0.18,0.235,0.27,0.3219477998851304,0.3625479719695763,0.3895289094129908,0.4227503404685866,159.81,143.63,38596.47,105.796,0.6620111382266441,,,,0,0.1,0,0,0,0,1,1,1,1,0.027499999999999997,0.03301322111668668,0.07999999999999999,0.03658431582407498,0.13499999999999998,0.04236017974470607,0.17,0.03950188980488262,0.2219477998851304,0.04827730402686825,0.26254797196957624,0.05396455189621863,0.2895289094129908,0.056777336042444115,0.32275034046858664,0.05905591711799679,0.01695238822496269,24.120568420594196,0.00845254350784136,15.328944066897733,-0.008375264839896484,0.08942620213205277,-0.00021578577345282235,20.092710566554913,-0.001981325828235935,5440.9108387833185,0.2952503404685866
2024-06-24,0.14,0.18625,0.24,0.28125,0.3335040400650662,0.3749243631302464,0.401661713940326,0.4344251816205096,159.6,143.58,38804.65,105.473,0.660858395989975,,,,0,0.1,0,0,0,0,1,1,1,1,0.04000000000000001,0.04056467186925952,0.08625,0.038942142941003316,0.13999999999999999,0.04508066624337176,0.18125,0.04993654281887838,0.23350404006506617,0.058445924195670074,0.2749243631302464,0.06482401232386409,0.30166171394032604,0.06760535819867919,0.3344251816205096,0.06990597720800873,0.014737859386325278,23.400454762229828,0.004953162434857754,14.877360529126562,-0.009667210163101582,0.0895959200580263,-0.0005846976277982178,20.1277217288128,0.0035254823744566453,5656.002095692631,0.29442518162050957
2024-06-25,0.13875,0.185,0.235,0.28125,0.3339956099528824,0.3763709080121831,0.4041619454488251,0.4387918046302468,159.71,143.48,39173.15,105.607,0.6612422515809905,,,,0,0.1,0,0,0,0,1,1,1,1,0.03875000000000001,0.03233060363410942,0.08499999999999999,0.033695448754142654,0.13499999999999998,0.036957370194938055,0.18125,0.045212936492925015,0.2339956099528824,0.0538630016964729,0.2763709080121831,0.06084956345144943,0.30416194544882513,0.0648901432390876,0.33879180463024683,0.06952084689515314,0.014614746886306096,23.394298005879392,0.005754132270758414,15.08951120015874,-0.00876440243531528,0.0909580855978297,-0.001273814412896996,20.076157099906055,0.01263914768128501,5942.680688634951,0.30004180463024677
2024-06-26,0.13625,0.18375,0.23125,0.28375,0.3382535038607622,0.3825051831982022,0.4118087325439162,0.4495129431034501,160.81,143.24,39667.07,106.052,0.6594863503513464,,,,0,0.1,0,0,0,0,1,1,1,1,0.036250000000000004,0.027590561116287604,0.08374999999999999,0.03125912449513815,0.13125,0.0338284652935576,0.18375,0.04622313134183165,0.2382535038607622,0.05627041332523802,0.28250518319820217,0.06465342053907491,0.31180873254391617,0.06989502239015227,0.34951294310345005,0.07711069838805124,0.020568766699033344,24.35147293944118,0.009533990573100913,15.489189816953584,-0.010855309571514888,0.08951572018425158,-0.0029860303892976356,19.897724377468165,0.023937844472796992,6265.549206410702,0.31326294310345004
2024-06-27,0.15,0.2,0.2625,0.32,0.3784817080646039,0.4276554960519051,0.4602223212160931,0.4991327771261697,160.75,142.68,39341.54,105.906,0.6588242612752722,,,,0,0.1,0,0,0,0,1,1,1,1,0.04999999999999999,0.04079710295665276,0.1,0.047081853364724424,0.1625,0.06626842888283035,0.22,0.08064413524996472,0.27848170806460393,0.0938036738743252,0.32765549605190514,0.10619530370527563,0.3602223212160931,0.11404708365127275,0.3991327771261697,0.12119968392242392,0.01891731715742667,23.763537305200913,0.0075734980370555606,15.148546978946214,-0.011186735559451473,0.08982039947834997,-0.006704120632400922,19.45923045572188,0.01385021348906622,5685.915725624371,0.34913277712616975
2024-06-28,0.135,0.1825,0.23625,0.29125,0.3476173922287616,0.3941890714294226,0.4257001342492514,0.4663987020892359,160.85,142.86,39583.08,105.866,0.6581659931613304,,,,0,0.1,0,0,0,0,1,1,1,1,0.035,0.019467251477421607,0.08249999999999999,0.022524882350304476,0.13624999999999998,0.027610091502239253,0.19125,0.036554875190593084,0.24761739222876158,0.04568706898196179,0.29418907142942263,0.05319415417835882,0.32570013424925137,0.05849770640228097,0.36639870208923586,0.0666143865316482,0.01840859806575177,23.689394458654846,0.006620728213544335,15.102413340615456,-0.011639615024691595,0.08984549330259473,-0.0054060075259422125,19.90788883278519,0.018637348389121178,5966.295193830796,0.3313987020892359
2024-07-01,0.14,0.18375,0.23625,0.295,0.352520215278933,0.4001186806673278,0.432026856649271,0.4740054660260993,161.47,142.65,39631.06,105.901,0.6558555768873475,,,,0,0.1,0,0,0,0,1,1,1,1,0.04000000000000001,0.02810299160512142,0.08374999999999999,0.028350218718834613,0.13624999999999998,0.03426710659902002,0.19499999999999998,0.046902864131296684,0.252520215278933,0.0573663575262488,0.30011868066732783,0.06617422524395777,0.332026856649271,0.07181664606310129,0.3740054660260993,0.08020001433014556,0.020605524303141335,24.15248477667018,0.006111188962333026,15.133560222340108,-0.014280544143156416,0.08816013019111235,-0.006691687962621139,19.71954863600456,0.018943787212998546,5903.107371599872,0.33400546602609926
2024-07-02,0.1325,0.18875,0.24,0.295,0.3525404053084768,0.4013431257642771,0.4350296167581996,0.4793466769097854,161.46,142.42,40074.69,105.722,0.6547875634832155,,,,0,0.1,0,0,0,0,1,1,1,1,0.0325,0.018917028511435646,0.08875,0.03350040020112785,0.13999999999999999,0.039008816468809354,0.19499999999999998,0.04612154695583909,0.25254040530847677,0.056004644510483315,0.30134312576427713,0.06548430351206214,0.33502961675819964,0.07261157915686095,0.3793466769097854,0.08244851834403571,0.01842448861163494,23.795908811766168,0.003642073375935763,14.929168545606942,-0.01459647438711018,0.08835441909650066,-0.007916743581795407,19.606592759806432,0.02871366774055032,6282.719542680803,0.3468466769097854
2024-07-03,0.12625,0.18,0.24375,0.28125,0.3382306201449679,0.385289304579075,0.4185022692236791,0.4614262124036201,161.69,142.49,40580.76,105.403,0.6518832333477643,,,,0,0.1,0,0,0,0,1,1,1,1,0.026249999999999996,0.014937249154286292,0.07999999999999999,0.022691427955071286,0.14375,0.04147170477661696,0.18125,0.03189695294921696,0.2382306201449679,0.04094870945135243,0.285289304579075,0.047949451143616095,0.3185022692236791,0.05373973847304642,0.36142621240362005,0.06087457626563336,0.01808679773954365,23.88035998202764,7.495604634377175e-05,14.667018471177343,-0.017785651558212053,0.08640124501894031,-0.0069656664773379475,19.820168632586757,0.03891675218432443,6575.117183168753,0.33517621240362006
2024-07-04,0.12625,0.17375,0.235,0.28125,0.3370107733610182,0.383350220402038,0.4153629454790282,0.4583476671035302,161.26,142.76,40913.65,105.13,0.6519285625697632,,,,0,0.1,0,0,0,0,1,1,1,1,0.026249999999999996,0.01778114344450779,0.07374999999999998,0.019200534255333163,0.13499999999999998,0.030771783064096947,0.18125,0.03699397863141024,0.2370107733610182,0.044864985996714124,0.28335022040203794,0.051527190878104034,0.3153629454790282,0.05599228370428111,0.35834766710353017,0.0632417308535616,0.013579552418455203,23.259038535309287,-0.0030015220988841803,14.531616568707676,-0.01645611577810433,0.08807994492154403,-0.004601868637568156,20.123717239169977,0.0444841763467599,6626.6774254108095,0.33209766710353017
2024-07-05,0.12625,0.17625,0.2325,0.28,0.3343242818510998,0.3798399004017802,0.4109734411515605,0.4532866612757009,160.74,142.91,40912.37,104.875,0.6524511633694164,,,,0,0.1,0,0,0,0,1,1,1,1,0.026249999999999996,0.018542331065826034,0.07624999999999998,0.02475925772892837,0.1325,0.030993270952254043,0.18000000000000002,0.037027016679033686,0.2343242818510998,0.04388169624348087,0.2798399004017802,0.05000743900868887,0.31097344115156045,0.0539409719831524,0.35328666127570085,0.06035851540444953,0.009036380927869087,22.807054655094873,-0.005415093981753674,14.425653059919725,-0.014418695917545894,0.08925810243358445,-0.00318414692414201,20.197516795916343,0.041488993001490025,6383.1444940242145,0.32703666127570086
2024-07-08,0.13375,0.18375,0.24375,0.285,0.3404888886698058,0.3867011539198052,0.4186228220082947,0.4596655372198994,160.83,142.73,40780.7,105.0,0.6528632717776534,,,,0,0.1,0,0,0,0,1,1,1,1,0.03375,0.026343995796073938,0.08374999999999999,0.032180816367913784,0.14375,0.043776485424623396,0.18499999999999997,0.04307257739513326,0.2404888886698058,0.05174681616972282,0.2867011539198052,0.058940218677223266,0.3186228220082947,0.06405618954920278,0.35966553721989936,0.06934244710082177,0.00839861935350391,23.08014790961832,-0.004158822441518086,14.705042946281324,-0.012546634005285717,0.08989220364136297,-0.004179196115231516,19.95048157716512,0.035839679001892326,6145.8294115683675,0.3259155372198994
2024-07-09,0.1375,0.18375,0.23875,0.29,0.3452694837257299,0.3917205853559806,0.4229028608910635,0.4642737841045208,161.32,142.9,41580.17,105.129,0.6516798909000745,,,,0,0.1,0,0,0,0,1,1,1,1,0.037500000000000006,0.027218169954611682,0.08374999999999999,0.029321346485992522,0.13874999999999998,0.03474373586270432,0.18999999999999997,0.04648451947600546,0.2452694837257299,0.05467971762866247,0.29172058535598056,0.06192548893018762,0.32290286089106346,0.06608802182557344,0.3642737841045208,0.07218222702221172,0.01013136967602156,23.56266575491111,-0.0028876035072359727,14.843329513793535,-0.012978665536699246,0.088800828365597,-0.0027704697237206036,20.17787563383466,0.0528765321326133,6928.659495996006,0.3267737841045208
2024-07-10,0.135,0.18375,0.24,0.29625,0.3519911314113078,0.3995270218980656,0.4311709473710587,0.474312872435505,161.69,142.82,41831.99,105.048,0.6496876739439669,,,,0,0.1,0,0,0,0,1,1,1,1,0.035,0.02234916984838818,0.08374999999999999,0.02849641908302067,0.13999999999999999,0.0368190616955536,0.19625,0.050335622991899365,0.2519911314113078,0.05904581608972603,0.29952702189806557,0.06722797032063249,0.3311709473710587,0.07209166965805275,0.37431287243550504,0.07993726645819721,0.010875239527228868,23.72835908826937,-0.0038462413800951964,14.730922322876282,-0.014650511110727205,0.08744409668948727,-0.0029565041345679913,20.047740126835862,0.0553044684165462,6825.778212263249,0.339312872435505
2024-07-11,0.135,0.18125,0.24125,0.29875,0.3538813704760383,0.4025692089875898,0.4372099870230318,0.4809123502785744,158.81,142.82,42224.02,104.44,0.657641206473144,,,,0,0.1,0,0,0,0,1,1,1,1,0.035,0.022444220304754153,0.08124999999999999,0.025590102920233865,0.14125,0.03755827150964189,0.19875,0.04959238722196324,0.2538813704760383,0.05749181683109078,0.30256920898758977,0.06632795069024827,0.33720998702303184,0.0740547872652162,0.3809123502785744,0.08174624040979023,-0.007682478388147936,20.627949721030888,-0.009256676892837625,14.156119312864831,-0.0016589314335941304,0.09649568486025728,-0.0025387003390754947,20.071796897427717,0.060507654506239815,6990.243687513306,0.34591235027857437
2024-07-12,0.125,0.17125,0.23,0.28375,0.3360314700957454,0.3814055474801754,0.4134073351206261,0.4552908609820889,157.9,143.21,41190.68,104.093,0.6592336922102596,,,,0,0.1,0,0,0,0,1,1,1,1,0.024999999999999994,0.012188142266551447,0.07125000000000001,0.01632743761588007,0.13,0.0255554076869908,0.18375,0.0324325292377623,0.2360314700957454,0.03764939086927899,0.28140554748017543,0.04253622872555429,0.31340733512062613,0.0463913962318776,0.35529086098208884,0.051816781650054045,-0.013528836632503446,20.77505275892574,-0.011865530631143312,14.065991520490812,0.0016280066171430435,0.09537860055578762,0.00043311817140310603,20.47043640638826,0.03147618182018066,5691.891895534143,0.3302908609820889
2024-07-16,0.12,0.165,0.22875,0.2825,0.3347879674231554,0.3796098550339419,0.4108688664135678,0.4523780668886921,158.35,143.38,41275.08,104.27,0.6584780549415851,,,,0,0.1,0,0,0,0,1,1,1,1,0.01999999999999999,0.010951186989426487,0.065,0.01418840828167206,0.12875,0.028458554186673868,0.18249999999999997,0.03619055764636919,0.2347879674231554,0.0425727866380628,0.27960985503394187,0.047986322771696954,0.3108688664135678,0.05177339614004872,0.3523780668886921,0.05735490601992177,-0.010909045481943687,21.870204480529765,-0.0096917621683639,14.463731917379931,0.0011830906331987843,0.09335143695196757,0.0018656586054376326,20.49105376162794,0.029500115869982264,6069.922338678261,0.3323780668886921
2024-07-17,0.1225,0.17125,0.23,0.2875,0.3390024971361643,0.3850727220732574,0.4186474307543555,0.4613435716834209,156.18,143.22,41097.69,103.748,0.6642847995902165,,,,0,0.1,0,0,0,0,1,1,1,1,0.022499999999999992,0.016441464764777147,0.07125000000000001,0.02414201420150658,0.13,0.03129463773752214,0.18749999999999997,0.042839289158408345,0.2390024971361643,0.04876870437751463,0.2850727220732574,0.05589396865353535,0.31864743075435553,0.06239850103104905,0.3613435716834209,0.06940693528589859,-0.023945153942060447,19.764803320681523,-0.013943347458372033,13.958469589891152,0.01019617563767965,0.09900449994549876,0.0010029599549892351,20.222569651910177,0.02174271370726259,5903.536710592787,0.3388435716834209
2024-07-18,0.12125,0.175,0.2375,0.295,0.3478074270711757,0.3942244020412802,0.4268764161286028,0.4690820816934014,157.38,143.15,40126.35,104.173,0.6619201931630448,,,,0,0.1,0,0,0,0,1,1,1,1,0.02124999999999999,0.015245910833908943,0.07499999999999998,0.02675450522224393,0.13749999999999998,0.03895926773863073,0.19499999999999998,0.04896707528839306,0.24780742707117567,0.056684002431239444,0.2942244020412802,0.06382143292871406,0.32687641612860274,0.06859203425083671,0.3690820816934014,0.07470004420378673,-0.016227434115117467,21.91718827758376,-0.009395117961982233,14.624287918739242,0.006896169925165335,0.09417380035710299,0.0007935037560344118,20.17691301309563,-0.004331403488548957,4998.826553695406,0.3478320816934014
2024-07-19,0.1175,0.1775,0.235,0.29375,0.3467422917516933,0.3937516929129838,0.4272606274450051,0.4707767962566791,157.5,143.04,40063.79,104.396,0.662831746031746,,,,0,0.1,0,0,0,0,1,1,1,1,0.017499999999999988,0.012279541052191575,0.07749999999999999,0.027799700615470657,0.13499999999999998,0.033697483239662596,0.19375,0.04445909297746842,0.2467422917516933,0.05203585084457574,0.29375169291298375,0.05956264393384969,0.32726062744500506,0.0653329421970158,0.37077679625667914,0.07282769886396367,-0.015043259925393545,21.878749049932253,-0.006711613736829495,14.765654834975663,0.008407038976771518,0.0952461503878036,0.0002902128344004547,20.09203179164642,-0.007645263423213668,5335.110346503498,0.3532767962566791
2024-07-22,0.11625,0.17625,0.235,0.29375,0.3466855602239187,0.3936988218198053,0.4274762424037681,0.4710857015982792,157.02,143.01,39599.0,104.314,0.6643357534072092,,,,0,0.1,0,0,0,0,1,1,1,1,0.01625,0.01288942515942354,0.07624999999999998,0.025232037109633093,0.13499999999999998,0.033966101048829245,0.19375,0.043945138064643785,0.24668556022391872,0.05135365617809484,0.29369882181980533,0.05857599961986826,0.32747624240376805,0.0642612345928209,0.37108570159827925,0.0713143092017664,-0.017187636918994085,21.390464925677236,-0.006791567525776802,14.59761557064138,0.010516489981557554,0.09624492923751249,0.00029727035864767404,20.110590805277212,-0.020374122880273307,5010.367792502053,0.3548357015982792
2024-07-23,0.12,0.18375,0.23875,0.29375,0.3464813559168043,0.3941164494003223,0.4301541752295382,0.4731036177704251,155.59,142.9,39594.39,104.45,0.6713156372517514,,,,0,0.1,0,0,0,0,1,1,1,1,0.01999999999999999,0.017820432529410457,0.08374999999999999,0.03282271883002788,0.13874999999999998,0.03766535939160928,0.19375,0.04356361855078894,0.24648135591680428,0.05076875000778153,0.29411644940032233,0.0585011385676677,0.33015417522953816,0.06621553883468256,0.3731036177704251,0.07239793968564734,-0.02491453353011762,20.185634083334406,-0.00501209084158641,14.75110702142338,0.020322058288290812,0.10239075604129444,-0.0002343747267084009,20.02693137456211,-0.02144407545819179,5255.369839074228,0.3531036177704251
2024-07-24,0.13375,0.195,0.255,0.31125,0.3646280590393322,0.413759300741938,0.4517051544657461,0.4925795448298247,153.88,142.8,39154.85,104.391,0.6783922537041851,,,,0,0.1,0,0,0,0,1,1,1,1,0.03375,0.030615683578773284,0.095,0.041015985192810134,0.155,0.052369193341846004,0.21125000000000002,0.06080093889644328,0.2646280590393322,0.06873797940230891,0.31375930074193803,0.07765256214821864,0.35170515446574613,0.08626367470943586,0.3925795448298247,0.09052369653831005,-0.0338661677361026,19.139124007149235,-0.004997838733798367,14.645177880452124,0.029735640733211284,0.1063405121133647,-0.0006962935489625766,19.981879281177072,-0.03228520724196493,4910.282469574893,0.35882954482982465
2024-07-25,0.13875,0.205,0.25875,0.31625,0.3692880552583911,0.4179975734662744,0.4545327188641533,0.4942121351869324,153.94,142.74,37869.51,104.355,0.6778939846693517,,,,0,0.1,0,0,0,0,1,1,1,1,0.03875000000000001,0.030007244608613398,0.10499999999999998,0.04556943379590325,0.15874999999999997,0.04912287460111603,0.21624999999999997,0.05859806995998873,0.26928805525839106,0.0659636382624828,0.31799757346627444,0.07373651179402219,0.3545327188641533,0.0798311506536536,0.39421213518693243,0.08373010224455024,-0.031400517836412754,20.11343361665692,-0.004535893656903255,14.622791820024716,0.02754378219227272,0.10196954460651342,-0.0009413856216467901,19.98184523596447,-0.06196878604396581,3854.5009112837724,0.35546213518693237
2024-07-26,0.14125,0.20875,0.2575,0.32375,0.3763329195137653,0.4253442289508954,0.4613484895689985,0.501183606721791,153.72,142.82,37667.41,104.316,0.6786104605776737,,,,0,0.1,0,0,0,0,1,1,1,1,0.04124999999999998,0.028851604200199776,0.10874999999999999,0.04344349262732289,0.1575,0.044135418239505286,0.22374999999999998,0.061837921720194755,0.27633291951376526,0.0688221452700552,0.32534422895089543,0.07680884297868795,0.36134848956899845,0.08250791315387629,0.401183606721791,0.08727449683581501,-0.030640879309366365,20.21037449340261,-0.0041527049861099395,14.602764006483682,0.027089600371991686,0.10144461012429407,-0.0004304266122627747,20.110146261316714,-0.065036251138751,4255.252147281208,0.359933606721791
2024-07-29,0.13625,0.20125,0.2525,0.3175,0.3695583474350424,0.4176092417556185,0.4530363120892771,0.4921489265828769,154.03,143.1,38468.63,104.564,0.6788547685515808,,,,0,0.1,0,0,0,0,1,1,1,1,0.036250000000000004,0.02138653605075344,0.10125,0.03217743825944955,0.1525,0.03794917548575122,0.2175,0.05073710057539238,0.26955834743504237,0.057389163072833094,0.31760924175561844,0.06419374782081211,0.3530363120892771,0.0694373158344942,0.3921489265828769,0.07367797070711268,-0.02659285380250002,20.805272829326185,-0.0011644357071964474,14.874581300549835,0.025853245725306718,0.1006091439222786,0.001445132213851613,20.380309032958465,-0.04382622126935072,5345.143929619124,0.3558989265828769
2024-07-30,0.12875,0.19125,0.23375,0.29375,0.3429218643176052,0.3881407731260226,0.4231911237499726,0.4615730329368008,152.76,143.37,38525.95,104.554,0.6844330976695471,,,,0,0.1,0,0,0,0,1,1,1,1,0.028749999999999998,0.014717109839730041,0.09125,0.023369366218244036,0.13375,0.020287975975836425,0.19375,0.02743247255588388,0.24292186431760518,0.0314673151414549,0.2881407731260226,0.03571040545007975,0.3231911237499726,0.04078025312743383,0.36157303293680076,0.04470766776901569,-0.03195450008713417,19.577144434893683,-0.0006170033899341656,14.776217554598361,0.03205448947349418,0.10544478280762581,0.003081938997897466,20.54296885670084,-0.04108447846138451,5226.035339298913,0.3328230329368008
2024-07-31,0.225,0.23875,0.3,0.37125,0.42375,0.4675,0.52375,0.54375,149.99,142.72,39101.82,104.096,0.6940196013067538,2024-07-31,0.25," ""MPM (Hike to 0.25%)""",1,0.25,0,0,0,0,0,0,0,0,-0.024999999999999994,0.11380609392535393,-0.01125000000000001,0.07458534255449281,0.04999999999999999,0.09395994151694848,0.12125000000000002,0.11387850522708848,0.17375000000000002,0.12249051686263662,0.21750000000000003,0.12643141195835184,0.27375000000000005,0.1528750107212729,0.29374999999999996,0.13888622885876273,-0.046041124728898465,17.398019827210106,-0.004220983429351705,14.300233061857398,0.04342361213765777,0.11230420652233908,-0.0015705396150254547,19.75680529425108,-0.025571222624794245,5777.115807446047,0.31875
2024-08-01,0.23875,0.30625,0.38625,0.44125,0.4725,0.52,0.545,0.5675,149.37,142.96,38126.33,104.421,0.6990761197027516,,,,0,0.25,0,0,0,0,0,0,0,0,-0.01125000000000001,0.08972307063321486,0.05625000000000002,0.12390301416246799,0.13624999999999998,0.1557529585573011,0.19124999999999998,0.1551944337364241,0.22249999999999998,0.14162629371315755,0.27,0.1502433490031847,0.29500000000000004,0.13699249035122335,0.3175,0.13305385577945872,-0.04624775721044865,18.112920342297087,-0.0006426566074716017,14.800345797892618,0.04731038820792308,0.11247810078142506,-5.595657769577651e-05,20.21143917982397,-0.04696609709848097,4581.344605079532,0.32875
2024-08-02,0.22875,0.2875,0.3675,0.3925,0.41875,0.44,0.4775,0.5075,146.54,143.8,35909.7,103.208,0.7042991674628089,,,,0,0.25,0,0,0,0,0,0,0,0,-0.02124999999999999,0.06292712628636793,0.03749999999999998,0.07272939590481742,0.1175,0.09552803390296666,0.14250000000000002,0.07019623750734222,0.16875,0.059950169709012124,0.19,0.04116297638238836,0.22749999999999998,0.05037273634903988,0.25749999999999995,0.05526557268373439,-0.05989979278533727,16.008701165247345,-0.01134233880836724,13.508481800923192,0.051012190679852874,0.11386802398706053,0.005453782687735989,21.009039511615896,-0.09672542876124463,2701.9448079936774,0.27874999999999994
2024-08-05,0.22375,0.2375,0.26875,0.2975,0.3175,0.33375,0.3475,0.375,144.19,146.06,31458.42,102.689,0.7121783757542132,,,,0,0.25,0,0,0,0,0,0,0,0,-0.026249999999999996,0.05422755506611021,-0.012500000000000011,0.019181649418350516,0.01874999999999999,-0.009745651180405157,0.04749999999999999,-0.018074979548158843,0.0675,-0.030086975133794103,0.08374999999999999,-0.04362700048081358,0.09749999999999998,-0.0607813736803377,0.125,-0.060419978608131086,-0.07003892305360544,15.150491547485899,-0.015282968659725737,13.462735625980827,0.05805497243442093,0.11795183264693054,0.02013235319795354,22.93012429306276,-0.1991711081045002,-766.7031444520035,0.15125
2024-08-06,0.2225,0.25875,0.29375,0.3275,0.3125,0.32125,0.38625,0.40625,144.32,144.9,34675.46,102.969,0.7134769955654102,,,,0,0.25,0,0,0,0,0,0,0,0,-0.027499999999999997,0.05134286605073288,0.00874999999999998,0.05640492533826175,0.04375000000000001,0.04909528582104694,0.07750000000000001,0.0484386435200026,0.0625,0.005855289364188221,0.07124999999999998,-0.010143951795730521,0.13624999999999998,0.033057868395951595,0.15625,0.02669540742465787,-0.06421827990455439,16.800992706009055,-0.011635496615512433,14.092860512531246,0.055233020076954686,0.11436707947877467,0.011264184916879558,20.765921356522114,-0.11036239724789927,4550.229442790835,0.18375
2024-08-07,0.22625,0.26125,0.295,0.32625,0.34625,0.36375,0.39125,0.4025,146.69,144.96,35089.62,103.197,0.7035039880019088,,,,0,0.25,0,0,0,0,0,0,0,0,-0.023749999999999993,0.05339369467573049,0.011249999999999982,0.0533574293111197,0.044999999999999984,0.04807473335933338,0.07624999999999998,0.044717695352656184,0.09625,0.05307120953095534,0.11375000000000002,0.05103964786141618,0.14125,0.038942095241344676,0.15250000000000002,0.027153896605659533,-0.04431812629281567,19.76247419905158,-0.008527678446186968,14.348373313557872,0.03651061726760822,0.1017823354441928,0.01095621003005828,20.966189278739535,-0.0921780303953934,4390.3476554501285,0.17625000000000002
2024-08-08,0.22625,0.25875,0.3025,0.34,0.34875,0.365,0.39875,0.4075,147.28,145.34,34831.15,103.209,0.7007672460619229,,,,0,0.25,0,0,0,0,0,0,0,0,-0.023749999999999993,0.05015326983157195,0.00874999999999998,0.04814366145419058,0.05249999999999999,0.055258445989297744,0.09000000000000002,0.0597849633429402,0.09875,0.04832600345418042,0.11499999999999999,0.04381887127096368,0.14875,0.048258485663087713,0.15749999999999997,0.03861707987725621,-0.03594899588929902,19.800686447619185,-0.007535628719914286,14.320401793375694,0.02860786250095508,0.10152116595544658,0.012716440790161227,21.282725381913338,-0.09062967638463734,3984.952510944877,0.18124999999999997
2024-08-09,0.22625,0.2525,0.31125,0.34875,0.3625,0.38375,0.41125,0.41875,146.63,145.09,35025.0,103.135,0.7033690240742004,,,,0,0.25,0,0,0,0,0,0,0,0,-0.023749999999999993,0.04819021634524839,0.0025000000000000022,0.041410523269367006,0.06125000000000003,0.060870713429622914,0.09875,0.06378090093552646,0.11249999999999999,0.06075502708456998,0.13374999999999998,0.06214445353444492,0.16125,0.05998288541164304,0.16875,0.05182468303083371,-0.036362321983662356,18.922150151748724,-0.007624553293933905,14.255385026647929,0.028973561204319036,0.10532810029698636,0.010175557079548982,20.829602388366794,-0.07689367619193352,4299.867562059655,0.1925
2024-08-13,0.2225,0.245,0.30125,0.33375,0.3425,0.35375,0.38125,0.4,146.84,145.26,36232.51,102.559,0.6984404794333968,,,,0,0.25,0,0,0,0,0,0,0,0,-0.027499999999999997,0.04289712030485185,-0.0050000000000000044,0.03558963906269155,0.05125000000000002,0.04625990984644074,0.08374999999999999,0.04408266339300493,0.09250000000000003,0.035314188748117536,0.10375000000000001,0.025339579732796214,0.13124999999999998,0.02586185456410295,0.15000000000000002,0.030802399870591413,-0.03146230459732214,19.39978057867674,-0.012438048082487704,13.725988419037122,0.01884163128000121,0.09947659330744119,0.010637927795673838,21.012176252095813,-0.03878862542579999,5503.224457815417,0.17750000000000002
2024-08-14,0.22,0.24625,0.28875,0.33125,0.34125,0.355,0.39375,0.4175,147.33,145.48,36442.43,102.568,0.6961786465757143,,,,0,0.25,0,0,0,0,0,0,0,0,-0.03,0.040608374874310155,-0.0037500000000000033,0.03981835120037952,0.03875000000000001,0.035972268921915296,0.08124999999999999,0.04591856677453515,0.09125,0.04066851739138844,0.10499999999999998,0.037116122957504605,0.14375,0.049770542613531754,0.16749999999999998,0.05626266016773518,-0.024685718825094915,19.934656279411968,-0.011541397148958752,13.990594035721543,0.012757365929533412,0.09877295016676912,0.011429683806557508,21.135667274662154,-0.026982364203370076,5269.009008017078,0.19749999999999998
2024-08-15,0.22,0.24625,0.285,0.3375,0.34625,0.36,0.3925,0.42625,149.28,145.23,36726.64,102.977,0.6898244908896034,,,,0,0.25,0,0,0,0,0,0,0,0,-0.03,0.04094638050619839,-0.0037500000000000033,0.03991597387500179,0.034999999999999976,0.037264461058488185,0.08750000000000002,0.053977727272572384,0.09625,0.04794048453152805,0.10999999999999999,0.0447046456881951,0.14250000000000002,0.04709759972401689,0.17625000000000002,0.06099049922381744,-0.009514709980492838,21.76577600421436,-0.0072309971217729765,14.48477615148252,0.0016529873252810637,0.09358563592787505,0.008986601730624232,20.749291537907396,-0.013638123492524913,5365.814181483765,0.20625000000000002
2024-08-16,0.2225,0.2525,0.30875,0.36,0.3825,0.3925,0.425,0.4575,147.6,144.83,38062.67,102.463,0.6941937669376693,,,,0,0.25,0,0,0,0,0,0,0,0,-0.027499999999999997,0.043005052836115526,0.0025000000000000022,0.04611186180307508,0.058750000000000024,0.06377500062764013,0.10999999999999999,0.07452106608852888,0.1325,0.08326139826662199,0.14250000000000002,0.07677733069802145,0.175,0.0806387427098903,0.20750000000000002,0.08854225302673568,-0.017473789316025962,19.324063167548417,-0.011371404615234096,13.859638088253263,0.005641008251770945,0.10078740674574749,0.005620727604750811,20.3875067909714,0.025084144725048826,6524.552494715674,0.23500000000000001
2024-08-19,0.225,0.25125,0.3075,0.35375,0.3825,0.4125,0.4325,0.4525,146.59,144.72,37388.62,101.886,0.6950405893990039,,,,0,0.25,0,0,0,0,0,0,0,0,-0.024999999999999994,0.043944438584129525,0.0012499999999999734,0.04218757797416081,0.057499999999999996,0.0539467966314246,0.10375000000000001,0.05870674295280709,0.1325,0.06880007670525762,0.16249999999999998,0.08423627262622613,0.1825,0.07585384903424064,0.2025,0.07024035973893916,-0.020640769109998278,18.79224315420592,-0.015746833462057307,13.476786841365254,0.0045242387640117955,0.10073240793680971,0.004271205965115574,20.425273830241338,0.010571374872827664,5254.3026044076105,0.2275
2024-08-20,0.22375,0.255,0.30625,0.35625,0.36875,0.39,0.425,0.44625,145.25,144.78,38062.92,101.441,0.6983889845094664,,,,0,0.25,0,0,0,0,0,0,0,0,-0.026249999999999996,0.04082395805914696,0.0050000000000000044,0.0454624874306683,0.05625000000000002,0.05077467581072126,0.10625000000000001,0.06065643759663342,0.11875000000000002,0.05083413724586111,0.14,0.0503272560964948,0.175,0.062049825506965195,0.19624999999999998,0.06204510107891087,-0.025762789169030863,17.980059639188738,-0.018683904020802423,13.328374062587358,0.006885830288549157,0.10362368866638172,0.004070932708245321,20.56037225268848,0.030937074692364536,6007.650909043485,0.22249999999999998
2024-08-21,0.22375,0.25125,0.30625,0.34625,0.36,0.375,0.40125,0.425,145.28,144.98,37951.8,101.039,0.6954776982378855,,,,0,0.25,0,0,0,0,0,0,0,0,-0.026249999999999996,0.04031397166358208,0.0012499999999999734,0.039724301489409364,0.05625000000000002,0.05011893870650824,0.09625,0.048712210038708625,0.10999999999999999,0.04542869727771315,0.125,0.04032500859545851,0.15125,0.038861879952751255,0.175,0.041955106238172,-0.022180642165094543,18.7415916424587,-0.020957473146072398,13.214754807138007,0.0009451517670931304,0.09921532182497095,0.004733293138457437,20.758042801163526,0.030219086668180375,5606.729187456556,0.20124999999999998
2024-08-22,0.22125,0.25,0.3,0.34375,0.36125,0.38875,0.4,0.43125,146.28,144.88,38211.01,101.508,0.693929450369155,,,,0,0.25,0,0,0,0,0,0,0,0,-0.028749999999999998,0.03717503633244745,0.0,0.039091996394648554,0.04999999999999999,0.04320194141414091,0.09375,0.04915211318156143,0.11125000000000002,0.050460539159553564,0.13874999999999998,0.06055662286491703,0.15000000000000002,0.04663782426890628,0.18125000000000002,0.056611064893665075,-0.012925493689079496,20.013236466187863,-0.015037207312020368,13.965618913357133,-0.002398507163371957,0.09832288354686292,0.003317151543271757,20.57870421106651,0.038585940511065495,5809.435196361035,0.21000000000000002
2024-08-23,0.22375,0.255,0.3075,0.35625,0.37875,0.395,0.42,0.46,144.39,144.64,38364.27,100.718,0.6975413809820625,,,,0,0.25,0,0,0,0,0,0,0,0,-0.026249999999999996,0.040079670952039514,0.0050000000000000044,0.04440969682877105,0.057499999999999996,0.052632863682049835,0.10625000000000001,0.06305258004174913,0.12874999999999998,0.06840649611465383,0.14500000000000002,0.06308171001422125,0.16999999999999998,0.06955271961825771,0.21000000000000002,0.08522200439212652,-0.022529414153996338,17.897278324308985,-0.020975282342746236,13.112899681879995,0.0013798330127908604,0.10259460097564643,0.0009965673790278311,20.35334681138491,0.04205092997583272,5813.886301224185,0.23625000000000002
2024-08-26,0.22375,0.255,0.3075,0.34375,0.36625,0.385,0.4175,0.43,144.53,144.81,38110.22,100.851,0.6977859267972047,,,,0,0.25,0,0,0,0,0,0,0,0,-0.026249999999999996,0.038829246380109206,0.0050000000000000044,0.04228279264912185,0.057499999999999996,0.049887580848189006,0.09375,0.045856228607054184,0.11625000000000002,0.049122314458674377,0.135,0.04976054125260254,0.16749999999999998,0.060363947405122964,0.18,0.04415727258373103,-0.018528641810150157,18.80258255218307,-0.01802875487086018,13.588063989471095,0.0003540115845312931,0.10154121082032208,0.0014834486550412375,20.615854555922212,0.03452827445683962,5435.323249696488,0.20625
2024-08-27,0.2225,0.255,0.3075,0.3475,0.36875,0.3925,0.41625,0.44625,143.97,144.76,38288.62,100.552,0.6984232826283254,,,,0,0.25,0,0,0,0,0,0,0,0,-0.027499999999999997,0.03693215185874707,0.0050000000000000044,0.041447420912481464,0.057499999999999996,0.04894551382285994,0.09749999999999998,0.05313702766344003,0.11875000000000002,0.054593097672702706,0.14250000000000002,0.06010386720482197,0.16625,0.05848761039023409,0.19624999999999998,0.06929427893001167,-0.01898054928094697,18.453405754874694,-0.019024019043530748,13.362497103710993,-0.0001347611205105314,0.10168566039938753,0.0005633179774463864,20.52113846327333,0.03962507200117929,5656.968474681278,0.22374999999999998
2024-08-28,0.2225,0.2575,0.30875,0.3575,0.3775,0.4,0.41875,0.45375,144.58,144.64,38371.76,101.094,0.6992253423710055,,,,0,0.25,0,0,0,0,0,0,0,0,-0.027499999999999997,0.03694482181469297,0.007500000000000007,0.04343068615835899,0.058750000000000024,0.04963459251242025,0.10749999999999998,0.06228963501973189,0.1275,0.06276334888000973,0.15000000000000002,0.06517418709368467,0.16875,0.06105995737127218,0.20375,0.07232766627225784,-0.012070667901179786,19.43775430057744,-0.01206891497034076,14.088218863228008,-4.531306909403847e-05,0.10196491477981517,-0.0007047021597048809,20.410469030867034,0.04210066016099255,5660.2384157087,0.23124999999999998
2024-08-29,0.2225,0.255,0.3075,0.35,0.37125,0.38875,0.40625,0.39875,144.99,144.73,38362.53,101.343,0.6989654458928202,,,,0,0.25,0,0,0,0,0,0,0,0,-0.027499999999999997,0.036662025183500674,0.0050000000000000044,0.039516616969011126,0.057499999999999996,0.047442586692964195,0.09999999999999998,0.05052490266717302,0.12125000000000002,0.05278985350899584,0.13874999999999998,0.05024217752454846,0.15625,0.047449328733759844,0.14875,0.01332628511821582,-0.007573761178399091,19.786899109187857,-0.008301583255334198,14.207191513469326,-0.0007703657776450116,0.10111299885298541,-0.0007767057320883813,20.547872969208953,0.042896937477939025,5584.582474188108,0.17625
2024-08-30,0.22125,0.25625,0.3075,0.355,0.3675,0.39125,0.41,0.4725,146.18,144.72,38647.75,101.698,0.6957039266657544,,,,0,0.25,0,0,0,0,0,0,0,0,-0.028749999999999998,0.035096272810306695,0.006249999999999978,0.041110243257036216,0.057499999999999996,0.04742022967410503,0.10499999999999998,0.05711796500548422,0.1175,0.05031546274461296,0.14125,0.055972988169063376,0.15999999999999998,0.05581154862954124,0.22249999999999998,0.10771707863586627,0.0016651020645894802,20.87106220133103,-0.0035000666306078078,14.458645388506852,-0.005193190781701275,0.09765950882014318,-0.001452420298004879,20.514090925958072,0.04990660992041574,5841.313517002505,0.25125
2024-09-02,0.22125,0.25625,0.3075,0.3575,0.37,0.40875,0.42,0.43625,146.93,144.6,38700.87,101.653,0.6918464574967672,,,,0,0.25,0,0,0,0,0,0,0,0,-0.028749999999999998,0.03528933396824102,0.006249999999999978,0.040437071657665,0.057499999999999996,0.04716998110615911,0.10749999999999998,0.05768060645817935,0.12,0.05434799835024573,0.15875,0.07308901492427922,0.16999999999999998,0.06558094870808645,0.18625000000000003,0.04780979457975976,0.006669795452754769,21.162730799423215,-0.0031815857329242766,14.2555353467652,-0.009827521026529869,0.09492182500012125,-0.0025556923649983463,20.392045866141387,0.04737879254743697,5759.513381212491,0.21500000000000002
2024-09-03,0.22125,0.25875,0.3075,0.355,0.38625,0.4125,0.43875,0.47,145.47,144.41,38686.31,101.825,0.6999725029215647,,,,0,0.25,0,0,0,0,0,0,0,0,-0.028749999999999998,0.03515215902963298,0.00874999999999998,0.042567986965165006,0.057499999999999996,0.04691401887836644,0.10499999999999998,0.05345956742238045,0.13624999999999998,0.06994567589436995,0.16249999999999998,0.0697604846196469,0.18874999999999997,0.08052631741585614,0.21999999999999997,0.090234950724562,-0.0037700185932797075,19.298678808811886,-0.0010717693022707162,14.404958312769025,0.0026782899039109517,0.10482067655666782,-0.0032990999944783575,20.247123447649898,0.03684381546890173,5673.481256203311,0.24874999999999997
2024-09-04,0.22125,0.255,0.305,0.34875,0.365,0.4025,0.41125,0.445,143.74,144.82,37047.61,101.358,0.705148184221511,,,,0,0.25,0,0,0,0,0,0,0,0,-0.028749999999999998,0.03497107141957789,0.0050000000000000044,0.03752204062484871,0.05499999999999999,0.04417600540004507,0.09875,0.04743780155979582,0.11499999999999999,0.04202041570316828,0.15250000000000002,0.05610999231154917,0.16125,0.04450565962790576,0.195,0.05331037703868613,-0.015422130740488267,18.029706100896746,-0.0048667844172572946,13.859652995179914,0.010695126251758969,0.10727398311876057,-0.0004417326965019806,20.744523923553345,-0.010221835351175178,4003.474605188647,0.22375
2024-09-05,0.22125,0.25375,0.30375,0.3525,0.37125,0.395,0.4125,0.44,143.46,144.94,36657.09,101.107,0.704774850132441,,,,0,0.25,0,0,0,0,0,0,0,0,-0.028749999999999998,0.034772581077280096,0.0037499999999999756,0.03720957427200047,0.05375000000000002,0.0436971096288063,0.10249999999999998,0.05345777117467804,0.12125000000000002,0.05469968619208365,0.14500000000000002,0.05099417408310103,0.16249999999999998,0.05401113306511551,0.19,0.05490670337611386,-0.016251800041143634,18.563065865592762,-0.006311597535902027,13.773309532399708,0.010068029340267383,0.10410905814120286,0.0003934208982419466,20.727881251649393,-0.022701440462076658,4245.163728627915,0.21875
2024-09-06,0.2225,0.25375,0.30375,0.35375,0.37125,0.39,0.41125,0.4375,142.29,145.18,36391.47,101.177,0.711061915805749,,,,0,0.25,0,0,0,0,0,0,0,0,-0.027499999999999997,0.03581847895969617,0.0037499999999999756,0.03775987745214576,0.05375000000000002,0.0442782422896415,0.10375000000000001,0.05370514526579784,0.12125000000000002,0.05361065283776939,0.14,0.04919044758694813,0.16125,0.05407216092500644,0.1875,0.05562364013262844,-0.022602615048031904,17.783027891769166,-0.004629720721394213,13.991767239493285,0.01832729050177978,0.10954292208806748,0.002105263157894784,20.88445416967305,-0.03179683294088399,4315.120157316171,0.215
2024-09-09,0.2225,0.25625,0.3125,0.3675,0.375,0.415,0.43125,0.4675,143.19,144.78,36215.75,101.552,0.7092115371185139,,,,0,0.25,0,0,0,0,0,0,0,0,-0.027499999999999997,0.03513246614898155,0.006249999999999978,0.04034328192510639,0.0625,0.05316776545502494,0.1175,0.06670562557491394,0.125,0.05725013894905184,0.16499999999999998,0.07706881828335682,0.18125000000000002,0.07526455285816802,0.21750000000000003,0.08773194282843877,-0.015257017299538926,19.348287401069072,-0.00016195974241993316,14.396633200159286,0.015252582208202595,0.10463244405119676,-0.0005488076377453153,20.355345482807593,-0.03799572559127411,4383.362238772344,0.24500000000000002
2024-09-10,0.2225,0.2575,0.31875,0.36875,0.3825,0.41,0.4325,0.47125,142.46,144.79,36159.16,101.63,0.7133932331882633,,,,0,0.25,0,0,0,0,0,0,0,0,-0.027499999999999997,0.034783968502177603,0.007500000000000007,0.04054688127280015,0.06874999999999998,0.055912426512125135,0.11875000000000002,0.06210929566330292,0.1325,0.06317336429475984,0.15999999999999998,0.06303313365311464,0.1825,0.0690439634311042,0.22125,0.08034152893186902,-0.018799568839344454,18.533476785863968,0.0010638088296131862,14.352723098961519,0.020146953059270452,0.10840913117810713,-0.0003176005965369155,20.476571915686392,-0.03940535259703288,4510.92050391042,0.24875
2024-09-11,0.2225,0.255,0.31625,0.3675,0.3825,0.4075,0.425,0.4375,142.36,145.24,35619.77,101.684,0.7142736723798819,,,,0,0.25,0,0,0,0,0,0,0,0,-0.027499999999999997,0.03451711081436995,0.0050000000000000044,0.037160753105676236,0.06624999999999998,0.04981043036738486,0.1175,0.05846419463419178,0.1325,0.059663348104161185,0.15749999999999997,0.060048860055244346,0.175,0.0589834446900806,0.1875,0.042013973284486084,-0.017807245706873753,18.796642032990007,0.0020319715248063664,14.35335089805902,0.020086199666572453,0.10713020924396544,0.0028724520797657623,20.940670866717454,-0.05269950205500663,4088.3660642532413,0.215
2024-09-12,0.22375,0.25875,0.33125,0.375,0.3825,0.415,0.435,0.44375,141.81,144.98,36833.27,101.366,0.7148014949580425,,,,0,0.25,0,0,0,0,0,0,0,0,-0.026249999999999996,0.03552602620288636,0.00874999999999998,0.041502278631330825,0.08124999999999999,0.06443006708361287,0.125,0.06523102054393959,0.1325,0.05846657104000236,0.16499999999999998,0.06787232508058288,0.185,0.07079940414276481,0.19374999999999998,0.05976282571130831,-0.019074134919674347,18.450953657567254,-0.00030819376265149405,13.999503970980285,0.019022540404312165,0.10640808974587201,0.0011635816216253167,20.503389378901616,-0.020565591902192773,5588.790244139604,0.21999999999999997
2024-09-13,0.22125,0.25625,0.31375,0.38,0.3975,0.4275,0.4375,0.4475,140.84,144.71,36581.76,101.114,0.7179352456688441,,,,0,0.25,0,0,0,0,0,0,0,0,-0.028749999999999998,0.032299009456460526,0.006249999999999978,0.0375017866457133,0.06374999999999997,0.04038814009404096,0.13,0.0665345853852608,0.14750000000000002,0.07275972883402843,0.1775,0.07715616727190727,0.1875,0.0694585039201085,0.1975,0.06383459698568494,-0.02350074013984636,17.830788938517415,-0.0021296795217201803,13.86398225009819,0.021760901110977504,0.1086273362959791,-0.0006595053364684838,20.282519635688715,-0.025334437013043748,4969.039247994173,0.22625
2024-09-18,0.22375,0.245,0.31125,0.3575,0.385,0.4,0.4175,0.4275,142.28,144.88,36380.17,100.596,0.7070283947146472,,,,0,0.25,0,0,0,0,0,0,0,0,-0.026249999999999996,0.03543739444353383,-0.0050000000000000044,0.026708439148641266,0.06125000000000003,0.042632001680624976,0.10749999999999998,0.04057331814278009,0.135,0.053765687180131194,0.15000000000000002,0.04351768753144025,0.16749999999999998,0.04721960513503587,0.1775,0.0428917376795494,-0.012040496062882836,19.825622290199362,-0.006609371620880921,13.481309399196533,0.005380701378127193,0.09589284856496705,0.0004592113304352887,20.560911179932333,-0.029401564963939975,4798.437237412418,0.20375
2024-09-19,0.22375,0.2475,0.30875,0.35375,0.37875,0.40125,0.415,0.42875,142.63,144.66,37155.33,100.614,0.7054196171913343,,,,0,0.25,0,0,0,0,0,0,0,0,-0.026249999999999996,0.03445798550751694,-0.0025000000000000022,0.03365385681378574,0.058750000000000024,0.041888219743837385,0.10375000000000001,0.04427622132096487,0.12874999999999998,0.05033475757629363,0.15125,0.053568112789718625,0.16499999999999998,0.05169804968568431,0.17875000000000002,0.052054177822877024,-0.008708464516308488,19.83496007645536,-0.006025747859078783,13.756591049318928,0.002591884065998923,0.09783175892009321,-0.0010185936501908254,20.30075804500069,-0.0075192271908948475,5663.174304723481,0.20500000000000002
2024-09-20,0.225,0.24125,0.3025,0.355,0.37125,0.39125,0.4075,0.415,143.91,144.47,37723.91,100.723,0.6999027169758877,2024-09-20,0.25," ""MPM""",1,0.25,0,0,0,0,0,0,0,0,-0.024999999999999994,0.035335285114570875,-0.008750000000000008,0.027644134464426207,0.05249999999999999,0.037117095921960885,0.10499999999999998,0.04870059156314038,0.12125000000000002,0.04557308849611025,0.14125,0.04506991955390571,0.15749999999999997,0.04694528189220759,0.16499999999999998,0.0402192322316523,0.0006640498697974616,20.959833960773835,-0.004793586287270387,13.951382299039594,-0.005561830241191593,0.09370730132449023,-0.0021549640148636117,20.190013180770535,0.007975285468652638,5956.176699264903,0.18999999999999997
2024-09-24,0.235,0.2775,0.32,0.335,0.35375,0.36625,0.3725,0.39625,143.23,145.11,37940.59,100.466,0.7014312643999162,,,,0,0.25,0,0,0,0,0,0,0,0,-0.015000000000000013,0.04457404157215197,0.027500000000000024,0.06669028409781808,0.07,0.057572420802705415,0.08500000000000002,0.0293198641377444,0.10375000000000001,0.03175172557165995,0.11625000000000002,0.024776923575793475,0.1225,0.016054500405287664,0.14625,0.028135166201939954,-0.003007058233910264,19.75561246162607,-0.00682163844871378,13.704473179011487,-0.00392088233379046,0.09789612491085642,0.0021858716033524924,20.9273378108997,0.014131315213105688,5877.296391109241,0.16125
2024-09-25,0.23375,0.27375,0.32,0.33625,0.3725,0.385,0.395,0.41625,144.76,145.01,37870.26,100.912,0.6970986460348163,,,,0,0.25,0,0,0,0,0,0,0,0,-0.016249999999999987,0.038953159467575854,0.023749999999999993,0.04937231628385824,0.07,0.051514303912766735,0.08625,0.03898089601426086,0.1225,0.05866779732846944,0.135,0.05511310236838324,0.14500000000000002,0.05409066268715024,0.16625,0.05808498736260115,0.007513197685141658,21.422609478517586,-0.00250825995952184,14.278683806096879,-0.010042369039888296,0.09380640821049357,0.0013672900035907182,20.603935330049012,0.012920193830992013,5623.133167823449,0.1825
2024-09-26,0.23375,0.27,0.3125,0.33,0.36625,0.38,0.38125,0.4,144.81,144.9,38925.63,100.522,0.6941647676265451,,,,0,0.25,0,0,0,0,0,0,0,0,-0.016249999999999987,0.03797656543457767,0.020000000000000018,0.043278247531261305,0.0625,0.04239278049468903,0.08000000000000002,0.034867892644917575,0.11625000000000002,0.04761149657270575,0.13,0.04648717029245275,0.13124999999999998,0.03644444658813578,0.15000000000000002,0.037564496191411,0.007762997191959311,20.885868369972258,-0.006201723590771178,13.763495479535933,-0.01395526854794535,0.0928651506344289,0.0005765917557737897,20.474530750240433,0.04001416800994645,6630.426163758966,0.16625
2024-09-27,0.2375,0.29625,0.3575,0.36875,0.39625,0.42,0.42875,0.44375,142.19,145.22,39829.56,100.381,0.7059638511850341,,,,0,0.25,0,0,0,0,0,0,0,0,-0.012500000000000011,0.04099297519411477,0.04625000000000001,0.06946662678193666,0.10749999999999998,0.08953896239327436,0.11875000000000002,0.07736614228764688,0.14625,0.07931615037402728,0.16999999999999998,0.08837958092291748,0.17875000000000002,0.08957366694897878,0.19374999999999998,0.08762854515820767,-0.009856864813673434,18.080917395136794,-0.007511809038394483,13.760512419110256,0.0022682774150548715,0.10652388994069661,0.002627045798970668,20.820807284348135,0.06197922398537086,7075.258893355232,0.20625
2024-09-30,0.235,0.3025,0.36125,0.38,0.4025,0.42375,0.44375,0.46625,143.63,144.65,37919.55,100.779,0.701657035438279,,,,0,0.25,0,0,0,0,0,0,0,0,-0.015000000000000013,0.03643478541246256,0.05249999999999999,0.06459700385642353,0.11125000000000002,0.07561928665157786,0.13,0.07467408278728532,0.15250000000000002,0.0740540367005092,0.17375000000000002,0.07694482223075233,0.19374999999999998,0.08766657358596108,0.21625,0.09484387937105365,0.0005015394474707277,20.485070230535143,-0.0034215080346106665,14.26077077347685,-0.004018100542934451,0.09822977646581066,-0.0013117923225628122,20.123615291646246,0.011662348241843678,4651.693004202709,0.23125
2024-10-01,0.23375,0.30125,0.3525,0.375,0.38375,0.40125,0.42125,0.435,143.57,144.7,38651.97,101.194,0.7048408441875044,,,,0,0.25,0,0,0,0,0,0,0,0,-0.016249999999999987,0.03528682731693311,0.05125000000000002,0.057148667940870757,0.10249999999999998,0.060021029895984845,0.125,0.06149429781066135,0.13374999999999998,0.049490802545714085,0.15125,0.0487148611209397,0.17125,0.05479519546524536,0.185,0.05073263698269331,0.0005784496156444136,20.11531294484091,0.0007560507547899287,14.562022029360222,8.419101703595786e-05,0.10215786828951601,-0.0009562374644864578,20.36068426270114,0.030804715559202743,5953.879490473228,0.20124999999999998
2024-10-02,0.23375,0.2875,0.3325,0.35,0.37625,0.39375,0.39625,0.405,146.47,145.05,37808.76,101.677,0.6941831091691132,,,,0,0.25,0,0,0,0,0,0,0,0,-0.016249999999999987,0.03546702781735217,0.03749999999999998,0.041007129996404934,0.08250000000000002,0.0401643509114703,0.09999999999999998,0.03535242724688398,0.12624999999999997,0.047027991524522306,0.14375,0.047651080134420265,0.14625,0.034935549525264675,0.15500000000000003,0.02876019396677143,0.0206861949178232,23.0070105561895,0.005543111163855599,14.862459716936726,-0.014931568383889645,0.09028002730698426,0.0013461737599670127,20.735375408364305,0.00944656445113205,4930.663037975224,0.17125
2024-10-03,0.23,0.28,0.3225,0.3375,0.36125,0.3875,0.39875,0.42625,146.93,144.94,38552.06,101.989,0.6941332607364051,,,,0,0.25,0,0,0,0,0,0,0,0,-0.01999999999999999,0.031535609167187256,0.030000000000000027,0.03727249133990801,0.07250000000000001,0.03703771352928098,0.08750000000000002,0.03163386979275207,0.11125000000000002,0.03578311617709068,0.1375,0.04555484740878207,0.14875,0.047968862754823205,0.17625000000000002,0.06331542518957806,0.023891736323313588,22.31550680545317,0.0084611102376764,14.930440343639503,-0.015162097258194732,0.09410591019610359,0.00046937986636467794,20.499129894712482,0.029496255544328918,5965.198630543375,0.19625
2024-10-04,0.2275,0.285,0.33625,0.35375,0.38625,0.40125,0.415,0.4275,148.72,144.68,38635.62,102.52,0.6893491124260355,,,,0,0.25,0,0,0,0,0,0,0,0,-0.022499999999999992,0.030306492775713262,0.034999999999999976,0.045612891663559946,0.08625,0.056163349870093804,0.10375000000000001,0.05497445186367711,0.13624999999999998,0.06784238823872663,0.15125,0.06308609043983443,0.16499999999999998,0.06624102892021994,0.1775,0.06009306871791392,0.03519322864461509,23.58716605462132,0.0133634087046255,15.255750044107643,-0.021212219610923823,0.09040077867545071,-0.001418361395722834,20.248703077422917,0.03179747973856427,5824.61384038924,0.19999999999999998
2024-10-07,0.23375,0.3075,0.38,0.42,0.4475,0.46875,0.50375,0.50125,148.19,144.21,39332.74,102.537,0.6919292799784061,,,,0,0.25,0,0,0,0,0,0,0,0,-0.016249999999999987,0.03777855336224753,0.057499999999999996,0.06685937076425344,0.13,0.09602797301179378,0.16999999999999998,0.1171246474316116,0.1975,0.12136881252845344,0.21875,0.126470635587014,0.25375000000000003,0.14971854334341106,0.25125,0.1329098203733589,0.029908990767028076,22.11445818826101,0.012941211336896305,14.980341847033827,-0.016625855708409024,0.09543746448574975,-0.0044527285906595,19.877802780835395,0.04721927006952568,6432.203132831652,0.26749999999999996
2024-10-08,0.23,0.2975,0.36,0.38625,0.4275,0.44875,0.48,0.4975,148.19,144.26,38937.54,102.549,0.6920102571023686,,,,0,0.25,0,0,0,0,0,0,0,0,-0.01999999999999999,0.0318634632481225,0.04749999999999999,0.04747112581857427,0.10999999999999999,0.05763056350113421,0.13624999999999998,0.05622404634010081,0.1775,0.07510219952959912,0.19874999999999998,0.07862153824943785,0.22999999999999998,0.08933616462779681,0.2475,0.0995348361804051,0.028218951867502118,21.974547092323974,0.012338707846367801,14.875602337545288,-0.015617880910985094,0.09540415887860842,-0.0038737475918546255,20.14188020210952,0.033559534102764584,5718.373810985206,0.26749999999999996
2024-10-09,0.2325,0.3,0.3675,0.3925,0.43,0.46125,0.47875,0.49,149.3,144.15,39277.96,102.928,0.6894038847957132,,,,0,0.25,0,0,0,0,0,0,0,0,-0.017499999999999988,0.03523956642726159,0.04999999999999999,0.050974925142567046,0.1175,0.06739956838816558,0.14250000000000002,0.06781394731797907,0.18,0.07744683834162985,0.21125,0.09067972926363338,0.22875,0.08648728070591766,0.24,0.08472410776954842,0.033407510719959094,22.940944929082832,0.015202691873141033,15.183288420619135,-0.017812451340465288,0.09299995058387389,-0.004279216271383047,20.08024224118023,0.03861676139512726,6106.327093579683,0.25749999999999995
2024-10-10,0.23125,0.30375,0.37625,0.41125,0.44375,0.4675,0.48625,0.5125,148.57,143.9,39380.89,102.988,0.69319512687622,,,,0,0.25,0,0,0,0,0,0,0,0,-0.01874999999999999,0.03307850454900896,0.05375000000000002,0.05321754737416473,0.12624999999999997,0.07239644239348736,0.16125,0.08378509266168493,0.19374999999999998,0.0882052442992795,0.21750000000000003,0.08983873171136869,0.23625000000000002,0.09144439222332573,0.26249999999999996,0.10605110654483607,0.026443511753631355,21.6591850632214,0.015075629481822365,15.045480040303218,-0.011283053918460064,0.09803464120672967,-0.00570390152391926,19.904998647862413,0.03699893287374277,6055.567162095431,0.28124999999999994
2024-10-11,0.23125,0.305,0.3775,0.4125,0.4425,0.46625,0.4875,0.5125,149.15,143.99,39605.8,102.89,0.6898424404961448,,,,0,0.25,0,0,0,0,0,0,0,0,-0.01874999999999999,0.03324561333861936,0.05499999999999999,0.05211246604306813,0.1275,0.06840780936950502,0.16249999999999998,0.07613163880655849,0.1925,0.07955845715333731,0.21625,0.08295184292185459,0.2375,0.08755172453395793,0.26249999999999996,0.09522662432348794,0.028074746513920248,22.31599950325608,0.013480402417420293,14.844956204407666,-0.01440970745973027,0.09364564058577951,-0.004806977893430796,20.12886304280954,0.0382100503570855,6179.312653549096,0.28124999999999994
2024-10-15,0.23125,0.30625,0.38125,0.42375,0.45625,0.4775,0.50625,0.5225,149.2,143.77,39910.55,103.261,0.692097855227882,,,,0,0.25,0,0,0,0,0,0,0,0,-0.01874999999999999,0.03315696590682149,0.05625000000000002,0.05173949056535998,0.13124999999999998,0.06936559084734861,0.17375000000000002,0.08358249146991453,0.20625,0.0907200415151534,0.22749999999999998,0.09185696284321787,0.25625,0.10321050783191166,0.27249999999999996,0.10102771524026988,0.026000728928131857,22.084732160230743,0.01634542417689717,15.198634257203167,-0.009618443524743149,0.09709812133109552,-0.005822476696263193,19.924966958755277,0.0403478942147342,6342.7812144296695,0.29124999999999995
2024-10-16,0.23,0.3,0.38,0.4225,0.4475,0.465,0.49125,0.51125,149.63,144.01,39180.3,103.59,0.6923076923076924,,,,0,0.25,0,0,0,0,0,0,0,0,-0.01999999999999999,0.031897638529904654,0.04999999999999999,0.044091603954325154,0.13,0.0650047240468129,0.1725,0.0757383363897306,0.1975,0.07469618777302084,0.21500000000000002,0.07314314205016553,0.24125000000000002,0.07885050165761931,0.26125,0.08323652058161979,0.026198477470680975,22.369364166687717,0.018468904696125832,15.351206223240894,-0.00772118186341861,0.09680530374755214,-0.00382876728911526,20.27338228726782,0.018197807578070227,5428.5218290331395,0.28125
2024-10-17,0.22875,0.305,0.38625,0.4225,0.45125,0.485,0.505,0.51875,150.21,143.88,38911.19,103.825,0.69119898808335,,,,0,0.25,0,0,0,0,0,0,0,0,-0.02124999999999999,0.03114501539499187,0.05499999999999999,0.050848722514098166,0.13624999999999998,0.07022359599838285,0.1725,0.07350596987961322,0.20124999999999998,0.07901872143326699,0.235,0.09553667594503706,0.255,0.09499671168881618,0.26875000000000004,0.09224769261458199,0.026876813749115554,22.683822500037664,0.019420788329166206,15.386568633344254,-0.007408430507675647,0.09559524865239721,-0.004442230248681834,20.09017240871077,0.008152833679120184,5372.448936206369,0.29000000000000004
2024-10-18,0.22875,0.31375,0.39375,0.4375,0.46625,0.49375,0.52125,0.52,149.54,143.79,38981.75,103.493,0.692075698809683,,,,0,0.25,0,0,0,0,0,0,0,0,-0.02124999999999999,0.031777773602528675,0.06374999999999997,0.05777932448883094,0.14375,0.07427399405170482,0.1875,0.08684440847052288,0.21625,0.09162652663954335,0.24375000000000002,0.09598332670485815,0.27125,0.105209470047259,0.27,0.08977540773110582,0.01976589164731665,21.655799293805018,0.014717835435951227,14.876479106938177,-0.0050812556724791,0.09694076010661978,-0.004689636077318491,20.051387289494443,0.006588546714069605,5583.963253273076,0.29125
2024-10-21,0.22875,0.305,0.385,0.425,0.455,0.4625,0.48875,0.52625,150.84,143.98,38954.6,104.012,0.6895518430124635,,,,0,0.25,0,0,0,0,0,0,0,0,-0.02124999999999999,0.03198397891543542,0.05499999999999999,0.04481340087663338,0.135,0.06088571732293402,0.175,0.06697827352903502,0.20500000000000002,0.0729279321495378,0.21250000000000002,0.05814940069311503,0.23875000000000002,0.06365757358619967,0.27625,0.09362842295735413,0.025759595245219452,23.063265434953124,0.0181104874816223,15.445391232305084,-0.007577594693213279,0.09425881811987613,-0.003139853288883947,20.30075840410524,0.003556175371174881,5561.364287368386,0.2975
2024-10-22,0.23,0.30625,0.395,0.43125,0.46375,0.48,0.505,0.5325,151.07,143.66,38411.96,104.075,0.6889190441517178,,,,0,0.25,0,0,0,0,0,0,0,0,-0.01999999999999999,0.03334090468319825,0.05625000000000002,0.04803629475763327,0.14500000000000002,0.07235693271142107,0.18125000000000002,0.07535460753554213,0.21375,0.08323879990336935,0.22999999999999998,0.08511399931852925,0.255,0.08925359239424391,0.2825,0.09585414483660037,0.024828709042805756,22.744966725708537,0.01705863612998816,15.285494604426475,-0.00770402533454866,0.09466844566165944,-0.0050764233723241715,19.931214370709156,-0.011299693876321855,5034.073839493452,0.3025
2024-10-23,0.23,0.305,0.3925,0.43,0.46125,0.48125,0.50625,0.52875,152.76,143.7,38104.86,104.431,0.6836279130662477,,,,0,0.25,0,0,0,0,0,0,0,0,-0.01999999999999999,0.032910079340116555,0.05499999999999999,0.04639523954602531,0.14250000000000002,0.06553733717429205,0.18,0.07124700257808025,0.21125,0.07671337273411477,0.23125,0.0811069154679358,0.25625,0.08554469114620272,0.27875000000000005,0.08765300593249792,0.0329543264598187,24.148974877532282,0.018564260470224407,15.534126684984713,-0.014061054781628772,0.08997923164902666,-0.004313256768695322,20.094785040846162,-0.019411566289584934,4946.966365116474,0.29875000000000007
2024-10-24,0.23,0.3075,0.3925,0.43,0.45625,0.49,0.505,0.5325,151.83,143.96,38143.29,104.058,0.6853586247777119,,,,0,0.25,0,0,0,0,0,0,0,0,-0.01999999999999999,0.032806599329164604,0.057499999999999996,0.04911338039255031,0.14250000000000002,0.06485260302269225,0.18,0.07042054415893279,0.20625,0.07097579409922172,0.24,0.08772970023247495,0.255,0.08217033022584974,0.2825,0.09075656248964303,0.024217485159201316,22.395103393625362,0.013371482383737893,14.959035471977899,-0.010727494614014678,0.09411159468500963,-0.0021487488736395225,20.379811329941276,-0.018767324600944383,5171.650359989508,0.3025
2024-10-25,0.22875,0.3,0.3875,0.42,0.4575,0.485,0.50625,0.525,152.31,144.06,37913.92,104.257,0.6845052852734554,,,,0,0.25,0,0,0,0,0,0,0,0,-0.02124999999999999,0.03150936897206674,0.04999999999999999,0.040489744882323986,0.1375,0.05903269108575049,0.16999999999999998,0.05959697338546893,0.20750000000000002,0.07331361799935776,0.235,0.07804289125129477,0.25625,0.0826917758282899,0.275,0.08070252583027826,0.02486290078390487,22.94031178480384,0.013466288590545317,15.221730922110481,-0.011269950759203172,0.09339698252480333,-0.0011648223645894442,20.395592127047166,-0.023396986317908333,4994.9074558175125,0.29625
2024-10-28,0.22875,0.2975,0.3825,0.41375,0.4525,0.48625,0.505,0.525,153.29,143.87,38605.53,104.316,0.6805140583208299,,,,0,0.25,0,0,0,0,0,0,0,0,-0.02124999999999999,0.03197689814726462,0.04749999999999999,0.04050505735962362,0.1325,0.05531314161182427,0.16375,0.056612610582539136,0.2025,0.06758459687613516,0.23625000000000002,0.07931553347190329,0.255,0.080117030349868,0.275,0.08228515869409375,0.027619494536434776,23.651270061573427,0.012104091989352606,15.188949939082306,-0.015225000702016605,0.09002314175554826,-0.0020151150974088506,20.14991551969564,-0.00401206964456741,5812.558455886319,0.29625
2024-10-29,0.22875,0.29625,0.3875,0.42125,0.45875,0.4925,0.51125,0.5325,153.36,143.85,38903.68,104.316,0.6802034428794992,,,,0,0.25,0,0,0,0,0,0,0,0,-0.02124999999999999,0.03210006783559932,0.04625000000000001,0.04080180164794067,0.1375,0.06227379398446581,0.17125,0.06716411256807653,0.20875,0.07527237808915854,0.2425,0.08433586812025551,0.26125,0.08599424525846722,0.2825,0.08961330662404632,0.02474666987401162,23.195530615099784,0.010370447855737765,15.122385882180424,-0.014144169846017733,0.09163607366099491,-0.00187690162051893,20.19024520941825,0.002407392470058489,5884.446802656545,0.30374999999999996
2024-10-30,0.22875,0.29875,0.385,0.4125,0.45,0.485,0.50625,0.52375,153.42,144.04,39277.39,103.994,0.6778386129578934,,,,0,0.25,0,0,0,0,0,0,0,0,-0.02124999999999999,0.032157711289256236,0.048750000000000016,0.04428686818810512,0.135,0.05812411010503399,0.16249999999999998,0.056233935909022315,0.2,0.0641037428873113,0.235,0.0734802170134588,0.25625,0.07791747586506692,0.27375000000000005,0.07746105294201122,0.02178502687330576,23.014215258150244,0.005887684225900577,14.761982986297625,-0.015645471235215657,0.09010536251455503,-0.0003296607963911765,20.40459801227786,0.011221767469730354,6086.915923132867,0.29500000000000004
2024-10-31,0.2275,0.31625,0.4,0.4275,0.4675,0.505,0.52125,0.5375,152.03,144.19,39081.25,103.976,0.6839176478326646,2024-10-31,0.25," ""MPM""",1,0.25,0,0,0,0,0,0,0,0,-0.022499999999999992,0.030942817720490262,0.06624999999999998,0.061156734438574056,0.15000000000000002,0.07356804524663196,0.1775,0.07416301970829453,0.21750000000000003,0.08423077364595954,0.255,0.0950458785931898,0.27125,0.0936491338861482,0.2875,0.09339757598117493,0.010656331642590815,21.45060784187018,0.0045966072545717595,14.842871968616791,-0.006076677341423177,0.09760990103875067,0.0010101045163126562,20.490132786151364,0.004526547954686912,5684.27127566791,0.30999999999999994
2024-11-01,0.3225,0.40125,0.4325,0.475,0.5125,0.5325,0.54875,0.55875,153.0,144.16,38053.67,104.282,0.6815816993464052,,,,0,0.25,0,0,0,0,0,0,0,0,0.07250000000000001,0.126467826179684,0.15125,0.13903717602388022,0.1825,0.09996740522700348,0.22499999999999998,0.11634577445963323,0.26249999999999996,0.12267799068936991,0.2825,0.1144721764284059,0.29874999999999996,0.11487765388632687,0.30874999999999997,0.10930036985404579,0.015056673997631683,22.857139369615822,0.006438263222760481,15.169301339114796,-0.008567230320018139,0.0934676440246609,0.001072875688775866,20.385292270824536,-0.021258995045154598,4659.042803143107,0.23624999999999996
2024-11-05,0.3125,0.395,0.42125,0.4575,0.49625,0.51375,0.53,0.54,151.62,144.27,38474.9,103.423,0.682119773117003,,,,0,0.25,0,0,0,0,0,0,0,0,0.0625,0.07863374575489196,0.14500000000000002,0.09662202506192741,0.17125,0.07373321466209692,0.20750000000000002,0.07830649835428238,0.24625000000000002,0.08638122148841881,0.26375000000000004,0.08200838905572422,0.28,0.08294518661998695,0.29000000000000004,0.08024160812639558,0.00493453211422655,21.16043919308578,-0.0022868019068097733,14.188279393032218,-0.0072625716488443695,0.09463082424921831,0.001979372851338855,20.483556838079267,-0.010220379024968002,5471.449783298005,0.22750000000000004
2024-11-06,0.33,0.4125,0.45625,0.4925,0.5275,0.55625,0.5825,0.59375,154.63,143.78,39480.67,105.088,0.6796093901571493,,,,0,0.25,0,0,0,0,0,0,0,0,0.08000000000000002,0.08882473545447478,0.16249999999999998,0.10523812385789005,0.20625,0.1081663155815919,0.2425,0.113731507710429,0.27749999999999997,0.11752388029802435,0.30625,0.12705478824904592,0.3325,0.13827080484036325,0.34375,0.13779251686065808,0.02270209494204603,24.615565379414363,0.012529435115562901,16.154499779048493,-0.010028600591106602,0.09211149294086207,-0.0012746286385091313,19.941356545529885,0.015460170163853131,6415.12773270833,0.26375
2024-11-07,0.3425,0.4275,0.465,0.51625,0.55625,0.59,0.615,0.62625,152.94,143.52,39381.41,104.508,0.6833267948214986,,,,0,0.25,0,0,0,0,0,0,0,0,0.09250000000000003,0.08950151612376128,0.1775,0.10775315242661099,0.21500000000000002,0.10134333289330438,0.26625,0.12191876302805948,0.30625,0.1319737549897292,0.33999999999999997,0.143104365774409,0.365,0.14923747058340642,0.37625,0.14882260840612382,0.009938257338131841,21.815868641480023,0.005991689893348985,14.984794874797544,-0.003983611968883567,0.09691679284295873,-0.002824358266198331,19.859085977979774,0.012329294918997164,5915.457457467586,0.28374999999999995
2024-11-08,0.345,0.425,0.4625,0.5125,0.55375,0.58875,0.61375,0.625,152.64,143.57,39500.37,104.997,0.687873427672956,,,,0,0.25,0,0,0,0,0,0,0,0,0.09499999999999997,0.08163221216267724,0.175,0.09342938869080536,0.21250000000000002,0.08985376879351037,0.26249999999999996,0.1031341635393519,0.30374999999999996,0.11271917244340796,0.33875,0.12237219091299478,0.36375,0.1279387622718718,0.375,0.12776715297157326,0.006846875371037206,21.85949930459725,0.00969333294867722,15.53936617663102,0.0027554020656439296,0.10037253636544319,-0.002275925572021854,20.061424732213965,0.01509707616489837,5958.5248155584195,0.28
2024-11-11,0.34625,0.42375,0.46,0.505,0.5475,0.58,0.61375,0.62875,153.72,143.65,39533.32,105.543,0.686592505854801,,,,0,0.25,0,0,0,0,0,0,0,0,0.09625,0.07686493273068745,0.17375000000000002,0.08750622739558517,0.21000000000000002,0.08401073176956314,0.255,0.09093497497311254,0.2975,0.10077071659708459,0.32999999999999996,0.10651491915059852,0.36375,0.12045338800534716,0.37875000000000003,0.12421550634622214,0.012251456115685892,23.075943247309993,0.013698564352037595,15.870466064254913,0.0013700352202634012,0.09707970046140968,-0.0016332487750633162,20.17737670886639,0.015744894778578333,5895.495644494142,0.28250000000000003
2024-11-12,0.34625,0.4275,0.465,0.5125,0.5525,0.5925,0.615,0.63,154.62,143.53,39376.09,106.024,0.6857068943215625,,,,0,0.25,0,0,0,0,0,0,0,0,0.09625,0.07267859185803854,0.1775,0.08821571108386406,0.21500000000000002,0.08741324113760873,0.26249999999999996,0.09798532838819185,0.3025,0.10438641519416392,0.3425,0.11799101462266232,0.365,0.1169253012308682,0.38,0.11935854394683043,0.016347538009504996,23.558197409031038,0.016788070213462816,16.05178043878952,0.0003800949823284198,0.09611509699043186,-0.0023077671657560275,20.051795114025907,0.012003767248403883,5678.650583216302,0.28375
2024-11-13,0.35,0.4325,0.4725,0.5175,0.56125,0.6,0.62,0.635,155.46,143.11,38721.66,106.481,0.6849414640421972,,,,0,0.25,0,0,0,0,0,0,0,0,0.09999999999999998,0.07357747050843755,0.1825,0.08913052519899745,0.22249999999999998,0.09120683872067709,0.26749999999999996,0.09831120977871044,0.31125,0.10902920974734626,0.35,0.11828274881947765,0.37,0.11798161394279749,0.385,0.12011511029418442,0.01977093528200156,23.898710648206333,0.019596502878120984,16.19960096814161,-0.00021468173753589267,0.0955702353587281,-0.004998991858387349,19.689044962391762,-0.003292969072608428,5052.212473679254,0.28500000000000003
2024-11-14,0.36,0.435,0.465,0.5175,0.5675,0.60375,0.62875,0.6375,156.26,142.98,38535.7,106.673,0.6826635095353898,,,,0,0.25,0,0,0,0,0,0,0,0,0.10999999999999999,0.07987600249338189,0.185,0.08704951515167297,0.21500000000000002,0.0786449610211511,0.26749999999999996,0.09384771945864806,0.3175,0.10932548576339202,0.35375,0.11554878178844191,0.37875000000000003,0.12189589532301814,0.38749999999999996,0.11762089070796822,0.022794586899248827,24.16800429321401,0.01992951430653056,16.07830405647158,-0.0028378664914991314,0.09362122162697506,-0.005546764966702117,19.750823640177117,-0.007256044624672463,5121.788064159533,0.27749999999999997
2024-11-15,0.3675,0.43375,0.465,0.53125,0.58375,0.635,0.6525,0.6625,154.34,142.82,38642.91,106.687,0.6912465984190748,,,,0,0.25,0,0,0,0,0,0,0,0,0.1175,0.08113693551330886,0.18375000000000002,0.0821702846661942,0.21500000000000002,0.07917435386390409,0.28125,0.10515452314314805,0.33375,0.12011160098029439,0.385,0.1418932270113682,0.40249999999999997,0.1392854243745173,0.4125,0.13875008403265465,0.00886367201798896,21.70545917307345,0.018669610060755185,15.877275832310389,0.009695884510161791,0.1032105380011551,-0.006293290288016202,19.709198420712767,-0.004150003144654235,5372.808812114927,0.295
2024-11-18,0.35875,0.4325,0.46,0.5375,0.5875,0.625,0.645,0.65,154.66,142.85,38220.85,106.275,0.687152463468253,,,,0,0.25,0,0,0,0,0,0,0,0,0.10875000000000001,0.06644800891750136,0.1825,0.07911111615713501,0.21000000000000002,0.07330151745248209,0.2875,0.10408361380853492,0.3375,0.11446603295012614,0.375,0.11648503044077685,0.395,0.11904405879280933,0.4,0.11372597658872441,0.009266510049595323,22.554577273905892,0.013389809174717871,15.346001762535806,0.0040766605627899095,0.09600588077681749,-0.005759426493361972,19.85779585715197,-0.014060075450586238,4963.148351141914,0.29125
2024-11-19,0.3575,0.4325,0.46,0.5375,0.585,0.62,0.64,0.645,154.66,142.89,38414.43,106.206,0.6867063235484289,,,,0,0.25,0,0,0,0,0,0,0,0,0.10749999999999998,0.06571815324058033,0.1825,0.07794825809121242,0.21000000000000002,0.07436543285341651,0.2875,0.09845013143650849,0.33499999999999996,0.10641228374644685,0.37,0.10953575481002809,0.39,0.11184758376838677,0.395,0.10878002354458682,0.008010115296126686,22.49801887143886,0.01167359652506891,15.360533415588876,0.003633405740562649,0.09635830000120671,-0.005103639389234344,19.94043540497556,-0.008375639438122202,5343.610869589429,0.28750000000000003
2024-11-20,0.35875,0.43125,0.45875,0.5325,0.5875,0.62125,0.64125,0.65,155.44,142.89,38352.34,106.68,0.6863098301595472,,,,0,0.25,0,0,0,0,0,0,0,0,0.10875000000000001,0.06639162138416793,0.18125000000000002,0.07540815859253425,0.20875,0.07283533644934903,0.2825,0.09055542002361605,0.3375,0.10670649463849907,0.37124999999999997,0.1101791215782224,0.39125,0.11255918235773976,0.4,0.11403366799121584,0.01165314563340577,23.240944490234057,0.014929491036834925,15.848656116668835,0.0032452130389903095,0.0962220035132082,-0.004836873060810916,19.95764340221882,-0.00990223232642619,5265.9499524598505,0.29125
2024-11-21,0.3825,0.4475,0.4725,0.55625,0.60625,0.64875,0.67,0.67375,154.53,142.61,38026.17,106.972,0.6922409888047628,,,,0,0.25,0,0,0,0,0,0,0,0,0.1325,0.08866704687394894,0.1975,0.0909766464378684,0.22249999999999998,0.08659713586778278,0.30625,0.1142374024372429,0.35624999999999996,0.12239926946634783,0.39875000000000005,0.13557603934191353,0.42000000000000004,0.1392822557204797,0.42374999999999996,0.13472180480290474,0.005151621589977765,21.979923123648206,0.01647886975972513,15.934251400400456,0.011278730752477031,0.10237976010749228,-0.006409809795861405,19.698704951627803,-0.018222862491335555,4975.608699364144,0.29124999999999995
2024-11-22,0.385,0.445,0.475,0.57375,0.6125,0.6625,0.6925,0.69625,154.75,142.72,38283.85,107.554,0.6950177705977383,,,,0,0.25,0,0,0,0,0,0,0,0,0.135,0.08055873737346514,0.195,0.08105944319143021,0.22499999999999998,0.08321578768829163,0.32375,0.12119716687784043,0.36250000000000004,0.1191165595973877,0.4125,0.1366263632136514,0.4425,0.1486462831882086,0.44625000000000004,0.14596133482419593,0.005627615606560877,22.43043264664408,0.02031445956176021,16.320837665975574,0.01461941092480732,0.10287197513205393,-0.005213706192321764,19.939380926283064,-0.011749281999508242,5380.925713023382,0.31125
2024-11-25,0.3875,0.445,0.475,0.5725,0.61,0.6525,0.685,0.68875,154.22,142.85,38780.14,106.817,0.692627415380625,,,,0,0.25,0,0,0,0,0,0,0,0,0.1375,0.07823865981725081,0.195,0.07922543879377247,0.22499999999999998,0.08012706292319294,0.3225,0.10906182612759585,0.36,0.11022455418994082,0.40249999999999997,0.11636818709964225,0.43500000000000005,0.12728228341907066,0.43875,0.12521768897798113,0.0015618962264457104,21.834404945949615,0.01209392404439614,15.2639231890019,0.010530762262371247,0.09871279185341464,-0.003887523316423313,20.074690019483484,-5.6120938521075625e-05,5824.60396869573,0.30124999999999996
2024-11-26,0.39375,0.445,0.47875,0.57,0.6075,0.6525,0.685,0.68875,153.1,142.93,38442.0,107.013,0.6989745264532986,,,,0,0.25,0,0,0,0,0,0,0,0,0.14375,0.0807998200297303,0.195,0.07766077011241684,0.22875,0.08225543457656442,0.31999999999999995,0.10248441928523755,0.35750000000000004,0.10538339361703752,0.40249999999999997,0.11565923072483464,0.43500000000000005,0.12448440047359788,0.43875,0.12279837219330436,-0.005650451386633789,20.889553534421935,0.012657149792123028,15.625655225183465,0.018419602001482075,0.10534949729701415,-0.0030029192141489114,20.121109372510475,-0.008566018485516363,5285.9657123578945,0.295
2024-11-27,0.39125,0.445,0.48125,0.57,0.6225,0.67,0.70125,0.7225,151.12,142.8,38134.97,106.084,0.7019851773425093,,,,0,0.25,0,0,0,0,0,0,0,0,0.14125,0.07356540408347645,0.195,0.07637629772890892,0.23125,0.08208747197146266,0.31999999999999995,0.10065030603235209,0.37250000000000005,0.11928635029315271,0.42000000000000004,0.13116704925835343,0.45125000000000004,0.13785796038188747,0.47250000000000003,0.15391897874414273,-0.017795629736510284,19.387164581949634,0.003027026720377503,14.623527187719219,0.021185740728452366,0.10572516308946633,-0.0035448125715241397,19.960709841541956,-0.015508547159636626,5057.07203573978,0.33125000000000004
2024-11-28,0.37,0.43375,0.47,0.5525,0.60375,0.65125,0.685,0.70375,151.55,143.02,38349.06,106.138,0.7003497195645001,,,,0,0.25,0,0,0,0,0,0,0,0,0.12,0.050874272586607705,0.18375000000000002,0.06403411304975809,0.21999999999999997,0.06846815275453144,0.3025,0.0812985152284254,0.35375,0.09309133514819157,0.40125,0.10361198144846917,0.43500000000000005,0.11276639512561193,0.45375,0.11951452326291445,-0.01440189380513699,20.744528685806984,0.002521463610684965,15.010236795391478,0.01714119759788314,0.1020224476022511,-0.0016543694199934018,20.229579738808525,-0.008793855291418204,5407.107004634599,0.33375
2024-11-29,0.3775,0.43375,0.4725,0.5425,0.6075,0.665,0.69375,0.7,149.76,143.06,38208.03,105.737,0.7060430021367522,,,,0,0.25,0,0,0,0,0,0,0,0,0.1275,0.06539047487690225,0.18375000000000002,0.06757286165076742,0.22249999999999998,0.07413179084312621,0.2925,0.07671982449547055,0.35750000000000004,0.10122781966084315,0.41500000000000004,0.12119161017180358,0.44375,0.12411052856259397,0.44999999999999996,0.11741170472847995,-0.025323623015795663,19.081355346928547,-0.00209609179390927,14.666600887265389,0.02376488955875726,0.1075228106242262,-0.0009811418256221378,20.199384716913215,-0.011323325146205918,5221.929997134255,0.32249999999999995
2024-12-02,0.3775,0.445,0.47625,0.55375,0.62,0.69125,0.72125,0.73,149.61,142.82,38513.02,106.446,0.7114898736715459,,,,0,0.25,0,0,0,0,0,0,0,0,0.1275,0.06366622697434493,0.195,0.07930029161165159,0.22625,0.07721577578766992,0.30374999999999996,0.09268343349022334,0.37,0.11232199169448587,0.44125000000000003,0.14165400087004232,0.47124999999999995,0.1473188355619932,0.48,0.14742829589313722,-0.025224538462290225,19.755591329311784,0.003570374658353658,15.559727782208796,0.029430708822339138,0.11035721017924982,-0.002190262936349665,19.929602399892985,-0.004023277856659684,5579.384725623364,0.3525
2024-12-03,0.36875,0.4375,0.4675,0.5375,0.5975,0.685,0.70875,0.71875,149.6,142.87,39248.86,106.365,0.7109959893048128,,,,0,0.25,0,0,0,0,0,0,0,0,0.11875000000000002,0.054268503296096005,0.1875,0.06723123861372932,0.21750000000000003,0.0665405019804719,0.2875,0.07303194157912629,0.34750000000000003,0.08386085140276489,0.43500000000000005,0.12245922717024782,0.45875,0.12163680817706346,0.46875,0.12304249020728064,-0.0246478528887309,20.093403268379888,0.0014178868402024319,15.252103542192629,0.02657161487072444,0.10672839971213699,-0.0013525462469462877,20.06687032574777,0.013991355763258427,6211.216367499685,0.35
2024-12-04,0.3125,0.4175,0.46625,0.5125,0.57375,0.645,0.6825,0.68375,150.63,143.16,39276.39,106.321,0.705842129721835,,,,0,0.25,0,0,0,0,0,0,0,0,0.0625,0.0009452759184114812,0.16749999999999998,0.0486191473759493,0.21625,0.0679093913206375,0.26249999999999996,0.0534630961981204,0.32375,0.06670396822491287,0.395,0.08002891417578573,0.4325,0.0953741003798324,0.43374999999999997,0.08770257873416198,-0.016650291649394012,21.312032919687482,0.00042295512488480956,15.182786641738545,0.017203826424632616,0.1005289176305596,0.0008914057993812437,20.36258921143994,0.014970419536968494,5919.209324715062,0.37124999999999997
2024-12-05,0.3175,0.415,0.4575,0.5175,0.565,0.645,0.68375,0.6875,150.1,142.98,39395.6,105.714,0.704290473017988,,,,0,0.25,0,0,0,0,0,0,0,0,0.0675,0.02895601275612658,0.16499999999999998,0.05400255842515117,0.20750000000000002,0.060064873209096425,0.26749999999999996,0.0696310894889664,0.31499999999999995,0.06848087983221063,0.395,0.09360364580389857,0.43374999999999997,0.1053627830510021,0.4375,0.10367450228990871,-0.019201050715996332,20.492096096164573,-0.005852655277334716,14.571895279051745,0.013436844692671339,0.10032938117152257,-0.00017831482005952414,20.07614007119301,0.018032348515631062,5928.039150937468,0.37
2024-12-06,0.3225,0.41875,0.4575,0.5075,0.55375,0.6275,0.66125,0.6625,150.03,143.11,39091.17,106.055,0.7068919549423449,,,,0,0.25,0,0,0,0,0,0,0,0,0.07250000000000001,0.038746807272375006,0.16875,0.06083150883158989,0.20750000000000002,0.06372717279708906,0.25749999999999995,0.06099256819761656,0.30374999999999996,0.06370200041101881,0.37749999999999995,0.07893322584808593,0.41125,0.08386433682864503,0.4125,0.07974026031100956,-0.0188217751850787,20.599689748263785,-0.003141764792965296,15.144427070488263,0.015790300702820226,0.10364636457849774,0.0008917175178782449,20.251483981846405,0.010699860135115959,5519.370813871254,0.33999999999999997
2024-12-09,0.29375,0.4,0.4425,0.49375,0.54,0.6075,0.635,0.6575,151.22,143.26,39160.5,106.145,0.7019243486311334,,,,0,0.25,0,0,0,0,0,0,0,0,0.04375000000000001,0.01086492000057998,0.15000000000000002,0.04178786235071241,0.1925,0.04972431246164233,0.24375000000000002,0.05228821503565839,0.29000000000000004,0.05682708685915738,0.35750000000000004,0.0668222517566881,0.385,0.06664974867946238,0.4075,0.08505373822357387,-0.010230195767853677,21.883139520311033,-0.0025780086046380112,15.15900908153425,0.007542058373500434,0.09774256956313054,0.002077460601693925,20.35957138439764,0.012980601229421008,5661.171339800072,0.36374999999999996
2024-12-10,0.29,0.40375,0.45125,0.51,0.55,0.615,0.65125,0.67375,151.96,143.08,39367.58,106.399,0.7001776783364043,,,,0,0.25,0,0,0,0,0,0,0,0,0.03999999999999998,0.01982924546840248,0.15375,0.05322635013776106,0.20124999999999998,0.06494519102936763,0.26,0.07589835283612711,0.30000000000000004,0.07493504333439288,0.365,0.08467859843718695,0.40125,0.09582100211010658,0.42374999999999996,0.10624410253098515,-0.004520144120537161,22.196907875419555,-0.0003673496614464632,15.363330030296027,0.003992174053121357,0.09766286129951929,0.0009759305445274546,20.110140800829328,0.0183484324560224,5845.869137979113,0.38375
2024-12-11,0.275,0.4025,0.4525,0.51125,0.56,0.6,0.66,0.66375,152.46,142.97,39372.23,106.71,0.6999212908303817,,,,0,0.25,0,0,0,0,0,0,0,0,0.025000000000000022,0.010689726208096106,0.15250000000000002,0.0528461471705291,0.2025,0.06473077561713109,0.26125,0.07335029750543431,0.31000000000000005,0.08403828260382812,0.35,0.07015560209276972,0.41000000000000003,0.10224460009157299,0.41374999999999995,0.09170936031040189,-0.00026229508196716093,22.295420216740325,0.0024466989292109887,15.554649588535952,0.0025478143810018605,0.09848133037233875,0.00025536350820479133,20.050153251370688,0.017612460226322655,5754.3370259881995,0.38874999999999993
2024-12-12,0.2675,0.41,0.455,0.4975,0.54125,0.59,0.63,0.65,152.63,143.09,39849.14,106.956,0.7007534560702352,,,,0,0.25,0,0,0,0,0,0,0,0,0.017500000000000016,0.01214812637120094,0.15999999999999998,0.06163813486758957,0.20500000000000002,0.06674189502734795,0.2475,0.05868900413413425,0.29125,0.06185399796341601,0.33999999999999997,0.06704215289902893,0.38,0.06890155890682548,0.4,0.08099942685348849,0.0020450569037903815,22.129483916595262,0.004624111316815163,15.634179290028683,0.0024410453471723826,0.09977181957001602,0.001056394685845084,20.224648728382718,0.028193440360990637,6194.514963062109,0.3825
2024-12-13,0.2675,0.4025,0.45625,0.4925,0.535,0.58125,0.62,0.64,153.66,143.22,39470.44,107.003,0.6963620981387479,,,,0,0.25,0,0,0,0,0,0,0,0,0.017500000000000016,0.018880402758979814,0.15250000000000002,0.051799762366224356,0.20625,0.06691190120390783,0.2425,0.05897774141118772,0.28500000000000003,0.062402963689837776,0.33125000000000004,0.06465727828336454,0.37,0.07001440213743226,0.39,0.07716343569172279,0.009032435999724123,22.961255214380316,0.004916439314609841,15.520277752295584,-0.0042052273494191375,0.09523983404432701,0.0018256982771283773,20.325261189924873,0.017336055976417457,5601.88930121086,0.3725
2024-12-16,0.265,0.39875,0.45375,0.4975,0.5475,0.595,0.6275,0.66125,154.16,142.32,39457.49,106.858,0.6931629475869228,,,,0,0.25,0,0,0,0,0,0,0,0,0.015000000000000013,0.019625798959235358,0.14875,0.05056102400031526,0.20375,0.06356718288043711,0.2475,0.06753399723954978,0.2975,0.07936400503509494,0.345,0.08439453143989939,0.37749999999999995,0.08461645912291227,0.41125,0.10430091758872584,0.012481979777945039,22.953276392309846,0.003280015285143384,15.28889315000552,-0.009205790863857392,0.09379760591364117,-0.004285239536144565,19.36961187909671,0.015384059934321825,5667.038178356546,0.39625
2024-12-17,0.2775,0.4025,0.45625,0.50875,0.555,0.60875,0.64,0.68125,153.5,142.21,39364.68,106.956,0.6967817589576547,,,,0,0.25,0,0,0,0,0,0,0,0,0.027500000000000024,0.035277064564987665,0.15250000000000002,0.05650702881762609,0.20625,0.06672440962826037,0.25875000000000004,0.07821375703546901,0.30500000000000005,0.08366778621453574,0.35875,0.09514616899941453,0.39,0.09686135798993445,0.43125,0.11792783047270139,0.008531453369382158,21.910000669640908,0.0038466899085515534,15.396518872006908,-0.004749791028822538,0.09921883595446201,-0.004818105158556433,19.603713626892116,0.01175867705456864,5581.774667497091,0.40375
2024-12-18,0.2625,0.3925,0.45,0.5,0.5575,0.605,0.65,0.67125,154.81,142.38,39081.71,108.027,0.6978037594470642,,,,0,0.25,0,0,0,0,0,0,0,0,0.012500000000000011,0.017166575410097418,0.14250000000000002,0.04583432688503475,0.2,0.05959449877780676,0.25,0.06527708913231667,0.3075,0.08280259784064975,0.355,0.08582924132669256,0.4,0.10260828411384082,0.42125,0.09861479749679936,0.01734901754616538,23.315310471856492,0.01325817086954278,16.41125455285841,-0.004107511321232642,0.09944991829120675,-0.003450616981515017,19.917688368839435,0.003545083593406725,5332.403324190913,0.40875
2024-12-19,0.2275,0.36,0.4325,0.48125,0.53625,0.58625,0.64125,0.66375,157.45,142.14,38813.58,108.408,0.6885233407430931,2024-12-19,0.25," ""MPM""",1,0.25,0,0,0,0,0,0,0,0,-0.022499999999999992,-0.011941932418503859,0.10999999999999999,0.01734512775747532,0.1825,0.04429539566737867,0.23125,0.04894756416676527,0.28625,0.05961019323194061,0.33625000000000005,0.06711635838969454,0.39125,0.08893466312465459,0.41374999999999995,0.09213678174507078,0.03370624228577422,25.40333764422985,0.0161474917350377,16.334444323439072,-0.017091597814043253,0.08969972541138838,-0.004966765721966066,19.675918046388404,-0.00434655886862736,5182.577993798332,0.4362499999999999
2024-12-20,0.3425,0.43,0.485,0.53625,0.585,0.625,0.66625,0.6755748309320552,156.41,142.47,38701.9,107.621,0.6880698165078959,,,,0,0.25,0,0,0,0,0,0,0,1,0.09250000000000003,0.11915508118948209,0.18,0.10160344536756744,0.235,0.10435984145767835,0.28625,0.11200047975175254,0.33499999999999996,0.11611254889428724,0.375,0.11315099086696323,0.41625,0.11585537919422073,0.42557483093205517,0.10651510528120423,0.026319070335107157,23.11644920332361,0.008738980200799103,15.244509078819647,-0.01725165543966883,0.09284761814651332,-0.002569362280081622,20.123061137108635,-0.007743438740375972,5212.249959472705,0.33307483093205514
2024-12-23,0.3425,0.43,0.48625,0.54625,0.595,0.635,0.68125,0.6920675703701995,157.19,142.31,39161.34,108.037,0.6873019912208156,,,,0,0.25,0,0,0,0,0,0,0,1,0.09250000000000003,0.07868691609498663,0.18,0.07819387121882365,0.23625000000000002,0.08697233531181098,0.29625,0.10253544149212135,0.345,0.10874751545821126,0.385,0.10975598783129203,0.43125,0.1210564694810562,0.4420675703701995,0.11873029850881767,0.030433143774889874,23.8801843193325,0.012059524316941588,15.842837069963906,-0.017974845213657366,0.09333623618528997,-0.003501155381275821,19.87833916443293,0.0035454874037119805,5765.146609688658,0.3495675703701995
2024-12-24,0.345,0.43,0.4925,0.5475,0.60375,0.65375,0.6875,0.7006912482973255,157.19,142.19,39036.85,108.2,0.6883389528595967,,,,0,0.25,0,0,0,0,0,0,0,1,0.09499999999999997,0.07061931268345023,0.18,0.07232260807982399,0.2425,0.08768443904876766,0.2975,0.09456449027795671,0.35375,0.1087255599214092,0.40375000000000005,0.12094477635798839,0.4375,0.11830054237087517,0.45069124829732554,0.11941720872473538,0.029053629412380773,23.442458619017486,0.013023247104644656,15.849101548133305,-0.0157453741460418,0.09530723903441574,-0.004083405125618979,19.81359765415867,-0.00040655291498594727,5497.321534885879,0.35569124829732557
2024-12-25,0.33875,0.42,0.48125,0.5425,0.60125,0.65875,0.68375,0.7007652580013255,157.43,142.23,39130.43,108.75781551531033,0.6906313524381554,,,,0,0.25,0,0,0,0,0,0,0,1,0.08875,0.05825670076188172,0.16999999999999998,0.05951057894864892,0.23125,0.07123625087474134,0.2925,0.08525899111811597,0.35124999999999995,0.09909135597790619,0.40874999999999995,0.11546143557466726,0.43374999999999997,0.10860758076111698,0.4507652580013255,0.11327070275817763,0.028500498146242746,23.482823767442312,0.016972873287345116,16.280630341451726,-0.011665204562360634,0.09768080744115792,-0.0036043420236858623,19.922454912282717,0.0007142765807812874,5610.579100966112,0.3620152580013255
2024-12-26,0.335,0.42375,0.48375,0.545,0.6125,0.67375,0.7,0.7190330676108889,158.03,141.9,39568.06,108.129,0.6842308422451433,,,,0,0.25,0,0,0,0,0,0,0,1,0.08500000000000002,0.05362432498833741,0.17375000000000002,0.06554612471533289,0.23375,0.0757915679999368,0.29500000000000004,0.08733862725170927,0.36250000000000004,0.10808968560453636,0.42374999999999996,0.12442848578224364,0.44999999999999996,0.12352220359438992,0.4690330676108889,0.1288235941775866,0.030239615624073,23.85086452779484,0.010152620277363831,15.367388315713555,-0.019694078018981896,0.09057662712098036,-0.005526023470707163,19.60574829820554,0.010331316571956777,6012.865923310339,0.3840330676108889
2024-12-27,0.33,0.42,0.48,0.54375,0.60375,0.675,0.70125,0.7211203708798666,157.84,141.82,40281.16,107.998,0.6842245311708058,,,,0,0.25,0,0,0,0,0,0,0,1,0.08000000000000002,0.04862511829812477,0.16999999999999998,0.06031761618498804,0.22999999999999998,0.07079700095260028,0.29374999999999996,0.08404559223481312,0.35375,0.09304866201566742,0.42500000000000004,0.11666318526386021,0.45125000000000004,0.11686564678521083,0.4711203708798666,0.12188070119124483,0.026297908586402068,23.288954346855263,0.007864373454017743,15.377897315728788,-0.01816853747382147,0.09303910822109518,-0.005654629399164951,19.672506013315314,0.02582450275525144,6540.39217553442,0.39112037087986656
2024-12-30,0.33,0.42,0.48,0.54375,0.60375,0.6725,0.6975,0.7178341824828918,156.84,141.9,39894.54,108.13,0.6894287171639887,,,,0,0.25,0,0,0,0,0,0,0,1,0.08000000000000002,0.04984763069123671,0.16999999999999998,0.061136952018726876,0.22999999999999998,0.07155518169851194,0.29374999999999996,0.08336251430470465,0.35375,0.09385483106761783,0.4225,0.1098570893106795,0.4475,0.10954751304421229,0.46783418248289177,0.11430285626778347,0.017404334542057913,22.193810311634905,0.008303929996240893,15.567678681334087,-0.009132381039170146,0.0990205134443859,-0.004772742415687945,19.836515986475177,0.014194501461853809,5810.580146728396,0.38783418248289175
2025-01-06,0.3425,0.42625,0.4775,0.5425,0.60875,0.66875,0.695,0.7169364545890509,157.63,141.59,39307.05,108.257,0.6867791664023346,,,,0,0.25,0,0,0,0,0,0,0,1,0.09250000000000003,0.06220343315756899,0.17625000000000002,0.06731760930709241,0.22749999999999998,0.06889553497124917,0.2925,0.08135424799407037,0.35875,0.09810904559575617,0.41874999999999996,0.10447085154234637,0.44499999999999995,0.1064040495665105,0.46693645458905086,0.11230575500988926,0.019872734272136348,23.28977874987436,0.008598472466334552,15.64654146048268,-0.011219662726246004,0.0947294725716572,-0.006501001638406811,19.53607405291963,-0.0008145078691699665,5260.641377260792,0.37443645458905084
2025-01-07,0.345,0.42625,0.4775,0.53875,0.61875,0.67875,0.70375,0.725196755997655,158.04,141.6,40083.3,108.542,0.6868008099215389,,,,0,0.25,0,0,0,0,0,0,0,1,0.09499999999999997,0.05937845061512148,0.17625000000000002,0.06463130615944446,0.22749999999999998,0.06963018806784438,0.28874999999999995,0.07745578323938351,0.36875,0.10532655707552852,0.42874999999999996,0.11437407693719237,0.45375,0.11505803837267248,0.475196755997655,0.11960895050156972,0.020080165753345015,23.42572448673522,0.010208551231959271,15.858672100147118,-0.009831254520830283,0.0954891221295292,-0.005886751124169452,19.688436711478886,0.01787385866037327,6251.278991337,0.380196755997655
2025-01-08,0.3475,0.43,0.475,0.5375,0.62375,0.68375,0.71625,0.7376221944346637,158.35,141.23,39981.06,109.09,0.6889169561098832,,,,0,0.25,0,0,0,0,0,0,0,1,0.09749999999999998,0.05903244988726897,0.18,0.06742098727487628,0.22499999999999998,0.06714663137782262,0.2875,0.07729588968010581,0.37375,0.10501273939221667,0.43374999999999997,0.11450016699098409,0.46625000000000005,0.12337702536443462,0.4876221944346637,0.12771153887536757,0.019367007528574127,23.476906597636344,0.013716245438034326,16.259744938176027,-0.0056784658435431535,0.09780399617676305,-0.007874900773440364,19.367838192496095,0.014523426235933211,5888.073630002938,0.3901221944346637
2025-01-09,0.33625,0.4225,0.4675,0.5275,0.60625,0.6575,0.685,0.7117493834210256,158.15,141.31,39605.09,109.179,0.6903509326588682,,,,0,0.25,0,0,0,0,0,0,0,1,0.08625,0.04535341330552273,0.1725,0.05781465298240296,0.21750000000000003,0.06053244401254787,0.27749999999999997,0.0678375133101563,0.35624999999999996,0.08335144078148815,0.4075,0.08418758802000492,0.43500000000000005,0.08537938731721151,0.46174938342102556,0.09497815557223976,0.015425608757764993,23.038778639853803,0.013072816033207677,16.070989553259437,-0.0024179857045462097,0.09851995909268263,-0.0066848960713057105,19.628686879049468,0.004328288800289138,5479.606398434007,0.37549938342102557
2025-01-10,0.35,0.43,0.47,0.5275,0.60875,0.66375,0.69625,0.7192464946728485,157.71,141.06,39190.4,109.65,0.695263458246148,,,,0,0.25,0,0,0,0,0,0,0,1,0.09999999999999998,0.062318741870317385,0.18,0.06739782781162224,0.21999999999999997,0.06617245473540023,0.27749999999999997,0.07183652359032122,0.35875,0.09083211207886388,0.41374999999999995,0.0989035091843905,0.44625000000000004,0.10641989491656645,0.4692464946728485,0.11000383966477723,0.01049515608180843,22.5640695076722,0.01579140352343047,16.40247436400881,0.005164537918475977,0.10270293284594822,-0.007674937214652082,19.415826517751626,-0.006225329982630129,5186.9799471372025,0.36924649467284854
2025-01-14,0.3775,0.43875,0.47375,0.53375,0.605,0.65,0.69875,0.7165312942985533,157.98,140.66,38474.3,109.273,0.6916888213697937,,,,0,0.25,0,0,0,0,0,0,0,1,0.1275,0.08475179122250764,0.18874999999999997,0.07342094408084765,0.22375,0.06980466907976302,0.28374999999999995,0.07915573838400014,0.355,0.08677686911718063,0.4,0.08435205303985105,0.44875,0.10640809690085695,0.46653129429855333,0.1055426650825293,0.01027671017375122,22.95482730379419,0.010953087085268659,15.762221317722336,0.000610576691758454,0.09693194663450944,-0.009645849468422197,19.14959208219028,-0.023277702306255293,4661.32686597119,0.33903129429855333
2025-01-15,0.41,0.45,0.485,0.55625,0.63,0.68125,0.72,0.7381500549020731,156.47,140.59,38444.58,109.09,0.6971943503547006,,,,0,0.25,0,0,0,0,0,0,0,1,0.15999999999999998,0.10460121167394737,0.2,0.08026035041255647,0.235,0.07966535017912607,0.30625,0.0996306181350658,0.38,0.11301026010359971,0.43125,0.12088449611215957,0.47,0.12598421834041673,0.4881500549020731,0.1276062214991195,-0.0006610314005882018,21.34043187225828,0.008150122767270842,15.621079567693997,0.008773955461775382,0.10316190317572704,-0.009308651196876901,19.29632027625098,-0.022881644880887255,4975.991237714246,0.3281500549020731
2025-01-16,0.4325,0.4625,0.48625,0.5475,0.61375,0.6675,0.72125,0.722163242122273,155.15,141.06,38572.6,108.957,0.702268772155978,,,,0,0.25,0,0,0,0,0,0,0,1,0.1825,0.1097937224105614,0.21250000000000002,0.0866364030305996,0.23625000000000002,0.07601935577195323,0.2975,0.08135606543139734,0.36375,0.08687309422651412,0.4175,0.09600686534859437,0.47124999999999995,0.11793418076338247,0.472163242122273,0.10274761588129411,-0.009888353185555759,20.577205533796246,0.005990862917477673,15.535385839315865,0.01600478101992058,0.10607780988548987,-0.005285259450177962,19.880449782136907,-0.018034864057020275,5231.408643648101,0.289663242122273
2025-01-17,0.4275,0.4525,0.4825,0.5475,0.615,0.665,0.72125,0.7238986623635875,156.31,141.0,38451.46,109.347,0.699552171965965,,,,0,0.25,0,0,0,0,0,0,0,1,0.1775,0.08938930317431715,0.2025,0.06930773810875202,0.23249999999999998,0.07020681163942272,0.2975,0.0818782883497226,0.365,0.09152914354235431,0.41500000000000004,0.09584671403757095,0.47124999999999995,0.11429384382081365,0.47389866236358746,0.10796278847065832,-0.0033284023668638503,22.40790263447576,0.008500404219531521,15.971409402272627,0.011841055776352706,0.10065560177456623,-0.004929480552017105,19.69575751730153,-0.01984750017964529,5126.152431982271,0.2963986623635875
2025-01-20,0.4375,0.4575,0.485,0.54125,0.6125,0.665,0.7275,0.7232861864699596,155.6,141.07,38902.5,109.347,0.7027442159383034,,,,0,0.25,0,0,0,0,0,0,0,1,0.1875,0.09497475220707075,0.20750000000000002,0.07547524869283673,0.235,0.07321585010431009,0.29125,0.07508546981446529,0.36250000000000004,0.08875458692965887,0.41500000000000004,0.09679596441338056,0.47750000000000004,0.11856057976966383,0.47328618646995957,0.10686423118386168,-0.008310814255850904,21.456572905424707,0.007344180200966919,15.816359660679339,0.01575422848355507,0.10394610545276428,-0.00399615916857318,19.778333098337583,-0.007648257229203683,5652.551317220576,0.28578618646995957
2025-01-21,0.4525,0.46375,0.49375,0.54625,0.615,0.6625,0.69625,0.7017446212268177,155.53,141.15,39027.98,108.062,0.6947984311708352,,,,0,0.25,0,0,0,0,0,0,0,1,0.2025,0.10254897477344072,0.21375,0.07918475000720138,0.24375000000000002,0.08075768760818514,0.29625,0.0820660239707362,0.365,0.09192716347260155,0.4125,0.09429173765600518,0.44625000000000004,0.0834040364058054,0.4517446212268177,0.08513071117195437,-0.009397759951084585,21.648161222467195,-0.005000601462474846,14.475555893821365,0.004413272452870779,0.09447058503777017,-0.003058276770516183,19.842655191895233,-0.00401971448899261,5634.25642698013,0.24924462122681768
2025-01-22,0.46,0.47,0.5,0.5525,0.625,0.66875,0.7025,0.7091738780938798,156.53,141.02,39646.25,108.167,0.6910304733916821,,,,0,0.25,0,0,0,0,0,0,0,1,0.21000000000000002,0.10030226833447414,0.21999999999999997,0.08175774345549985,0.25,0.08300094081356124,0.3025,0.0866678093727673,0.375,0.10091876022251989,0.41874999999999996,0.10141031681068025,0.4525,0.1003702153331194,0.4591738780938798,0.10087102915188562,-0.0035743499807436765,22.762858673206807,-0.004097985524322545,15.059717554756475,-0.0005444432319983875,0.09327081467517273,-0.0034978624174116135,19.684905618453627,0.011030029373774187,6174.543442619033,0.24917387809387975
2025-01-23,0.46375,0.47125,0.5025,0.555,0.62625,0.67,0.7125,0.7163182693880046,156.06,140.93,39958.87,108.047,0.6923426887094707,,,,0,0.25,0,0,0,0,0,0,0,1,0.21375,0.09663063687387163,0.22125,0.07894086157204866,0.25249999999999995,0.08161022641973598,0.30500000000000005,0.08616040728119234,0.37625,0.09776160177048698,0.42000000000000004,0.10031286825823071,0.4625,0.11041440782582501,0.4663182693880046,0.10733815937097302,-0.006126530040376439,21.948482760400083,-0.005037484302615531,15.024303590170192,0.001076949682588407,0.09665632583397643,-0.003707906075805217,19.644957394736736,0.01751634145371358,6215.947851977195,0.2525682693880046
2025-01-24,0.475,0.47875,0.5075,0.55625,0.6375,0.685,0.72625,0.7360761075687456,156.0,140.67,39931.98,107.443,0.6887371794871795,2025-01-24,0.5," ""MPM (Hike to 0.50%)""",1,0.5,0,0,0,0,0,0,0,1,-0.025000000000000022,0.1024987492549303,-0.02124999999999999,0.08415083724198696,0.007499999999999951,0.08403380013973649,0.05625000000000002,0.08533612110020966,0.13749999999999996,0.10700086250291185,0.18500000000000005,0.11405532687767195,0.22624999999999995,0.12047568094770666,0.23607610756874564,0.12443704461790484,-0.006378919946624849,21.99115900190003,-0.010518389234527931,14.515346157637353,-0.004184399274308923,0.09320748179237537,-0.004912831722249964,19.44009670192338,0.01524159797663453,5979.177215671785,0.26107610756874566
2025-01-27,0.47625,0.50625,0.55625,0.63625,0.67625,0.70875,0.73875,0.7631344937899965,154.51,140.89,39565.8,107.341,0.6947187884279334,,,,0,0.5,0,0,0,0,0,0,0,1,-0.023749999999999993,0.09605714605727761,0.006249999999999978,0.10731541956982582,0.05625000000000002,0.12949861288322717,0.13624999999999998,0.16387858600171124,0.17625000000000002,0.14018658588990718,0.20875,0.1311772100070716,0.23875000000000002,0.12640251649194467,0.26313449378999654,0.14288271659477625,-0.015028606945352069,20.542427914505083,-0.011140828919769894,14.69705517379775,0.003925866546709946,0.1008260376083675,-0.002855757695860094,19.788729972077476,0.005414798212260474,5541.326569847268,0.28688449378999653
2025-01-28,0.47625,0.50625,0.5525,0.6275,0.66625,0.69625,0.725,0.7455631813295613,155.53,141.18,39016.87,107.866,0.6935382241368224,,,,0,0.5,0,0,0,0,0,0,0,1,-0.023749999999999993,0.09183665037492073,0.006249999999999978,0.09444934319861742,0.05249999999999999,0.10478439151366431,0.12749999999999995,0.12235229558422134,0.16625,0.11259978862914766,0.19625000000000004,0.10694571052145241,0.22499999999999998,0.1053806555667337,0.24556318132956134,0.11173772358236689,-0.00800142871265978,22.173125975491786,-0.0061514639239355845,15.36079199411813,0.0018434926113420937,0.09781642875194663,-0.0004460398037424027,20.039175840424747,-0.008509006748727573,5093.391165321045,0.26931318132956134
2025-01-29,0.47625,0.50625,0.5525,0.6275,0.66625,0.69625,0.725,0.7466159070255762,155.22,141.15,39414.78,108.0,0.6957866254348667,,,,0,0.5,0,0,0,0,0,0,0,1,-0.023749999999999993,0.08907541780367761,0.006249999999999978,0.08991494425584295,0.05249999999999999,0.09947312322219837,0.12749999999999995,0.11570892341658601,0.16625,0.11066811231055496,0.19625000000000004,0.1077999838637218,0.22499999999999998,0.10804658640837494,0.24661590702557623,0.11504309508180555,-0.009280416661347816,21.64269010341988,-0.0045693034058937885,15.352857178021992,0.004717291223804325,0.10013906278218243,-0.0002762254849881171,19.896865617864265,0.0012408826144505196,5722.667201000266,0.2703659070255762
2025-01-30,0.4775,0.51375,0.5625,0.64125,0.68625,0.725,0.7575,0.7771404911658768,154.31,141.01,39513.97,107.797,0.6985742984900525,,,,0,0.5,0,0,0,0,0,0,0,1,-0.02250000000000002,0.08821543870720677,0.01375000000000004,0.09472599623872058,0.0625,0.10607702724815316,0.14125,0.1249671056890268,0.18625000000000003,0.1284665172210997,0.22499999999999998,0.1356262418469093,0.25749999999999995,0.14046136514936303,0.2771404911658768,0.14448879028175965,-0.013918000102244244,20.83617412017935,-0.006288305172007774,15.077038843054012,0.007699124547284303,0.10199682074690641,-0.0009529241309440405,19.742138047103097,0.0038295386706989802,5727.810625043654,0.2996404911658768
2025-01-31,0.47875,0.52625,0.5775,0.66,0.715,0.75125,0.78625,0.8087756209382114,155.21,140.67,39572.49,108.37,0.6982153211777592,,,,0,0.5,0,0,0,0,0,0,0,1,-0.02124999999999999,0.08725273063194516,0.026249999999999996,0.10233451390367809,0.07750000000000001,0.11471050368376484,0.16000000000000003,0.1351196546112562,0.21499999999999997,0.14754077005286892,0.25125,0.14952931396484415,0.28625,0.15587217171462187,0.3087756209382114,0.16303702635808692,-0.007332602098409563,22.136579270709888,-0.0011774437718753783,15.712622704637539,0.006165983368647711,0.10024113320581429,-0.002955623126156213,19.45162421309975,0.006221973780451176,5730.410767905822,0.3300256209382114
2025-02-03,0.47875,0.525,0.575,0.65125,0.70625,0.7475,0.7825,0.8008000818911964,154.76,140.75,38520.09,108.99,0.704251744636857,,,,0,0.5,0,0,0,0,0,0,0,1,-0.02124999999999999,0.0851476895443517,0.025000000000000022,0.09373592339843789,0.07499999999999996,0.10322155495773744,0.15125,0.11491794327506533,0.20625000000000004,0.12357452361679577,0.24750000000000005,0.13109704519269116,0.2825,0.13634132217675865,0.30080008189119645,0.13798795895585458,-0.009551847170445316,21.459508973958464,0.004138998486743386,16.120218542265732,0.013782036648315548,0.10593257521288668,-0.001981854860153464,19.682505221394848,-0.018823191205925554,4635.249632986452,0.32205008189119644
2025-02-04,0.47875,0.5275,0.57875,0.6575,0.7125,0.7525,0.79,0.8113549940222008,154.34,140.45,38798.37,107.96,0.6994946222625372,,,,0,0.5,0,0,0,0,0,0,0,1,-0.02124999999999999,0.08365904920734646,0.02749999999999997,0.09358966792607382,0.07874999999999999,0.10411135784422143,0.15749999999999997,0.11973203158850687,0.21250000000000002,0.1275188764362326,0.25249999999999995,0.13197749939060321,0.29000000000000004,0.13944013315992265,0.3113549940222008,0.1453314737189524,-0.011198810927169409,21.187175581372827,-0.005214423469420787,14.782787400124093,0.0060133713714879316,0.09852465842486502,-0.00370639663764215,19.400649783728255,-0.011094230188243822,5316.403646776125,0.3326049940222008
2025-02-05,0.48,0.53125,0.59,0.6675,0.73625,0.77875,0.81625,0.8374607339251541,152.61,140.37,38831.48,107.579,0.7049275932114539,,,,0,0.5,0,0,0,0,0,0,0,1,-0.020000000000000018,0.08367271067258242,0.03125,0.09440496996311287,0.08999999999999997,0.1116155735456098,0.16749999999999998,0.12503428701621278,0.23624999999999996,0.1462479046298778,0.27875000000000005,0.15325877125174303,0.31625000000000003,0.1596037883626945,0.3374607339251541,0.16431797911894042,-0.020578693527322056,19.673811429320182,-0.008285109158329636,14.709646797956523,0.012507271340723044,0.10496963945947113,-0.003839302822348836,19.46022016140867,-0.008668800930156394,5352.849649528223,0.3574607339251541
2025-02-06,0.48,0.53,0.59125,0.6775,0.73,0.77,0.80625,0.830633783419201,151.46,140.51,39066.53,107.689,0.7110062062590782,,,,0,0.5,0,0,0,0,0,0,0,1,-0.020000000000000018,0.08212770774548306,0.030000000000000027,0.08987856094806063,0.09125000000000005,0.10617963933361252,0.1775,0.12844404363634054,0.22999999999999998,0.12776419828096908,0.27,0.13125106184576296,0.30625,0.1359883123243436,0.330633783419201,0.1435967561299596,-0.025805289698466606,19.295433137062872,-0.006629602878762417,15.037706272541897,0.019620657626277283,0.10894083617058314,-0.0025909494232476244,19.68337632628723,-0.001502594758363544,5599.618591591767,0.35063378341920104
2025-02-07,0.48375,0.5375,0.6,0.6825,0.74125,0.7875,0.82,0.8473574433334783,151.42,140.05,38787.02,108.04,0.7135120855897504,,,,0,0.5,0,0,0,0,0,0,0,1,-0.016249999999999987,0.08480773599805658,0.03749999999999998,0.09606747798828735,0.09999999999999998,0.11143155200419408,0.1825,0.1263208617593874,0.24124999999999996,0.13666484562474612,0.2875,0.14711420489006266,0.31999999999999995,0.14841914786934596,0.3473574433334783,0.15753920125322574,-0.02395003077954446,19.97143358619479,-0.0028680004522348445,15.418477941129694,0.021517770587714594,0.10832694563618628,-0.005411470613299805,19.208695530527763,-0.007609068535142188,5241.116869044163,0.3636074433334783
2025-02-10,0.48125,0.54,0.605,0.6825,0.745,0.785,0.825,0.8502504421547825,152.0,140.02,38801.17,108.319,0.7126250000000001,,,,0,0.5,0,0,0,0,0,0,0,1,-0.01874999999999999,0.07990725550266836,0.040000000000000036,0.09436466462668636,0.10499999999999998,0.11072496002570753,0.1825,0.12092575808349149,0.245,0.13355114277567626,0.28500000000000003,0.13541202472445713,0.32499999999999996,0.1457556900308148,0.3502504421547825,0.15105040995827923,-0.018404907975460086,20.849892058384114,0.0003213765258457831,15.582772463437522,0.018981357067397134,0.10530256189346221,-0.0052571753339015394,19.374286110776396,-0.006752458907894071,5351.406657418585,0.3690004421547825
2025-02-12,0.4825,0.53375,0.5975,0.6675,0.7275,0.775,0.81375,0.8374493358619638,154.41,139.79,38963.7,107.938,0.6990350365908944,,,,0,0.5,0,0,0,0,0,0,0,1,-0.017500000000000016,0.0809209120813919,0.03374999999999995,0.08519622581455083,0.09750000000000003,0.09850616817473024,0.16749999999999998,0.10296227157400717,0.22750000000000004,0.11128726566313762,0.275,0.12248779684319178,0.31375,0.12903544721010962,0.3374493358619638,0.13294086055753584,-0.0016906799248729333,23.202727935826005,-0.002582300728764273,15.0659158504712,-0.0009756147186700162,0.09110041170418426,-0.0065841603507762365,19.224372594131367,-0.0032163302890275067,5536.33876541075,0.3549493358619638
2025-02-13,0.48375,0.545,0.60625,0.675,0.72625,0.77125,0.80625,0.8344671267480793,152.8,139.68,39461.47,107.313,0.7023102094240837,,,,0,0.5,0,0,0,0,0,0,0,1,-0.016249999999999987,0.08102233050124735,0.04500000000000004,0.09728931270701646,0.10624999999999996,0.10774421986170635,0.17500000000000004,0.11430310433278512,0.22624999999999995,0.1143016256121111,0.27125,0.12042214943258012,0.30625,0.12305500609510522,0.3344671267480793,0.13194635567246482,-0.010926414996633967,20.67842048036124,-0.007542870248944083,14.54918612718889,0.0033383050258461106,0.09929782077649574,-0.007044806676571471,19.25124132710033,0.008206407574766565,5982.809876588864,0.3507171267480793
2025-02-14,0.48375,0.5475,0.61625,0.69,0.7425,0.7975,0.84,0.8624698547679058,152.34,139.7,39149.43,106.71,0.7004726270185112,,,,0,0.5,0,0,0,0,0,0,0,1,-0.016249999999999987,0.07970874766257119,0.04749999999999999,0.0947866759702275,0.11624999999999996,0.11330775809016713,0.18999999999999995,0.12636398093429246,0.24250000000000005,0.1310967786534416,0.2975,0.14751727379285595,0.33999999999999997,0.15897271041618988,0.36246985476790583,0.16033934033428343,-0.013006365506406138,20.625950436136634,-0.012093087845578714,14.218167262697165,0.0008414967679972578,0.09738507136377916,-0.0064223380724452534,19.374873405567428,-0.0005024495003529615,5461.972857384622,0.3787198547679058
2025-02-17,0.4825,0.5525,0.62625,0.70125,0.75625,0.815,0.8575,0.883119060028527,151.5,139.38,39174.25,106.575,0.7034653465346535,,,,0,0.5,0,0,0,0,0,0,0,1,-0.017500000000000016,0.07761623455383088,0.05249999999999999,0.09681398876226088,0.12624999999999997,0.11727328960232541,0.20125000000000004,0.13021056673307896,0.25625,0.1379621844746527,0.31499999999999995,0.15409087225519902,0.35750000000000004,0.1628675487771185,0.383119060028527,0.16908853329714413,-0.016916817535868114,20.053545509565367,-0.012075253771286135,14.407777032799842,0.004836609890349506,0.10128124546096762,-0.008126841348685587,19.0998371601939,-0.0007907104278126017,5548.765716313981,0.40061906002852704
2025-02-18,0.485,0.56,0.635,0.71,0.7625,0.82,0.8625,0.8929765384605879,152.06,138.93,39270.4,107.054,0.7040247270814153,,,,0,0.5,0,0,0,0,0,0,0,1,-0.015000000000000013,0.07991549211081,0.06000000000000005,0.10069581984978149,0.135,0.11935350885499818,0.20999999999999996,0.13155921238538082,0.26249999999999996,0.1361926297288858,0.31999999999999995,0.14833943337740918,0.36250000000000004,0.1563624314093881,0.3929765384605879,0.16651736224931102,-0.012148379133372342,21.04568858190487,-0.006579252619173586,15.058035451025006,0.005543672686655373,0.10097396627614819,-0.010575793184488732,18.81239073881906,0.0011920105844318491,5639.922706407524,0.4079765384605879
2025-02-19,0.4825,0.55875,0.63125,0.70125,0.75625,0.81125,0.85375,0.8839382158972875,151.47,138.98,39164.61,107.173,0.7075526506899056,,,,0,0.5,0,0,0,0,0,0,0,1,-0.017500000000000016,0.07593764531411651,0.05874999999999997,0.09464813775846237,0.13124999999999998,0.10906206868924018,0.20125000000000004,0.11602780130520307,0.25625,0.1241156364357674,0.31125,0.13317122758090094,0.35375,0.14079063108869772,0.3839382158972875,0.14845105196476638,-0.014681871109174087,20.38945567095871,-0.005064587297174031,15.069055365883656,0.009662901194949764,0.10410184492305563,-0.009454301832060395,19.108327983574156,-0.0016789625280234288,5492.949498886912,0.4014382158972875
2025-02-20,0.48125,0.5525,0.6275,0.69625,0.745,0.8025,0.845,0.87536570666849,149.65,138.94,38678.04,106.372,0.7108052121617107,,,,0,0.5,0,0,0,0,0,0,0,1,-0.01874999999999999,0.07483587766012073,0.05249999999999999,0.08668570346933624,0.12749999999999995,0.10368105578435582,0.19625000000000004,0.11123907729765392,0.245,0.1124044010944173,0.3025,0.1244450468621563,0.345,0.13181501137678364,0.37536570666849,0.13901457725097088,-0.0243377688531322,18.83345898553725,-0.0116771719093774,14.217113478553344,0.012875166008671083,0.10579436472030745,-0.009004832296142998,19.145992123389178,-0.012863691261201113,5034.976294598477,0.39411570666849
2025-02-21,0.48125,0.55,0.625,0.695,0.74375,0.79,0.8325,0.8633805245098847,149.29,139.24,38776.94,106.612,0.7141268671712774,,,,0,0.5,0,0,0,0,0,0,0,1,-0.01874999999999999,0.0749504448149621,0.050000000000000044,0.08529953969243609,0.125,0.10094833269860426,0.19499999999999995,0.11075612535217161,0.24375000000000002,0.11430735705887674,0.29000000000000004,0.11403186358650974,0.3325,0.12122462107353194,0.3633805245098847,0.12846267551697133,-0.024532080538666907,19.302952503444914,-0.008786499815679298,14.7709452312385,0.01603144953502159,0.10730250635340532,-0.0062661471045831795,19.51776539218747,-0.008844663491097977,5333.5071756341495,0.38213052450988466
2025-02-25,0.48,0.53625,0.60875,0.66875,0.725,0.765,0.8075,0.8330524841136018,149.03,139.66,38237.79,106.308,0.7133328859961082,,,,0,0.5,0,0,0,0,0,0,0,1,-0.020000000000000018,0.07341243514667994,0.036250000000000004,0.07217890548614381,0.10875000000000001,0.0846861263847789,0.16874999999999996,0.08437255461996362,0.22499999999999998,0.09614397808616515,0.265,0.0936967736662625,0.3075,0.10074885532148758,0.3330524841136018,0.10213737585971083,-0.02400848745219257,19.47056502902555,-0.011091131838701742,14.469190535393253,0.013129142707376786,0.10450267870565477,-0.002909311581915854,19.865007837216723,-0.020504756103371255,4814.478590921717,0.3530524841136018
2025-02-26,0.47875,0.52875,0.60375,0.6675,0.72375,0.76375,0.80625,0.8321133249406772,149.09,139.72,38142.37,106.416,0.7137702059158897,,,,0,0.5,0,0,0,0,0,0,0,1,-0.02124999999999999,0.07227070203611152,0.028750000000000053,0.06991119602987939,0.10375000000000001,0.08545916923124564,0.16749999999999998,0.09295552965728793,0.22375,0.10212238121846495,0.26375000000000004,0.10324244105341585,0.30625,0.11017456663990188,0.33211332494067725,0.11372595614248782,-0.021879612924389093,19.844077971762488,-0.00966040833267813,14.725696008509715,0.012380594589973625,0.10445038364331372,-0.0020641530187344194,19.75790234211209,-0.02116448859144289,4954.4281005433,0.35336332494067724
2025-02-27,0.47875,0.53,0.60375,0.68,0.735,0.78125,0.83375,0.8580631401715164,149.81,139.52,38256.17,107.244,0.7158667645684533,,,,0,0.5,0,0,0,0,0,0,0,1,-0.02124999999999999,0.07251022870829793,0.030000000000000027,0.07539247712551045,0.10375000000000001,0.08862865988392299,0.18000000000000005,0.10838498023344123,0.235,0.11565936984976244,0.28125,0.12428483022249703,0.33375,0.1411265275780721,0.3580631401715164,0.14343664596871297,-0.015308369320161034,20.710737718893057,-0.0016658451476152403,15.570139986691544,0.013748999213658523,0.10596617984963808,-0.002901533667795674,19.494526332871544,-0.017284866687036292,5185.35212415272,0.3793131401715164
2025-02-28,0.47875,0.525,0.6,0.66375,0.715,0.7525,0.81125,0.8288798779895163,150.63,139.77,37155.5,107.614,0.7144260771426675,,,,0,0.5,0,0,0,0,0,0,0,1,-0.02124999999999999,0.07231574380447842,0.025000000000000022,0.07121762381276797,0.09999999999999998,0.08576399655157785,0.16374999999999995,0.088254192502223,0.21499999999999997,0.09199686516099714,0.25249999999999995,0.09004165029955424,0.31125,0.10908393887253331,0.32887987798951634,0.10544860118406985,-0.008422778035606811,21.356206925738547,0.001958499548199762,15.634874086025661,0.010375348810399889,0.10332639025304868,-0.0006220639653359437,19.803599329867453,-0.042780958138505985,4095.8031091929006,0.35012987798951634
2025-03-03,0.47875,0.5275,0.60375,0.67,0.7275,0.7675,0.82375,0.8464767791487529,149.51,139.44,37785.47,106.747,0.7139789980603305,,,,0,0.5,0,0,0,0,0,0,0,1,-0.02124999999999999,0.07202477171463917,0.02749999999999997,0.07617448752086875,0.10375000000000001,0.09130168230993174,0.17000000000000004,0.09998043899355391,0.22750000000000004,0.11146109343183175,0.26749999999999996,0.11519552091808438,0.32375,0.12797584505882176,0.34647677914875286,0.13235895744370985,-0.01423819555019326,19.91118482226682,-0.005627792529469914,14.542825434164243,0.008644349034016707,0.10293302261390924,-0.002421688600178011,19.389775772169656,-0.024379103516375615,5189.848818758986,0.36772677914875285
2025-03-04,0.47875,0.52375,0.59625,0.665,0.7225,0.7625,0.81875,0.8419731386400775,149.81,139.33,37331.18,105.743,0.7058474067151725,,,,0,0.5,0,0,0,0,0,0,0,1,-0.02124999999999999,0.07170405964048343,0.02375000000000005,0.07222838719358904,0.09624999999999995,0.0827854342631682,0.16500000000000004,0.09380404059645575,0.22250000000000003,0.10321006061561189,0.26249999999999996,0.10690304379103399,0.31875,0.1192383295106354,0.3419731386400775,0.12300726411146301,-0.010498713668142992,20.588933367373897,-0.013773575403050532,13.807072946715635,-0.003380494157968299,0.09479640043998938,-0.00273062704215444,19.392686785942033,-0.03331172919372853,4635.413769396229,0.3632231386400775
2025-03-05,0.47875,0.51875,0.59,0.66,0.72125,0.7625,0.81875,0.8431176201646142,148.88,139.2,37418.24,104.303,0.7005843632455669,,,,0,0.5,0,0,0,0,0,0,0,1,-0.02124999999999999,0.07137093623808655,0.018750000000000044,0.06881094854223291,0.08999999999999997,0.07922813263310491,0.16000000000000003,0.09059234230594782,0.22124999999999995,0.10322622223517364,0.26249999999999996,0.10840180596980176,0.31875,0.12016568318749299,0.3431176201646142,0.12478521191236513,-0.014728120419177402,19.65406826523528,-0.025073035632415332,12.830522047137663,-0.010555460792614909,0.09265490596758619,-0.0031081255281664747,19.338680969145514,-0.0296730322755344,4915.3405099638185,0.3643676201646142
2025-03-06,0.48,0.5325,0.60625,0.6775,0.7375,0.78,0.83625,0.8686826580549499,147.97,138.48,37704.93,104.062,0.7032641751706427,,,,0,0.5,0,0,0,0,0,0,0,1,-0.020000000000000018,0.07230133894968332,0.03249999999999997,0.08504435676902267,0.10624999999999996,0.09863011024259416,0.1775,0.11053071615575571,0.23750000000000004,0.12015861933914285,0.28,0.1262900636131712,0.33625000000000005,0.13760323854743306,0.36868265805494993,0.14979044420470344,-0.018681981868463326,19.149807387638816,-0.025550481760792363,13.315210123716682,-0.007035043866036407,0.09828247419899439,-0.007564383257307447,18.702221754633626,-0.02085041941270411,5240.74632100133,0.38868265805494995
2025-03-07,0.48,0.545,0.6125,0.67875,0.725,0.77125,0.825,0.8543150722703896,148.03,138.62,36887.17,103.838,0.7014659190704586,,,,0,0.5,0,0,0,0,0,0,0,1,-0.020000000000000018,0.07146823135595187,0.04500000000000004,0.09285354803574453,0.11250000000000004,0.09935631180531601,0.17874999999999996,0.10550936432051816,0.22499999999999998,0.10129379195407051,0.27125,0.11068658433060696,0.32499999999999996,0.11915600417188776,0.3543150722703896,0.12484670386360852,-0.016790871292126752,19.720224053215617,-0.025941924983701185,13.44406340813839,-0.009331966045901299,0.09644021605167385,-0.005937697206127036,19.166496711093487,-0.039662183002049524,4344.925762107938,0.3743150722703896
2025-03-10,0.48,0.54875,0.6175,0.6875,0.74,0.78875,0.845,0.8777720168481642,147.27,138.22,37028.27,103.975,0.706016160793101,,,,0,0.5,0,0,0,0,0,0,0,1,-0.020000000000000018,0.07095181007215423,0.04874999999999996,0.09032409814071835,0.11750000000000005,0.10034065611937037,0.1875,0.11195546220845942,0.24,0.11930230128657215,0.28874999999999995,0.12960064426163753,0.345,0.14130165168468178,0.3777720168481642,0.15065420755831993,-0.02047576131454581,19.140087094587983,-0.02295480643275861,13.848219444155035,-0.0025542716927980267,0.10193892832228202,-0.007991617234907728,18.820714173498004,-0.03342415167977748,4807.840117457163,0.3977720168481642
2025-03-11,0.48,0.53625,0.60625,0.67,0.7225,0.77125,0.8275,0.8520578866960002,147.78,138.82,36793.11,103.289,0.6989376099607525,,,,0,0.5,0,0,0,0,0,0,0,1,-0.020000000000000018,0.07064383414331576,0.036250000000000004,0.07421285785017262,0.10624999999999996,0.08556521579952758,0.17000000000000004,0.08986070741439744,0.22250000000000003,0.09620481906181066,0.27125,0.10502380738473616,0.3275,0.1157869323746904,0.35205788669600024,0.11534054458834553,-0.01589235948097601,20.07507555363307,-0.027229640163778098,13.250644662529595,-0.01153706001265484,0.09343224179762177,-0.003245447756907334,19.628529156293325,-0.037056717289237394,4619.807064108463,0.37205788669600026
2025-03-12,0.48,0.53375,0.605,0.66375,0.71625,0.755,0.80625,0.8393926031440901,148.25,138.4,36819.09,103.612,0.6989005059021922,,,,0,0.5,0,0,0,0,0,0,0,1,-0.020000000000000018,0.07036935366543523,0.03374999999999995,0.07505604400389942,0.10499999999999998,0.0872791193641913,0.16374999999999995,0.08883695616276766,0.21625000000000005,0.09519180951013295,0.255,0.09346779316910303,0.30625,0.09889354672788742,0.33939260314409014,0.1097226662277806,-0.011528280625954202,20.523899718405545,-0.02201993677845757,13.931761503682921,-0.01062936565914214,0.09592186825877258,-0.005682838689283048,19.052587141729205,-0.03387089128649531,4783.858597190461,0.35939260314409016
2025-03-13,0.48,0.54375,0.61375,0.68125,0.7225,0.76625,0.81875,0.853845319035484,147.82,138.25,36790.03,103.828,0.7023948044919497,,,,0,0.5,0,0,0,0,0,0,0,1,-0.020000000000000018,0.07011810704920496,0.043749999999999956,0.0864839398660398,0.11375000000000002,0.09688247176993847,0.18125000000000002,0.10982319410132513,0.22250000000000003,0.10501293509941456,0.26625,0.11199191119084195,0.31875,0.12042693676926552,0.353845319035484,0.13039392724201382,-0.012225232961019076,19.967082124160015,-0.018076516416775587,14.168689830424682,-0.00591919963835119,0.1001565524708995,-0.006210733642911599,19.052702414527175,-0.031872474209580025,4806.564077251918,0.373845319035484
2025-03-14,0.48,0.52125,0.60125,0.665,0.7075,0.75375,0.80375,0.8401741497453,148.63,138.14,37053.1,103.718,0.6978268182735653,,,,0,0.5,0,0,0,0,0,0,0,1,-0.020000000000000018,0.06987444008233679,0.02124999999999999,0.06028205441801293,0.10124999999999995,0.08099124280853698,0.16500000000000004,0.08761513982983593,0.20750000000000002,0.08863921748621095,0.25375000000000003,0.09713352772837269,0.30374999999999996,0.10296637532907071,0.3401741497453,0.1127165106698439,-0.005426890880012895,20.9538648432368,-0.017446533784452555,14.033862912460918,-0.012070718109255415,0.09458345035608129,-0.006451520098966401,19.054968705546216,-0.02185023551968121,5120.66189415814,0.36017414974530004
2025-03-17,0.48,0.52375,0.5975,0.6575,0.69625,0.72625,0.7675,0.8098738608391421,149.22,138.3,37396.52,103.37,0.6927355582361614,,,,0,0.5,0,0,0,0,0,0,0,1,-0.020000000000000018,0.06963837619044272,0.02375000000000005,0.07062777718015212,0.09750000000000003,0.08112359902105981,0.15749999999999997,0.08498082970764642,0.19625000000000004,0.08318812858791513,0.22624999999999995,0.07434852783842905,0.26749999999999996,0.07242999259153793,0.30987386083914215,0.08695691366385816,-0.0004354087818601851,21.297399176022083,-0.019191566015277144,13.758701421097783,-0.018741117501674256,0.09114757000877849,-0.004799700648355376,19.31063741290542,-0.010494994610003435,5393.905810821139,0.32987386083914216
2025-03-18,0.47875,0.52375,0.60125,0.66,0.7,0.735,0.77875,0.818702812354553,149.27,138.34,37845.42,103.244,0.6916594091244054,,,,0,0.5,0,0,0,0,0,0,0,1,-0.02124999999999999,0.06815680382919426,0.02375000000000005,0.07163307809200581,0.10124999999999995,0.08717498078470454,0.16000000000000003,0.09153479678557819,0.19999999999999996,0.09312639873118411,0.235,0.0955046463710516,0.27875000000000005,0.09986333976455897,0.318702812354553,0.1090331824659514,0.0006468977398802082,21.072248769959003,-0.018836581418488405,13.818501491905408,-0.01944558599182177,0.09260744444201341,-0.004139221826296779,19.335228888717296,0.0031463776301237823,5702.643066612058,0.339952812354553
2025-03-19,0.4775,0.525,0.6075,0.67375,0.7175,0.7625,0.80375,0.8462427697598982,148.69,138.11,37751.88,103.428,0.6955948617929921,2025-03-19,0.5," ""MPM""",1,0.5,0,0,0,0,0,0,0,1,-0.02250000000000002,0.06718430507022793,0.025000000000000022,0.07350928328184358,0.10750000000000004,0.09264396172927081,0.17374999999999996,0.10559733150901263,0.21750000000000003,0.1113329023705657,0.26249999999999996,0.12353406227827735,0.30374999999999996,0.12556404224328932,0.3462427697598982,0.1371597396279639,-0.0021140230193617514,20.397483350897744,-0.015391528186069295,14.133924955794015,-0.01327674729893853,0.09786787542478614,-0.005501389748980959,19.10467969837063,0.0026848970758024575,5395.3096759476975,0.3687427697598982
2025-03-21,0.5375,0.6175,0.68125,0.7275,0.775,0.82,0.8669644151563586,0.8917707523710796,149.31,138.03,37677.06,104.088,0.6971267832027325,,,,0,0.5,0,0,0,0,0,0,1,1,0.03749999999999998,0.12763410716468648,0.11750000000000005,0.16587401624205095,0.18125000000000002,0.16375974814660876,0.22750000000000004,0.15420693600475777,0.275,0.16262382373277495,0.31999999999999995,0.17118787293299775,0.3669644151563586,0.18025118885858749,0.3917707523710796,0.1727815659881815,0.0027737294908561686,21.214999146461935,-0.007651308912004091,14.792204996269291,-0.010371867058736581,0.09846979199403738,-0.005737377229851712,19.128696044132184,0.0026784354675247445,5291.044081260479,0.35427075237107963
2025-03-24,0.53625,0.615,0.68125,0.7275,0.77375,0.81875,0.8654083416810555,0.8920474818080947,150.71,137.84,37608.49,104.262,0.6918054541835312,,,,0,0.5,0,0,0,0,0,0,1,1,0.036250000000000004,0.10242383169072211,0.11499999999999999,0.12644192069763216,0.18125000000000002,0.13341259224711843,0.22750000000000004,0.13127295090531554,0.27375000000000005,0.1368530608455084,0.31875,0.14452554725980582,0.3654083416810555,0.15152555658270572,0.3920474818080947,0.15234958554805778,0.011816045652903789,22.42373114127045,-0.004991647186311385,14.733672702203307,-0.016599727236199933,0.09248349933752698,-0.00671247338250289,19.011611651746662,0.0022800321078282827,5231.1117096579255,0.3557974818080947
2025-03-25,0.54,0.62,0.6875,0.74,0.7875,0.83625,0.8861341488896739,0.9151836606355088,149.91,137.48,37780.54,104.184,0.694976986191715,,,,0,0.5,0,0,0,0,0,0,1,1,0.040000000000000036,0.09942485720334288,0.12,0.12139678147572891,0.1875,0.13030527281805715,0.24,0.13656412994691436,0.2875,0.14351092264793874,0.33625000000000005,0.15454135460374996,0.3861341488896739,0.16453594148358341,0.4151836606355088,0.1687411387268397,0.006235694484531599,21.02417493989347,-0.004582775395278175,14.53929204634585,-0.010744948434007421,0.09765545850571455,-0.008678033075311708,18.7644327046187,0.00820384127912065,5426.882147517052,0.3751836606355088
2025-03-26,0.545,0.63375,0.6975,0.74875,0.7975,0.84625,0.8965898289488141,0.9250817842118434,150.6,137.39,38027.29,104.547,0.6942031872509961,,,,0,0.5,0,0,0,0,0,0,1,1,0.04500000000000004,0.09913656012128802,0.13375000000000004,0.12754537446469516,0.1975,0.13269946032737812,0.24875000000000003,0.1363509548654922,0.2975,0.1440534861044077,0.34624999999999995,0.15336112423497494,0.3965898289488141,0.16241852362508846,0.4250817842118434,0.16569911632707057,0.01033479919092698,21.853727862804107,-0.00027348635819456453,14.900521933316014,-0.010499201272961844,0.09622925199080246,-0.008515551706718676,18.86776420447572,0.01507366355047824,5609.89041880735,0.38008178421184335
2025-03-27,0.54125,0.62875,0.6925,0.745,0.795,0.84375,0.893058463232739,0.9222705647631306,151.06,137.39,37799.97,104.335,0.6906858202038925,,,,0,0.5,0,0,0,0,0,0,1,1,0.04125000000000001,0.09042041411035345,0.12875000000000003,0.1127617080018245,0.1925,0.1195639482121923,0.245,0.12496100584282532,0.29500000000000004,0.13329524648056046,0.34375,0.1420183629673133,0.39305846323273896,0.1494296013028391,0.42227056476313063,0.15372365472192884,0.012751578862682435,22.041602565288002,-0.001307054408592712,14.542240961432682,-0.013890428671379509,0.09299798595592612,-0.007681279274269217,18.980105566194453,0.009467059321178571,5265.498006807273,0.3810205647631306
2025-03-28,0.5375,0.625,0.68125,0.73,0.775,0.8225,0.8692179301670169,0.8955746485189714,149.84,137.77,37120.33,104.044,0.6943673251468232,,,,0,0.5,0,0,0,0,0,0,1,1,0.03749999999999998,0.08550687423803077,0.125,0.10637186214369465,0.18125000000000002,0.10623061533437927,0.22999999999999998,0.1076718281224407,0.275,0.11031170255828349,0.3225,0.11744461181702925,0.3692179301670169,0.12241012795171857,0.3955746485189714,0.12370361672952102,0.004562230364140366,20.550715054508203,-0.002564912514481721,14.295884354695673,-0.007110399365838992,0.09822211013963655,-0.004307416561872162,19.41909433707059,-0.007177292795269665,4637.278455950356,0.3580746485189714
2025-03-31,0.53,0.615,0.67125,0.71875,0.75125,0.8,0.840847490016545,0.862593020398316,149.96,138.4,35617.56,104.21,0.6949186449719924,,,,0,0.5,0,0,0,0,0,0,1,1,0.030000000000000027,0.07809304770043146,0.11499999999999999,0.09533066002631319,0.17125,0.09850129223783444,0.21875,0.10029639027460746,0.25125,0.0922008087638686,0.30000000000000004,0.10086221662359285,0.340847490016545,0.10094436655529959,0.362593020398316,0.09877686568856114,0.005592586135214538,21.054841105190548,0.0006592002120195793,14.586570155326356,-0.004934234818727584,0.09783442549541888,0.000741155841573362,19.938404971953332,-0.04540717131377994,3411.8505118479916,0.33259302039831595
2025-04-01,0.5225,0.6125,0.6775,0.72125,0.755,0.80375,0.846704435247193,0.8698558239510654,149.62,138.27,35624.48,104.26,0.696831974334982,,,,0,0.5,0,0,0,0,0,0,1,1,0.022499999999999964,0.07286293163460689,0.11250000000000004,0.09523669938057888,0.1775,0.10824732497705081,0.22124999999999995,0.107368133674836,0.255,0.10599487682597697,0.30374999999999996,0.11414894039518586,0.34670443524719297,0.11895870294933497,0.3698558239510654,0.12038376970428821,0.0032756325793007355,20.75132706718898,0.002336156589788433,14.611075646902194,-0.000968038881054921,0.09941054522708515,0.00022424930735903697,19.54340607792321,-0.042448777922365934,4102.014886039331,0.34735582395106546
2025-04-02,0.515,0.60875,0.6725,0.71875,0.75125,0.8,0.8411004591300194,0.8636723231247916,149.25,138.58,35725.87,103.807,0.6955242881072027,,,,0,0.5,0,0,0,0,0,0,1,1,0.015000000000000013,0.06850147677578333,0.10875000000000001,0.09223205010970226,0.1725,0.1011085270148705,0.21875,0.10474901069308595,0.25125,0.10337231275675185,0.30000000000000004,0.11133288578135891,0.3411004591300194,0.1142864589652196,0.3636723231247916,0.1153045030625548,0.0009825389746049098,20.54072129542365,-0.0010892973647086128,14.14353666783964,-0.002104394902120027,0.09726639253851177,0.0027387546444867165,19.83223458543563,-0.037647277965076845,4424.023100086844,0.34867232312479157
2025-04-03,0.495,0.575,0.6375,0.6675,0.69875,0.7475,0.7808279135086276,0.7948426753916722,146.07,139.75,34735.93,102.072,0.6987882522078456,,,,0,0.5,0,0,0,0,0,0,1,1,-0.0050000000000000044,0.05219119481996792,0.07499999999999996,0.05965370209941867,0.13749999999999996,0.06713630732308573,0.16749999999999998,0.054324553648270824,0.19874999999999998,0.05301582314504327,0.24750000000000005,0.060853430218756444,0.28082791350862757,0.05699007261183364,0.2948426753916722,0.04991436809973415,-0.019420930029604672,17.56319895943605,-0.0167293380657586,12.59244785523508,0.0027077370565973535,0.10081888004769735,0.011003479732907098,20.860550064477763,-0.06092082932407139,3517.1814595318174,0.2998426753916722
2025-04-04,0.485,0.5275,0.57,0.5925,0.6,0.61,0.6315687434857015,0.6416135601391821,146.91,141.65,33780.58,103.023,0.7012660812742495,,,,0,0.5,0,0,0,0,0,0,1,1,-0.015000000000000013,0.05127792512671908,0.02749999999999997,0.025573908681820523,0.06999999999999995,0.01344173107660862,0.09250000000000003,-0.00016744984089378523,0.09999999999999998,-0.02401152104552462,0.10999999999999999,-0.05502092736544928,0.13156874348570147,-0.06716949018791463,0.14161356013918214,-0.07454204115368923,-0.013430931435095024,19.750989100676776,-0.007071350573023226,14.296526757213684,0.006407506552721186,0.10203425566484159,0.023575106133140764,22.246086947151483,-0.08187816941772108,3028.3986890194574,0.15661356013918215
2025-04-07,0.475,0.4925,0.52,0.52875,0.53,0.53125,0.544222855202728,0.549838017455127,147.84,142.27,31136.58,103.256,0.6984307359307359,,,,0,0.5,0,0,0,0,0,0,1,1,-0.025000000000000022,0.04815950158381438,-0.007500000000000007,0.01329656275170693,0.020000000000000018,-0.005745687393599375,0.028750000000000053,-0.02794596800868232,0.030000000000000027,-0.04788205581079796,0.03125,-0.07222333606358045,0.04422285520272795,-0.08710519116074145,0.04983801745512695,-0.09611904619866096,-0.00712220576828144,20.773262320826802,-0.0045465237795920205,14.392395921869024,0.0025567702128059776,0.09783413746907244,0.026701306199033104,21.94126820351366,-0.14707399041873145,940.379931131356,0.07483801745512697
2025-04-08,0.47875,0.51,0.5425,0.5575,0.57125,0.585,0.6091799644308089,0.6224070560459762,146.29,141.04,33012.58,102.955,0.703773326953312,,,,0,0.5,0,0,0,0,0,0,1,1,-0.02124999999999999,0.05862086304792774,0.010000000000000009,0.05225247111948267,0.04249999999999998,0.04665709975049448,0.057499999999999996,0.03833394679963764,0.07125000000000004,0.036718461567977645,0.08499999999999996,0.03295875903697576,0.1091799644308089,0.03480059881584996,0.12240705604597624,0.036320245444451116,-0.01720842584723698,18.986855826475193,-0.006960104787387022,14.020406482372394,0.010388394570101931,0.10382126758258758,0.01679030502267289,20.145661804350368,-0.0906832881875836,4096.2522472525125,0.14365705604597623
2025-04-09,0.4725,0.48,0.4975,0.49875,0.5,0.50125,0.5189466995615662,0.5322702070825258,147.74,141.34,31714.03,102.9,0.696493840530662,,,,0,0.5,0,0,0,0,0,0,1,1,-0.027500000000000024,0.05365825479936481,-0.020000000000000018,0.02348055181850056,-0.0025000000000000022,0.0039931151253772,-0.0012499999999999734,-0.01761329102142306,0.0,-0.03407871276971275,0.0012499999999999734,-0.051862678198207335,0.01894669956156625,-0.05875084692198451,0.032270207082525815,-0.05893472080016893,-0.00745383760106683,21.04934259383296,-0.007304368294902916,14.088683342013226,0.00011287463477208248,0.09446282490311209,0.018028335386100144,20.683336128454798,-0.12029770491092075,2503.401010430178,0.05977020708252584
2025-04-10,0.48,0.51,0.545,0.58125,0.59125,0.61625,0.6449824546813048,0.6673536312902109,144.46,140.28,34609.0,100.867,0.6982348054824865,,,,0,0.5,0,0,0,0,0,0,1,1,-0.020000000000000018,0.06490775181075709,0.010000000000000009,0.06822513074584186,0.04500000000000004,0.07347271740866113,0.08125000000000004,0.09347216553619009,0.09125000000000005,0.09091225930058644,0.11624999999999996,0.10248660596743275,0.14498245468130477,0.10924457337971893,0.16735363129021086,0.11796022525917627,-0.02825238799946197,17.395520069119016,-0.025626956749378645,12.127593858594949,0.0026606915838020932,0.09847402888067036,0.00970985597166952,19.491059376435743,-0.03704364469116925,5961.75119684064,0.18735363129021088
2025-04-11,0.475,0.5025,0.5275,0.53,0.5325,0.535,0.5574504073337324,0.5741292413036176,143.53,141.07,33585.58,100.102,0.6974291088970948,,,,0,0.5,0,0,0,0,0,0,1,1,-0.025000000000000022,0.058593884491249804,0.0024999999999999467,0.054488083271204135,0.02749999999999997,0.04547067188636039,0.030000000000000027,0.020294623587801097,0.03249999999999997,0.008627088061891941,0.03500000000000003,-0.009634024992953516,0.05745040733373241,-0.012553121991551452,0.07412924130361764,-0.013069140838425364,-0.03311316274322887,17.729479950871294,-0.03127346768137373,12.218100921972052,0.001860915296682321,0.09748956408322718,0.014366658996778577,20.63457877708865,-0.061334570816863436,4003.0916118236637,0.09912924130361767
2025-04-14,0.475,0.50875,0.53875,0.56375,0.56875,0.58375,0.6064763390717671,0.623587123439779,143.0,141.12,33982.36,99.64,0.6967832167832168,,,,0,0.5,0,0,0,0,0,0,1,1,-0.025000000000000022,0.06080918269238195,0.008750000000000036,0.06373400304491122,0.03874999999999995,0.0633038741257359,0.06374999999999997,0.07157114405191789,0.06874999999999998,0.06555400193421168,0.08374999999999999,0.0673200235695981,0.10647633907176712,0.06654134493451935,0.12358712343977896,0.06777466512155672,-0.034853270700035015,17.96313696591426,-0.03383797296026265,12.338534378737549,0.0010081201123182699,0.09718798634114267,0.013640183592992444,20.441854241813473,-0.04615209940380928,4609.090311545828,0.14858712343977898
2025-04-15,0.4775,0.5175,0.565,0.59375,0.61375,0.6175,0.6482926794207411,0.672290167639449,143.25,140.45,34267.54,100.215,0.6995811518324607,,,,0,0.5,0,0,0,0,0,0,1,1,-0.02250000000000002,0.06425271705909447,0.01749999999999996,0.07154597372452765,0.06499999999999995,0.08790724749712986,0.09375,0.09395222810285786,0.11375000000000002,0.10316996716105009,0.11750000000000005,0.09088394811090761,0.1482926794207411,0.09862512526258116,0.17229016763944904,0.1068049701205036,-0.03121417774937357,18.756666977532163,-0.02677379616487781,13.346970734780768,0.004533718234946165,0.10036416918455393,0.008049322285103173,19.681065214972875,-0.03390494208038878,4784.5892992327645,0.19479016763944906
2025-04-16,0.4775,0.51125,0.5475,0.57,0.57625,0.58625,0.6106812735806075,0.628039715873691,141.84,141.11,33920.4,99.38,0.7006486181613085,,,,0,0.5,0,0,0,0,0,0,1,1,-0.02250000000000002,0.06390323070511444,0.011249999999999982,0.062270743888240776,0.04749999999999999,0.060631650144579996,0.06999999999999995,0.05790024627983381,0.07625000000000004,0.04790663286324259,0.08625000000000005,0.04611825706156225,0.11068127358060753,0.04459969547734599,0.128039715873691,0.04344721140146557,-0.03833376272933134,17.521602279249493,-0.033068606107779994,12.494653998227292,0.00541762097288249,0.10045766791056887,0.011780564578000741,20.559759320952594,-0.03837121509308482,4310.743207862899,0.15053971587369103
2025-04-17,0.47875,0.51375,0.54625,0.585,0.605,0.62875,0.6543922225041868,0.6725512133583396,142.43,140.84,34377.6,99.376,0.6977181773502773,,,,0,0.5,0,0,0,0,0,0,1,1,-0.02124999999999999,0.06535441905657835,0.01375000000000004,0.0668271514758062,0.04625000000000001,0.06416571741647936,0.08499999999999996,0.07944513221493577,0.10499999999999998,0.08739138496174181,0.12875000000000003,0.09828257146585484,0.15439222250418683,0.09981344762748179,0.17255121335833956,0.10133985772997978,-0.032279981791127774,18.832627361427924,-0.031197797928660877,12.89966110573475,0.0010599860083589292,0.09685794964262329,0.008857227791566879,20.070681832010592,-0.02072595337296096,4877.057430595429,0.19380121335833955
2025-04-18,0.48,0.50875,0.545,0.5725,0.59875,0.61375,0.6380934771206845,0.6545574817600179,142.18,141.08,34730.28,98.76640510949808,0.6945348678807914,,,,0,0.5,0,0,0,0,0,0,1,1,-0.020000000000000018,0.06634959591733547,0.008750000000000036,0.06160734534822776,0.04500000000000004,0.06474612240229016,0.07250000000000001,0.06273529471325223,0.09875,0.07255292995250684,0.11375000000000002,0.06932138288845291,0.13809347712068454,0.06953986666594436,0.15455748176001793,0.06945650552333837,-0.031633004028619155,18.640889126779854,-0.034636523434380104,12.462344960541913,-0.003321986065907835,0.09460107702970633,0.009473654082830163,20.353816748270987,-0.006509825497131847,5081.576965591099,0.17455748176001795
2025-04-21,0.48125,0.5125,0.555,0.58375,0.6075,0.62,0.6459610959035785,0.6637582935189676,140.88,140.96,34279.92,98.278,0.6976007950028393,,,,0,0.5,0,0,0,0,0,0,1,1,-0.01874999999999999,0.06718384397194926,0.012499999999999956,0.06763772242347094,0.05500000000000005,0.07627223638958014,0.08374999999999999,0.07835102699148455,0.10750000000000004,0.08217173578921821,0.12,0.0785372304258315,0.14596109590357853,0.08101325725890673,0.16375829351896765,0.08303040959927932,-0.037264321786610016,17.56094937599417,-0.03659286746722515,12.332907353913384,0.0006616103925395194,0.09916004114386423,0.007490422551318188,20.131932851117313,-0.014701928961165565,4459.607334384396,0.18250829351896763
2025-04-22,0.48125,0.51125,0.555,0.59,0.61625,0.62625,0.6546214454714654,0.6757224950706369,141.59,140.7,34220.6,98.918,0.698622784094922,,,,0,0.5,0,0,0,0,0,0,1,1,-0.01874999999999999,0.06666577857945322,0.011249999999999982,0.06581477168694516,0.05500000000000005,0.07321286568739865,0.08999999999999997,0.0815998301508487,0.11624999999999996,0.08775044112096886,0.12624999999999997,0.08303858277181164,0.1546214454714654,0.08754936910551403,0.17572249507063686,0.09260743524049109,-0.029653844308750853,18.925052904850446,-0.027809708363258297,13.329815257459018,0.0018656148158754935,0.09944720332617663,0.004476237390503388,19.88066907926867,-0.011348891690114233,4529.952060607022,0.19447249507063685
2025-04-23,0.4825,0.51625,0.56,0.6025,0.625,0.64,0.6694152922521732,0.6926011815550402,143.46,140.48,34868.63,99.844,0.6959710023699985,,,,0,0.5,0,0,0,0,0,0,1,1,-0.017500000000000016,0.06782735828222947,0.016249999999999987,0.07151460183244035,0.06000000000000005,0.0777699897351119,0.10250000000000004,0.09126953431580864,0.125,0.0923758396419605,0.14,0.09419853031243564,0.16941529225217322,0.09878060793076426,0.19260118155504025,0.104607054722759,-0.014427040395713069,20.7719466058617,-0.01643562680582346,14.169919170690832,-0.0020636899510518393,0.09629456065208264,0.00180064537982919,19.75228412255595,0.011990512629757491,5233.068410749645,0.21010118155504026
2025-04-24,0.4825,0.51625,0.56,0.60125,0.61875,0.62875,0.6574241673129929,0.6805216894944484,142.63,140.69,35039.15,99.377,0.6967468274556545,,,,0,0.5,0,0,0,0,0,0,1,1,-0.017500000000000016,0.06732804620600724,0.016249999999999987,0.0699461548839147,0.06000000000000005,0.07578144153924032,0.10124999999999995,0.08437839665697655,0.11875000000000002,0.08149898996400007,0.12875000000000003,0.07695551413410562,0.1574241673129929,0.08014302605968993,0.18052168949444836,0.08468212491677996,-0.01728349128590965,19.27972648839784,-0.018639502272987475,13.373975831583579,-0.001385187576221632,0.09799706889543569,0.002119059066545675,20.068196523826543,0.021030117330978974,5169.5410988951335,0.19802168949444837
2025-04-25,0.4825,0.52,0.5675,0.615,0.645,0.66,0.6904723283435822,0.7150637949189218,143.69,140.43,35705.74,99.471,0.6922611176839029,,,,0,0.5,0,0,0,0,0,0,1,1,-0.017500000000000016,0.06721340870792392,0.020000000000000018,0.07345408218316196,0.0675,0.08283022806806911,0.11499999999999999,0.0969635867669747,0.14500000000000002,0.10875926624689436,0.16000000000000003,0.11103873479667592,0.1904723283435822,0.11610678893128645,0.2150637949189218,0.12174818505037988,-0.007878147634139234,20.533932345063334,-0.015488264232475436,13.594297215878512,-0.0076645671036645316,0.09344840151621536,-0.0006795919601781558,19.75449349851658,0.0426031888221237,5708.306967450582,0.23256379491892182
2025-04-28,0.48125,0.515,0.57,0.60875,0.6425,0.65625,0.6872959343213944,0.7092825513181776,142.01,140.63,35839.99,99.01,0.6972044222237871,,,,0,0.5,0,0,0,0,0,0,1,1,-0.01874999999999999,0.06593352714376288,0.015000000000000013,0.06696349925286282,0.06999999999999995,0.08222530258783678,0.10875000000000001,0.08460333660827857,0.14249999999999996,0.095808295000679,0.15625,0.09543833766575316,0.18729593432139435,0.10034684280189299,0.20928255131817763,0.10256529097337552,-0.01677934828138914,18.48587985714991,-0.01752274875918483,13.140525500440404,-0.0007421971844203947,0.10022588298074908,-4.977353043654943e-05,20.046335053207315,0.046183527847433986,5529.723519754014,0.22803255131817762
2025-04-30,0.47625,0.505,0.55875,0.595,0.62375,0.63875,0.6688747581543637,0.691433823712601,143.07,140.65,36045.38,99.468,0.6952400922625289,,,,0,0.5,0,0,0,0,0,0,1,1,-0.023749999999999993,0.06143650706117354,0.0050000000000000044,0.05860547270513139,0.05874999999999997,0.06911455143392298,0.09499999999999997,0.07141345953679401,0.12375000000000003,0.07497640978084175,0.13875000000000004,0.0761430441928802,0.1688747581543637,0.07968911651537469,0.19143382371260098,0.08319443361913614,-0.007189152429461656,20.133266635168383,-0.010625719979071187,13.80667144726435,-0.0034438595081429852,0.09685911541497749,-0.0007530762454175633,20.010169957847864,0.05153297421821178,5577.310009204077,0.21518382371260097
2025-05-01,0.47625,0.49,0.5175,0.555,0.575,0.58875,0.6123587520847272,0.632611269812301,145.44,141.17,36452.3,100.248,0.6892739273927393,2025-05-01,0.5," ""MPM""",1,0.5,0,0,0,0,0,0,1,1,-0.023749999999999993,0.06360350810181392,-0.010000000000000009,0.04809446427142694,0.01749999999999996,0.031697930934690755,0.05500000000000005,0.03667130590868406,0.07499999999999996,0.03247878988360253,0.08875,0.032024394564663994,0.11235875208472723,0.029253099059534438,0.13261126981230098,0.03033893345235339,0.010593021599480175,22.250855919362323,-0.0010992636703570657,14.484236990306457,-0.011552963984321108,0.09140730894545657,0.0020193703397438346,20.508278327285126,0.06227826067266967,5829.523594369159,0.15636126981230097
2025-05-02,0.48625,0.51,0.525,0.55375,0.5675,0.583862645837625,0.6064419439685315,0.6233293672077016,144.96,141.19,36830.69,100.03,0.6900524282560706,,,,0,0.5,0,0,0,0,0,1,1,1,-0.013749999999999984,0.07431100980030791,0.010000000000000009,0.07560775856617313,0.025000000000000022,0.05673066019009221,0.053749999999999964,0.052893695633709936,0.0675,0.045975129869586184,0.08386264583762504,0.04860203440759758,0.10644194396853146,0.04742766954140276,0.1233293672077016,0.04603840632064804,0.007646322813846755,20.795109554578247,-0.0022564211467224152,13.954521525485234,-0.009816334126279481,0.09470907046382593,0.0016494333398363867,20.309352098076744,0.07003914140308139,5976.227153878055,0.13707936720770159
2025-05-07,0.4875,0.51,0.5375,0.56,0.57375,0.5917984910638479,0.6175539819566389,0.6359211382235515,143.82,140.81,36779.66,99.614,0.6926296759838688,,,,0,0.5,0,0,0,0,0,1,1,1,-0.012500000000000011,0.07196131635675379,0.010000000000000009,0.0702939837530202,0.03749999999999998,0.0717378839399258,0.06000000000000005,0.06521579710331682,0.07374999999999998,0.061790314345617325,0.09179849106384785,0.06524097259307748,0.11755398195663891,0.06844301870791936,0.13592113822355145,0.07013220488061589,0.0007967683909107233,19.566238303470527,-0.004713659636836207,13.546953549410304,-0.005501912006306977,0.09777655942820096,-0.0007486756247538869,19.850984427850193,0.06392148857934954,5681.764466870489,0.14842113822355146
2025-05-08,0.48625,0.5075,0.535,0.5625,0.5775,0.5973548646478437,0.6237358488439777,0.6440307688996616,145.92,140.62,36928.63,100.64,0.6896929824561404,,,,0,0.5,0,0,0,0,0,1,1,1,-0.013749999999999984,0.0692851893901546,0.007499999999999951,0.06697540960207071,0.03500000000000003,0.06636718219085291,0.0625,0.06844558732913136,0.07750000000000001,0.0675137360649023,0.09735486464784371,0.07192339896277788,0.1237358488439777,0.07502875719611102,0.1440307688996616,0.07858661885148921,0.016088768500691044,22.03925660402635,0.006853383506335187,14.733279308907868,-0.009096913334418824,0.09416608070801269,-0.0015124296152179805,19.770526347852723,0.05935618187098057,5749.035866157603,0.15778076889966158
2025-05-09,0.48625,0.50875,0.53875,0.56875,0.59875,0.6221202189082602,0.6515696443025045,0.6730442010369093,145.36,140.35,37503.33,100.339,0.690279306549257,,,,0,0.5,0,0,0,0,0,1,1,1,-0.013749999999999984,0.06920242710954677,0.008750000000000036,0.06905006867161556,0.03874999999999995,0.07116238644400324,0.06874999999999998,0.07509201790491082,0.09875,0.08936847052677588,0.12212021890826019,0.09631179531231304,0.15156964430250452,0.10220194914286918,0.17304420103690932,0.10628830938827727,0.012517152748270772,20.722585243891217,0.005157365628058916,14.072218179548187,-0.007292228652700615,0.0958772522283543,-0.0031854032535857677,19.593466774689986,0.06895698059634832,6206.569006868711,0.1867942010369093
2025-05-12,0.485,0.5175,0.5725,0.61625,0.65875,0.6896231067487996,0.7219989950335021,0.7451512437849696,148.46,140.03,37644.26,101.788,0.6856257577798733,,,,0,0.5,0,0,0,0,0,1,1,1,-0.015000000000000013,0.06777119060425113,0.01749999999999996,0.07759691084912973,0.07250000000000001,0.10408266040393821,0.11624999999999996,0.12095035180531011,0.15874999999999995,0.14206329585189648,0.18962310674879956,0.15476362899701068,0.22199899503350207,0.1623259614053858,0.24515124378496955,0.16748487599953388,0.03385121066302703,23.8321130295612,0.02024114146723743,15.549344403676898,-0.013213455560471958,0.09137554122842018,-0.004995274740110727,19.407362971552118,0.06398170384679126,6057.237518711416,0.26015124378496957
2025-05-13,0.48625,0.52,0.5775,0.62875,0.66125,0.69875,0.7347812643645422,0.7639857946062878,147.48,139.39,38183.26,101.003,0.6848589639273123,,,,0,0.5,0,0,0,0,0,0,1,1,-0.013749999999999984,0.06938528769985486,0.020000000000000018,0.07666541836024088,0.07750000000000001,0.09570806231494577,0.12875000000000003,0.11450341682018295,0.16125,0.11909885637333284,0.19874999999999998,0.13482597744406855,0.23478126436454216,0.14452868491648507,0.2639857946062878,0.1548831001797195,0.02594782608695645,21.568427334587312,0.012303935744680698,14.179309607447081,-0.013367371447447408,0.09264182241514318,-0.009229610096063419,18.938775143703452,0.07379216077722649,6428.642798818379,0.2777357946062878
2025-05-14,0.48,0.515,0.56875,0.6225,0.65625,0.6875,0.7247673544841932,0.7561499123670371,146.75,139.46,38128.13,101.039,0.6885110732538331,,,,0,0.5,0,0,0,0,0,0,1,1,-0.020000000000000018,0.06268586531066223,0.015000000000000013,0.06972824790181897,0.06874999999999998,0.08117592708326216,0.12250000000000005,0.09787977513141244,0.15625,0.10549864563355449,0.1875,0.11110261871917193,0.22476735448419316,0.12008217299391688,0.2561499123670371,0.1298997398916687,0.01972747045048675,20.825469046761498,0.012189467850053778,14.353645583866609,-0.007468425801371616,0.09730395546148429,-0.008164542558033654,19.325357163059834,0.06543653429163042,6072.135347630159,0.2761499123670371
2025-05-15,0.48125,0.515,0.565,0.61875,0.655,0.68625,0.7257695648529325,0.7587706771546332,145.67,139.18,37755.51,100.879,0.6925173336994578,,,,0,0.5,0,0,0,0,0,0,1,1,-0.01874999999999999,0.06629144990518315,0.015000000000000013,0.07098588286912788,0.06499999999999995,0.07845819188248693,0.11875000000000002,0.09245582106790728,0.15500000000000003,0.10204430551705523,0.18625000000000003,0.10865972858214112,0.22576956485293254,0.11870550788565559,0.2587706771546332,0.12837498756379362,0.011284707156468727,19.933703067563115,0.009959833895407232,14.182439985890028,-0.0013861013584523648,0.10036031401989876,-0.009472567984001375,19.12818641377517,0.049491522596910885,5597.172884216368,0.2775206771546332
2025-05-16,0.48,0.51125,0.56125,0.6075,0.64875,0.67375,0.7120511888225578,0.7422680892222208,145.63,139.53,37753.72,101.092,0.6941701572478198,,,,0,0.5,0,0,0,0,0,0,1,1,-0.020000000000000018,0.06520635879628661,0.011249999999999982,0.06743316206051164,0.06125000000000003,0.07582880618778609,0.10750000000000004,0.0810580859549177,0.14875000000000005,0.09434150013506903,0.17374999999999996,0.09457612773625101,0.2120511888225578,0.1019663913757175,0.24226808922222076,0.10744936884496092,0.010172477776968487,20.329335406747333,0.011648181776735647,14.447993000789907,0.0013879552379887838,0.10031936769455818,-0.006656462463959009,19.644510562166204,0.04438145085781457,5672.062114983259,0.2622680892222208
2025-05-19,0.48125,0.515,0.56625,0.61625,0.66875,0.7025,0.7420168948058374,0.7719487177982866,144.86,139.25,37498.63,100.426,0.6932624603065027,,,,0,0.5,0,0,0,0,0,0,1,1,-0.01874999999999999,0.06714702952925866,0.015000000000000013,0.07275109825244597,0.06625000000000003,0.08239426662197236,0.11624999999999996,0.09357579863183241,0.16874999999999996,0.11558018381752011,0.2025,0.12686066612691171,0.24201689480583743,0.1353530760642231,0.27194871779828655,0.1410044471261952,0.0037799389527733112,19.68687411609656,0.004457674704244497,13.706188488487172,0.0006116180330855283,0.09829012027488138,-0.007993047046419614,19.295358640927702,0.03221621849573045,5407.624740606891,0.29069871779828654
2025-05-20,0.48,0.5075,0.55625,0.61,0.65,0.67875,0.71851220204141,0.7525211518404331,144.51,139.15,37529.49,100.118,0.6928101861462874,,,,0,0.5,0,0,0,0,0,0,1,1,-0.020000000000000018,0.06568251795899305,0.007499999999999951,0.06423721621517109,0.05625000000000002,0.07077627408944892,0.10999999999999999,0.08454795657708891,0.15000000000000002,0.0886193343746623,0.17874999999999996,0.0919640145613152,0.21851220204140998,0.09999001435146748,0.2525211518404331,0.10973641840944748,0.000633575338339592,19.697003111585644,0.0010056222632836857,13.640634794528424,0.00031313910352879083,0.09779147910549613,-0.008108348926311957,19.31045526319467,0.028603542769233856,5521.255945860503,0.27252115184043313
2025-05-21,0.48,0.50625,0.55,0.605,0.645,0.67625,0.7153797772590474,0.7491393928439988,143.68,139.14,37298.98,99.559,0.6929217706013363,,,,0,0.5,0,0,0,0,0,0,1,1,-0.020000000000000018,0.06621432931406612,0.006249999999999978,0.06582343214490277,0.050000000000000044,0.0681059600245586,0.10499999999999998,0.08124011518537522,0.14500000000000002,0.08840043477254633,0.17625000000000002,0.09543786968009704,0.21537977725904744,0.10240556517747257,0.24913939284399877,0.11017935482024477,-0.005630011038558665,19.125542057227108,-0.004977660244830387,13.271182315207952,0.000590772406422851,0.09797717662886851,-0.007493375086043631,19.3833244226999,0.01869979762005556,5289.370610298742,0.2691393928439988
2025-05-22,0.48,0.505,0.55,0.6075,0.6375,0.68875,0.7287647395719519,0.7625682745453312,144.01,138.65,36985.87,99.96,0.6941184639955559,,,,0,0.5,0,0,0,0,0,0,1,1,-0.020000000000000018,0.06641581722414486,0.0050000000000000044,0.06594903737662317,0.050000000000000044,0.07160070880234026,0.10750000000000004,0.08602589928350624,0.13749999999999996,0.08355852843446876,0.18874999999999997,0.10976777533845516,0.22876473957195187,0.11762051075075286,0.26256827454533116,0.12494467625954153,-0.0044244728655376065,19.89391648784732,-0.0018089466717728165,13.966253309751735,0.002570891575294443,0.09910844879989145,-0.010173121542030934,18.936941057429465,0.006429254089109587,5061.750179091898,0.2825682745453312
2025-05-23,0.48,0.50625,0.54625,0.595,0.6375,0.6675,0.7093257899644522,0.7454267806678271,142.56,138.74,37160.47,99.112,0.6952300785634119,,,,0,0.5,0,0,0,0,0,0,1,1,-0.020000000000000018,0.06654577029492625,0.006249999999999978,0.06834923462721604,0.04625000000000001,0.06912481018334149,0.09499999999999997,0.07321633123601501,0.13749999999999996,0.08727757928376123,0.16749999999999998,0.08397528315427061,0.20932578996445217,0.09318139193383446,0.24542678066782708,0.10246242306321462,-0.014779006002135622,18.474529058498447,-0.010372852551925526,13.066160346604278,0.004422586957343706,0.099712229621023,-0.008837166105860212,19.25046459155442,0.007151853134616171,5380.362797190221,0.2654267806678271
2025-05-26,0.47875,0.50875,0.54875,0.6,0.63,0.66625,0.7049759746719308,0.7384549912551633,142.85,139.1,37531.53,99.112,0.6938186909345467,,,,0,0.5,0,0,0,0,0,0,1,1,-0.02124999999999999,0.06539297632557606,0.008750000000000036,0.07091473907471052,0.04874999999999996,0.07385818014371703,0.09999999999999998,0.08325112858930395,0.13,0.08095504044734902,0.16625,0.08984422368672296,0.20497597467193085,0.09502254075645977,0.23845499125516334,0.1005128310911595,-0.01256670445433691,19.40173418361111,-0.010011062361252305,13.420655233441707,0.00253937784777178,0.09768813117188357,-0.005775223718443699,19.65428209531487,0.013551109303074743,5724.088917037017,0.25970499125516333
2025-05-27,0.47875,0.51,0.5525,0.605,0.6375,0.68375,0.7188476008010711,0.747192231374745,144.33,139.45,37724.11,99.521,0.6895378646158109,,,,0,0.5,0,0,0,0,0,0,1,1,-0.02124999999999999,0.06597082873473425,0.010000000000000009,0.07140113472350829,0.05249999999999999,0.07756336409711406,0.10499999999999998,0.08779113089642099,0.13749999999999996,0.09205484934274522,0.18374999999999997,0.1095881176863912,0.21884760080107113,0.11201506416369511,0.247192231374745,0.11295843346532897,-0.00292221922861684,20.98609260606382,-0.005997216380705724,13.950106902819684,-0.0031270355048320904,0.09374589787603449,-0.0028316862834833673,19.896985076126725,0.015071742577437442,5767.1919294168765,0.268442231374745
2025-05-28,0.47875,0.51375,0.55625,0.62125,0.6525,0.70125,0.7403018945787424,0.7748589229683753,144.84,138.85,37722.4,99.875,0.6895539906103286,,,,0,0.5,0,0,0,0,0,0,1,1,-0.02124999999999999,0.06618572165146397,0.01375000000000004,0.07457887545526054,0.05625000000000002,0.08014639086386177,0.12124999999999997,0.10229654598438287,0.15249999999999997,0.10533017962609081,0.20125000000000004,0.12104699664472485,0.2403018945787424,0.12902450235231033,0.27485892296837533,0.13825335859477228,0.0002037145096523592,20.998602865603118,-0.0026627282454403187,14.21196735123516,-0.0029086048744023135,0.0955166888647393,-0.006560919244170667,19.141379745124766,0.012279223053745469,5643.279322086724,0.2961089229683753
2025-05-29,0.48,0.52,0.5625,0.6225,0.6625,0.7,0.7401995277446642,0.7755557640822492,144.21,138.95,38432.98,99.278,0.6884266000970807,,,,0,0.5,0,0,0,0,0,0,1,1,-0.020000000000000018,0.06757127132006135,0.020000000000000018,0.07919394275740393,0.0625,0.08474642131382781,0.12250000000000005,0.09668001593791842,0.16249999999999998,0.1091524616508982,0.19999999999999996,0.111229942410497,0.24019952774466424,0.11923925943199032,0.27555576408224924,0.12734873715909245,-0.004902688025503611,20.05947408976897,-0.008756922391831436,13.474592331210715,-0.003906650641228203,0.0948976202265841,-0.005247596343148647,19.437928535219527,0.02777184961309739,6306.478100997454,0.29555576408224926
2025-05-30,0.47875,0.51875,0.56,0.625,0.65375,0.685,0.7243070495007128,0.7614673935487979,144.06,139.09,37965.1,99.329,0.6894974316257114,,,,0,0.5,0,0,0,0,0,0,1,1,-0.02124999999999999,0.06592174409958101,0.018750000000000044,0.07496569786425794,0.06000000000000005,0.07931503613337365,0.125,0.09660034530289685,0.15375000000000005,0.09459925092203691,0.18500000000000005,0.0938239215294987,0.22430704950071279,0.10022714327675397,0.2614673935487979,0.10934757648422311,-0.006277160791887953,20.063402319592512,-0.008178887068251978,13.734039085979234,-0.001942601225863567,0.09667953354341297,-0.0036889796210736463,19.590279716177946,0.012660490027427626,5525.29095956494,0.2827173935487979
2025-06-02,0.47875,0.51625,0.5625,0.625,0.66,0.69625,0.736031844761204,0.7715069308252647,142.72,139.02,37470.67,98.706,0.6916059417040359,,,,0,0.5,0,0,0,0,0,0,1,1,-0.02124999999999999,0.06635068946153488,0.016249999999999987,0.07198684697917968,0.0625,0.08189993084398456,0.125,0.09436676954948142,0.16000000000000003,0.10223216900863819,0.19625000000000004,0.10960004165735371,0.23603184476120398,0.11657435096478841,0.27150693082526467,0.12294823513074138,-0.014596020271483245,18.81227285404273,-0.01364031537608293,13.153449073954718,0.0009405573319413578,0.09865815198006933,-0.00342300041219371,19.480174365154127,-0.0018832823127317576,5112.256633784706,0.29275693082526466
2025-06-03,0.47875,0.5175,0.56375,0.62375,0.6575,0.69375,0.7318219365568892,0.7656633870279099,144.01,139.16,37446.81,99.227,0.6890285396847442,,,,0,0.5,0,0,0,0,0,0,1,1,-0.02124999999999999,0.06648504411621614,0.01749999999999996,0.07386121304621751,0.06374999999999997,0.08199389043552219,0.12375000000000003,0.09206942204720814,0.15749999999999997,0.0970911189743644,0.19374999999999998,0.1034244090301385,0.2318219365568892,0.10844915643301256,0.2656633870279099,0.1134378007487451,-0.00536306907066611,20.67042171870841,-0.00803602088755616,13.954791702080769,-0.00271574843883132,0.09530003457860547,-0.0016930184510317253,19.643542575763988,-0.003336697791027803,5280.759073734585,0.2869133870279099
2025-06-04,0.47875,0.515,0.565,0.625,0.6625,0.69875,0.7395570224540613,0.7752096846540408,142.76,138.95,37747.45,98.787,0.6919795460913422,,,,0,0.5,0,0,0,0,0,0,1,1,-0.02124999999999999,0.06663582725818679,0.015000000000000013,0.0710123395438011,0.06499999999999995,0.0824203483908783,0.125,0.09320853269701657,0.16249999999999998,0.1021748453376673,0.19874999999999998,0.1083843912903355,0.2395570224540613,0.1167236914006401,0.27520968465404083,0.12409333111214327,-0.013635405763005811,19.08631769208013,-0.01202626275758941,13.40585707419325,0.0016025957408967633,0.09909959094203613,-0.0025340444929399125,19.386686608287135,0.003372716357155235,5637.374701428977,0.2964596846540408
2025-06-05,0.47875,0.51125,0.55625,0.62,0.65,0.69125,0.7272778003779097,0.759739750375122,143.54,139.35,37554.49,98.741,0.6878988435279365,,,,0,0.5,0,0,0,0,0,0,1,1,-0.02124999999999999,0.06676285212540312,0.011249999999999982,0.06819289360349001,0.05625000000000002,0.07287794255353264,0.12,0.08744045525917132,0.15000000000000002,0.08742931799430342,0.19125000000000003,0.09859851756871374,0.22727780037790968,0.10119637512098323,0.259739750375122,0.10474542026340972,-0.007430098641560843,20.315353637453967,-0.011547677025423406,13.533868799743857,-0.004174694485989024,0.09406989696309531,0.0007935966446303084,19.860392702282596,-0.0025860475762160087,5345.485834182295,0.28098975037512197
2025-06-06,0.47875,0.51125,0.555,0.62125,0.6525,0.6975,0.7325922917090992,0.7645536342654915,144.87,139.35,37741.61,99.19,0.6846828190791744,,,,0,0.5,0,0,0,0,0,0,1,1,-0.02124999999999999,0.06688103757507236,0.011249999999999982,0.06998854066885052,0.05500000000000005,0.07484638449766107,0.12124999999999997,0.09033358775257516,0.15249999999999997,0.09413256394412917,0.1975,0.10702890896389206,0.23259229170909923,0.11033034801692099,0.2645536342654915,0.11444906995070936,0.0019365101320978602,21.471247544012854,-0.006481558458729217,14.064389760475791,-0.00842864993310445,0.09226203797888188,0.001153104221223474,19.72159708151564,0.0020666144883227087,5583.819753814139,0.2858036342654915
2025-06-09,0.47875,0.51125,0.555,0.62125,0.6525,0.69625,0.7328006832200296,0.7668906121531098,144.6,139.17,38088.57,98.939,0.6842254495159059,,,,0,0.5,0,0,0,0,0,0,1,1,-0.02124999999999999,0.06699565565693189,0.011249999999999982,0.07063838535849493,0.05500000000000005,0.07627146090375675,0.12124999999999997,0.0902060065487661,0.15249999999999997,0.09417294003661325,0.19625000000000004,0.10369837319145214,0.23280068322002956,0.10925871046644109,0.26689061215310983,0.115956026361135,0.001405846381850059,20.656058746100513,-0.007579644444310731,13.680575868195064,-0.008990535578908223,0.09348107850099974,0.000168886748858105,19.50532813219462,0.01068251121126205,5865.070091987756,0.2881406121531098
2025-06-10,0.47875,0.5075,0.55125,0.61125,0.645,0.68375,0.7208080588279258,0.7552634320684267,144.85,139.14,38211.51,99.098,0.6841422160856058,,,,0,0.5,0,0,0,0,0,0,1,1,-0.02124999999999999,0.06709879682653497,0.007499999999999951,0.06728356431640503,0.05125000000000002,0.07317269806719545,0.11124999999999996,0.08021178689390085,0.14500000000000002,0.08686036545700615,0.18374999999999997,0.09109505143231023,0.22080805882792576,0.09689759829698108,0.2552634320684267,0.10327073647948792,0.0040515577182347225,20.861995422816506,-0.005034166872491238,13.92035439980613,-0.00905965267738736,0.09416954054726878,4.312389494998925e-05,19.52981808658518,0.013906729547273301,5828.885905378767,0.2765134320684267
2025-06-11,0.47875,0.49375,0.53375,0.59875,0.635,0.67,0.7056549432454869,0.7407705844029322,144.55,139.34,38421.19,98.631,0.6823313732272569,,,,0,0.5,0,0,0,0,0,0,1,1,-0.02124999999999999,0.06719189663812697,-0.006249999999999978,0.05532262933792731,0.03374999999999995,0.05758790104197686,0.09875,0.0717041970877702,0.135,0.07997334881972173,0.17000000000000004,0.08213807152696595,0.20565494324548694,0.08634065248009326,0.2407705844029322,0.09304846873114103,0.002736628155013316,20.420306872095125,-0.008524412187496848,13.418447114512375,-0.0112400371794611,0.09278995935363832,0.0015237766660917825,19.753369834893462,0.019074172735069492,5934.784162345168,0.2620205844029322
2025-06-12,0.4775,0.49125,0.5325,0.59375,0.63,0.6675,0.7027096386549617,0.7369726394987905,143.5,139.33,38173.09,97.921,0.6823763066202091,,,,0,0.5,0,0,0,0,0,0,1,1,-0.02250000000000002,0.06602172471499168,-0.00874999999999998,0.05899698702053935,0.03249999999999997,0.06408991728174707,0.09375,0.07288714283924813,0.13,0.07992899947087939,0.16749999999999998,0.08644795734021993,0.20270963865496172,0.090725693793412,0.23697263949879055,0.09617060251696474,-0.0037973716911839104,19.434688798223434,-0.014195956754732402,12.89681557390172,-0.010447837972786688,0.09383451359524075,0.0013979178570532572,19.67259185891922,0.011933231544678182,5554.346881948681,0.25947263949879057
2025-06-13,0.4775,0.4925,0.53375,0.595,0.62,0.6575,0.6883945034149948,0.7188871657797665,144.09,139.85,37834.25,98.184,0.6814074536747866,,,,0,0.5,0,0,0,0,0,0,1,1,-0.02250000000000002,0.06658915352645339,-0.007500000000000007,0.06332648198954222,0.03374999999999995,0.06843286071373811,0.09499999999999997,0.07826826834187883,0.12,0.07365362499963901,0.15749999999999997,0.07974821521856323,0.18839450341499475,0.08004646070803112,0.21888716577976652,0.08188697015271196,0.0008335069806209943,20.448230846361568,-0.01009923809581421,13.507002787422067,-0.010937551921561801,0.09326871623223687,0.005019708734724352,20.17787836075479,0.0028438548984599044,5257.508816676054,0.24138716577976654
2025-06-16,0.47875,0.5025,0.54875,0.61125,0.64375,0.6875,0.723660163648797,0.7598213927819483,144.74,138.93,38311.33,97.998,0.6770623186403205,,,,0,0.5,0,0,0,0,0,0,1,1,-0.02124999999999999,0.06804489132768932,0.0024999999999999467,0.07432652750127,0.04874999999999996,0.08457104988001385,0.11124999999999996,0.09582839734032333,0.14375000000000004,0.10298830254606173,0.1875,0.11532208466615324,0.22366016364879704,0.12275000694532834,0.25982139278194827,0.13175236347552666,0.0053902364480009615,20.986001683498642,-0.010763716091467847,13.339058846831463,-0.016087702408924404,0.08958001349498868,-0.0014769774787886678,19.042331344333576,0.014396865884629418,5862.419184849947,0.28107139278194826
2025-06-17,0.4775,0.4875,0.535,0.58,0.6175,0.6575,0.6959722158063045,0.7323450753758816,145.28,138.67,38536.74,98.82,0.680203744493392,2025-06-17,0.5," ""MPM""",1,0.5,0,0,0,0,0,0,1,1,-0.02250000000000002,0.06640541123680038,-0.012500000000000011,0.05613176432625461,0.03500000000000003,0.06574038875430382,0.07999999999999996,0.05900989065218043,0.11750000000000005,0.06936876932606395,0.15749999999999997,0.07546510785183991,0.19597221580630453,0.08369192411098136,0.23234507537588156,0.09104559963744219,0.008871373760872232,21.256553378268677,-0.001812132194740729,14.275391947702474,-0.010616292990192924,0.09478131438270798,-0.0031737131725272107,19.08478166036808,0.019006380765010746,5924.288634369521,0.2548450753758816
2025-06-18,0.48625,0.525,0.58,0.62,0.65375,0.6881215315941149,0.7271298903072365,0.7606322012006861,145.12,138.86,38885.15,98.905,0.6815394156560088,,,,0,0.5,0,0,0,0,0,1,1,1,-0.013749999999999984,0.07557491267929584,0.025000000000000022,0.09900074958518501,0.07999999999999996,0.11507948673803958,0.12,0.1101560275245499,0.15375000000000005,0.11444704268526162,0.18812153159411493,0.11563025019946305,0.22712989030723651,0.12314936924231912,0.2606322012006861,0.1270558492425029,0.007256662351769426,20.804479661918464,-0.0006234420264592804,14.088354602569495,-0.007852200990715895,0.09561150467830459,-0.0017074354319810416,19.45644763564613,0.02606742132796593,6132.505524884913,0.27438220120068607
2025-06-19,0.4825,0.51875,0.5725,0.6075,0.645,0.6764649230458533,0.7119863848042416,0.7416647598804591,145.47,139.33,38488.34,98.905,0.6798996356637107,,,,0,0.5,0,0,0,0,0,1,1,1,-0.017500000000000016,0.06843734744668889,0.018750000000000044,0.07931938774792724,0.07250000000000001,0.09071625554607327,0.10750000000000004,0.08473516310745333,0.14500000000000002,0.09354409178003231,0.17646492304585326,0.09407354216688935,0.2119863848042416,0.09746911480010123,0.2416647598804591,0.09841116450231358,0.009174630153141683,21.116950361829282,-9.048268722458947e-05,13.996524588799247,-0.009213889290153487,0.09351580988644803,0.0014267078267681701,19.920973048925475,0.013587517319656475,5536.207570936167,0.2591647598804591
2025-06-20,0.48375,0.52,0.575,0.6075,0.6475,0.6783515904730739,0.7121324919763655,0.740370727527348,146.09,139.43,38403.23,98.707,0.6756588404408241,,,,0,0.5,0,0,0,0,0,1,1,1,-0.016249999999999987,0.07020253527503462,0.020000000000000018,0.0794599436022212,0.07499999999999996,0.0914522266359552,0.10750000000000004,0.08656061678072724,0.14749999999999996,0.09643530150828272,0.17835159047307392,0.09813248952779308,0.21213249197636552,0.1008967967501434,0.240370727527348,0.10208942670189047,0.012236357085446571,21.557954710314235,-0.0018878856792697804,13.767736467271348,-0.013987736837381134,0.08990253637899637,0.0018970150755213918,19.85067341611952,0.009693889322011411,5530.372779420664,0.256620727527348
2025-06-23,0.485,0.52,0.5725,0.615,0.655,0.6870753288760463,0.7210455461419809,0.7516131163452641,146.16,139.3,38354.09,98.416,0.6733442802408319,,,,0,0.5,0,0,0,0,0,1,1,1,-0.015000000000000013,0.07088072703919834,0.020000000000000018,0.0778880359004166,0.07250000000000001,0.08635733783725974,0.11499999999999999,0.09397908001874389,0.15500000000000003,0.10237772683295998,0.18707532887604628,0.1061689237353125,0.2210455461419809,0.11005120433413784,0.25161311634526407,0.11465492645783815,0.011561393734492846,21.311262897075025,-0.0044801226799002876,13.542908445498597,-0.015895250429042558,0.08951709561738175,0.0008909582111860066,19.640370746126905,0.007312664649988645,5510.61107114327,0.2666131163452641
2025-06-24,0.48625,0.52125,0.57625,0.61875,0.6575,0.6900415570741443,0.7253004444075042,0.7565585780087141,144.93,139.25,38790.56,97.858,0.6752087214517353,,,,0,0.5,0,0,0,0,0,1,1,1,-0.013749999999999984,0.07139308489856594,0.02124999999999999,0.07829217321536386,0.07625000000000004,0.08975048362611293,0.11875000000000002,0.09463783090527478,0.15749999999999997,0.10121433390103785,0.19004155707414427,0.10541831858413064,0.22530044440750419,0.11082377558682832,0.25655857800871407,0.1156233119635669,0.002840447136891653,19.933135310147975,-0.009291248104924377,13.117481358674112,-0.012135928858246171,0.09297923947413589,0.0006035957058477155,19.612574146543068,0.01735116005469632,5966.375673615148,0.27030857800871405
2025-06-25,0.485,0.52,0.57125,0.6175,0.6575,0.6895038712812298,0.7232841174166471,0.7543421953292047,145.26,139.41,38942.07,97.679,0.6724425168663087,,,,0,0.5,0,0,0,0,0,1,1,1,-0.015000000000000013,0.06933114500453752,0.020000000000000018,0.07596194972536974,0.07125000000000004,0.08260453682245783,0.11750000000000005,0.09084262999421944,0.15749999999999997,0.09880883662462558,0.1895038712812298,0.1023893201596805,0.2232841174166471,0.10593485875398623,0.25434219532920466,0.11022636196192581,0.004977843580172908,20.672923063524692,-0.010002944278142491,13.204839389775572,-0.014949990862397584,0.09014679405302395,0.0015517910254750904,19.793396297848005,0.019693879502863654,5941.410455721969,0.26934219532920467
2025-06-26,0.485,0.52125,0.58,0.625,0.66875,0.7027447360782264,0.7389207600645418,0.7712860634822476,144.4,139.21,39584.58,97.147,0.6727631578947368,,,,0,0.5,0,0,0,0,0,1,1,1,-0.015000000000000013,0.06948031308176716,0.02124999999999999,0.07714295103555946,0.07999999999999996,0.09236993117727105,0.125,0.09782055480188667,0.16874999999999996,0.10892897403354351,0.2027447360782264,0.11475926531292813,0.23892076006454177,0.12122166945360724,0.2712860634822476,0.12683182332685372,-0.0010377032168800116,19.77099213132348,-0.014330444381763598,12.835601490741581,-0.013348347078657926,0.09178509547147273,2.1550640413300514e-05,19.535191383394704,0.03495750177825142,6465.033884795455,0.2862860634822476
2025-06-27,0.48375,0.52,0.58,0.63,0.6725,0.7080627710699345,0.7459168334486563,0.7805478189628563,144.66,139.07,40150.79,97.401,0.6733098299460805,,,,0,0.5,0,0,0,0,0,1,1,1,-0.016249999999999987,0.06815567053641458,0.020000000000000018,0.0751509202367614,0.07999999999999996,0.08881948775339082,0.13,0.09937212822953034,0.1725,0.1074760135494498,0.20806277106993454,0.11417699445485052,0.24591683344865634,0.12151986524259151,0.2805478189628563,0.12887898204915726,0.0005533268778531783,20.370601759370615,-0.010785777398616716,13.377023185140501,-0.011373106947461912,0.09273935360980745,-0.0009769693835037577,19.458610425664432,0.04677039752976432,6721.046292847663,0.2967978189628563
2025-06-30,0.48375,0.52,0.58,0.62625,0.67375,0.7095792578162561,0.7479927377064692,0.782443310343597,144.03,139.02,40487.39,96.875,0.6726029299451504,,,,0,0.5,0,0,0,0,0,1,1,1,-0.016249999999999987,0.06857073996143837,0.020000000000000018,0.07527520453250242,0.07999999999999996,0.08757588226068014,0.12624999999999997,0.09235612661684967,0.17374999999999996,0.10531746056770885,0.20957925781625608,0.1114870505437826,0.24799273770646924,0.1185132235249513,0.28244331034359704,0.12462858313784109,-0.004255230892077509,19.733394421945718,-0.015212238916880965,12.860514716127966,-0.011031329887894206,0.0921321368916248,-0.0013361493039093647,19.481076858226402,0.051411274982106236,6718.242095864189,0.29869331034359703
2025-07-01,0.48375,0.52,0.58,0.6275,0.67125,0.7057639886523779,0.7430694279745991,0.7762657690482713,143.44,139.22,39986.33,96.819,0.6749790853318461,,,,0,0.5,0,0,0,0,0,1,1,1,-0.016249999999999987,0.06864485825403654,0.020000000000000018,0.07515546038313115,0.07999999999999996,0.08680843105035191,0.12749999999999995,0.09375157539907164,0.17125,0.10073419290062702,0.20576398865237788,0.1052295324075313,0.24306942797459907,0.11062403081718353,0.27626576904827127,0.11520206839918845,-0.008138738875789102,19.41254118653677,-0.014575416751271256,13.05286413277662,-0.006511362742356678,0.09497412683430129,7.901787959108735e-05,19.726179849810265,0.034986532033767476,5946.581948323059,0.29251576904827126
2025-07-02,0.48,0.51625,0.57875,0.6225,0.6625,0.6964579860753404,0.7337320615171306,0.768012438600566,143.69,139.12,39762.48,96.776,0.6735054631498364,,,,0,0.5,0,0,0,0,0,1,1,1,-0.020000000000000018,0.06490951909917542,0.016249999999999987,0.07126653738314781,0.07874999999999999,0.08499677684852047,0.12250000000000005,0.08783133996239278,0.16249999999999998,0.0917798623745224,0.19645798607534037,0.09606943405347379,0.23373206151713055,0.10163906294928915,0.268012438600566,0.1076222897608341,-0.006729409975563991,19.985892634492444,-0.01400400405499715,13.127385638222634,-0.007330743190947542,0.09280182578230567,-0.0007003429884892099,19.566999594580267,0.026515558853487154,5798.218930152994,0.288012438600566
2025-07-03,0.48,0.51125,0.5725,0.61625,0.65625,0.6903924760826586,0.7275678222549835,0.7630865725325551,144.93,138.97,39785.9,97.18,0.6705306009797833,,,,0,0.5,0,0,0,0,0,1,1,1,-0.020000000000000018,0.0664056956713664,0.011249999999999982,0.0676416309048849,0.07250000000000001,0.07881467951591126,0.11624999999999996,0.08304941850484648,0.15625,0.08847292507247717,0.19039247608265863,0.09321188905892852,0.2275678222549835,0.09868029582140603,0.2630865725325551,0.10549437060005473,0.0013611270408269208,21.24306521227676,-0.009099905223128377,13.614978879337912,-0.010448781044184233,0.09032902451183622,-0.0016415406775218497,19.446476498839445,0.02417023108114515,5888.1165983789615,0.2830865725325551
2025-07-04,0.48,0.5075,0.56,0.60375,0.645,0.6775948208765362,0.7135819063038609,0.7483925767111148,144.56,139.12,39810.88,96.965,0.6707595462091865,,,,0,0.5,0,0,0,0,0,1,1,1,-0.020000000000000018,0.06684409817232978,0.007499999999999951,0.06622809245355737,0.06000000000000005,0.0686097920732005,0.10375000000000001,0.07324773604259294,0.14500000000000002,0.08027479923126157,0.17759482087653622,0.08345588230844492,0.21358190630386087,0.0877469254587081,0.2483925767111148,0.09321734875000542,-0.0010883272582792492,20.415099573344605,-0.010169332347909047,13.291531870033282,-0.009092871818187707,0.09193964194278703,-0.0004813667943127395,19.665405331118663,0.022091069176693297,5900.354682181111,0.2683925767111148
2025-07-07,0.4775,0.505,0.55375,0.59625,0.63625,0.6680774826035915,0.7027400962745565,0.7377398556485008,146.04,139.12,39587.68,97.48,0.6674883593536018,,,,0,0.5,0,0,0,0,0,1,1,1,-0.02250000000000002,0.06457082643367912,0.0050000000000000044,0.06597233755145399,0.053749999999999964,0.06789540561244695,0.09624999999999995,0.07150394621169143,0.13624999999999998,0.07691234870632346,0.16807748260359145,0.07994930046916149,0.20274009627455647,0.08337329086526712,0.23773985564850075,0.08908076607646709,0.008636676002058079,21.926020765754686,-0.0041705720553794285,13.885235119348906,-0.01270479605990551,0.08907144976567127,-0.0004634136703441083,19.628972348459058,0.014408598056152112,5650.5394219547525,0.2602398556485008
2025-07-08,0.4775,0.49625,0.53625,0.5775,0.6325,0.6649872159980716,0.7000417380502676,0.7352466691964975,146.57,138.96,39688.81,97.516,0.6653203247595006,,,,0,0.5,0,0,0,0,0,1,1,1,-0.02250000000000002,0.06571249052868128,-0.0037499999999999756,0.059063112559421704,0.036250000000000004,0.05459396688322227,0.07750000000000001,0.05759749273024506,0.13249999999999995,0.07840268979476506,0.16498721599807165,0.08258406546692598,0.2000417380502676,0.08705001554224834,0.2352466691964975,0.09282796542989147,0.011696249538396796,21.85283895206139,-0.002997163353326321,13.748008984230268,-0.014539826582008683,0.08849166469226744,-0.0015484047120361815,19.465186660619878,0.015078705869607068,5820.363939919858,0.2577466691964975
2025-07-09,0.47875,0.49875,0.55,0.6075,0.66,0.6964847958723681,0.7344786928710236,0.7735726170882168,146.31,138.69,39821.28,97.555,0.6667691887089058,,,,0,0.5,0,0,0,0,0,1,1,1,-0.02124999999999999,0.06736038204619343,-0.0012499999999999734,0.06585151236226816,0.050000000000000044,0.07697827004697189,0.10750000000000004,0.09699585562706858,0.16000000000000003,0.10939618010887453,0.1964847958723681,0.11749606649734723,0.23447869287102363,0.12495968996745388,0.2735726170882168,0.13446512319092474,0.009288545047546394,21.195293227564918,-0.002049504195933891,13.735390811689967,-0.011254245812207936,0.09140777964456115,-0.0032556434746987125,19.25948631365486,0.0166465154418267,5921.125690272747,0.2948226170882168
2025-07-10,0.47875,0.5,0.5525,0.615,0.6675,0.7045707454395727,0.7426186964846299,0.7818444928470709,146.26,138.73,39646.36,97.652,0.6676603309175442,,,,0,0.5,0,0,0,0,0,1,1,1,-0.02124999999999999,0.06709102895235264,0.0,0.0676334715475978,0.05249999999999999,0.07702906721665742,0.11499999999999999,0.09585785617310638,0.16749999999999998,0.10749685522687125,0.20457074543957265,0.11460772394222773,0.24261869648462986,0.12101876374590825,0.2818444928470709,0.12901077577943676,0.007984066325985431,21.08361185837252,-0.0009197693108073415,13.799590219638361,-0.008851328090162465,0.09236275814220485,-0.002753157505049922,19.4283968375168,0.010280786502286171,5678.900093413962,0.3030944928470709
2025-07-11,0.48125,0.51875,0.57625,0.63625,0.69,0.7291534181329749,0.7673836601128607,0.8059096881886432,147.41,138.57,39569.68,97.853,0.6638152092802387,,,,0,0.5,0,0,0,0,0,1,1,1,-0.01874999999999999,0.0695934386310148,0.018750000000000044,0.08646900319725392,0.07625000000000004,0.09987260853102953,0.13624999999999998,0.11244673501540825,0.18999999999999995,0.12468484507401723,0.22915341813297485,0.13318992958221543,0.26738366011286074,0.13945676786197825,0.30590968818864317,0.14616252063478008,0.014748653346412741,22.184829174345566,0.0013062117454681768,13.951356968957512,-0.013270986682674546,0.08840781578386547,-0.003444828801357891,19.297152843613404,0.006102172167238547,5644.135040898174,0.32465968818864316
2025-07-14,0.48125,0.52375,0.58625,0.6425,0.6925,0.7337654735132837,0.7749069238848674,0.8164057307516432,147.72,138.06,39459.62,98.081,0.6639656106146764,,,,0,0.5,0,0,0,0,0,1,1,1,-0.01874999999999999,0.06862555175460938,0.02375000000000005,0.0842473451310306,0.08625000000000005,0.10032198879855775,0.14249999999999996,0.10864967614132581,0.1925,0.1161612558198416,0.2337654735132837,0.1256373496545805,0.27490692388486737,0.1345747121679215,0.31640573075164324,0.1442106690675079,0.015840705834619963,21.99030594949707,0.003596662215605334,14.084773397638969,-0.012085805543674309,0.09020515502766913,-0.0068018891338832614,18.87310665994012,0.0018412628419591736,5566.351861756448,0.33515573075164323
2025-07-15,0.48,0.5225,0.585,0.63875,0.69,0.7318740498463858,0.7735595578556778,0.8157693791666115,148.88,137.92,39678.02,98.616,0.6623858140784524,,,,0,0.5,0,0,0,0,0,1,1,1,-0.020000000000000018,0.06712154453373198,0.022499999999999964,0.07901853805988923,0.08499999999999996,0.09231576375116995,0.13875000000000004,0.0990498423743682,0.18999999999999995,0.10879036395042752,0.23187404984638582,0.11759216385022997,0.27355955785567776,0.1257783844791841,0.3157693791666115,0.1347963444334258,0.02255205310567221,22.851724714409755,0.009176283497732746,14.49874538004427,-0.013128221936653228,0.08915677095835128,-0.007541304472972412,18.972604072192553,0.005928836820009009,5833.785789593654,0.33576937916661154
2025-07-16,0.48,0.525,0.59,0.64375,0.6925,0.7344162836178105,0.7767704743855866,0.8187901469607795,147.88,137.96,39663.4,98.392,0.6653502840140655,,,,0,0.5,0,0,0,0,0,1,1,1,-0.020000000000000018,0.06750587382869744,0.025000000000000022,0.08044814038488857,0.08999999999999997,0.09522510921587302,0.14375000000000004,0.10294937877942267,0.1925,0.10976128495071735,0.23441628361781053,0.11784420104289994,0.27677047438558655,0.12604475692281247,0.31879014696077945,0.1341081117137991,0.014721977294326316,21.24579627832472,0.0071483663472497,14.01827103847205,-0.007514607331560332,0.09311000825860083,-0.006931897525967578,19.152492917237254,0.004567159530598333,5743.840113561651,0.33879014696077947
2025-07-17,0.48,0.5225,0.585,0.64,0.68125,0.7219824528467269,0.7633215992075788,0.805819621977391,148.62,138.05,39901.19,98.734,0.6643385816175481,,,,0,0.5,0,0,0,0,0,1,1,1,-0.020000000000000018,0.06759073991077813,0.022499999999999964,0.07618961570714966,0.08499999999999996,0.08686726975194925,0.14,0.09602890362872996,0.18125000000000002,0.09613128382390401,0.2219824528467269,0.10262098822595522,0.2633215992075788,0.10922176782555915,0.305819621977391,0.11746031090211018,0.01869876346886744,22.155241364269344,0.010737563865932357,14.363752723889533,-0.007872272955477804,0.09136900493810884,-0.005826053766770387,19.292608341415843,0.00878483809751699,5964.993237586241,0.325819621977391
2025-07-18,0.48,0.52,0.585,0.635,0.6825,0.7217629897598146,0.760772252777985,0.7999907776500723,148.83,138.35,39819.11,98.482,0.6617079889807161,,,,0,0.5,0,0,0,0,0,1,1,1,-0.020000000000000018,0.06763088221243352,0.020000000000000018,0.07386472980230119,0.08499999999999996,0.08733134267378828,0.135,0.09102885321555654,0.1825,0.1005250881761478,0.22176298975981457,0.10575056741719269,0.260772252777985,0.1101420240617228,0.2999907776500723,0.11467519507201351,0.0191811215580466,22.04713863583089,0.00827396483296192,13.953999462970799,-0.01077032258770576,0.08910547101546717,-0.003277979899859605,19.59495571065304,0.004911076378961547,5776.449545461663,0.31999077765007233
2025-07-22,0.47875,0.51,0.57,0.62,0.6675,0.7043234357093008,0.7423029036260584,0.7808710977434254,146.64,138.6,39774.92,97.392,0.6641571194762684,,,,0,0.5,0,0,0,0,0,1,1,1,-0.02124999999999999,0.06640567284583199,0.010000000000000009,0.06462852185790047,0.06999999999999995,0.07195425122296173,0.12,0.0775028239215817,0.16749999999999998,0.08543665190605054,0.20432343570930078,0.0887609428583419,0.24230290362605844,0.09298631096412147,0.28087109774342545,0.09794185893550345,0.0040190889608566005,19.65030560544693,-0.0023626689093155856,12.908688490604078,-0.006426650025225532,0.09278240909418578,-0.0012250486416371515,19.743071035197616,0.0019994053489995637,5727.670815976046,0.30212109774342544
2025-07-23,0.48125,0.5425,0.6325,0.6775,0.7225,0.7681721045902079,0.8146176062262309,0.8582308674174085,146.51,137.62,41171.32,97.214,0.6635314995563443,,,,0,0.5,0,0,0,0,0,1,1,1,-0.01874999999999999,0.06942588137265931,0.04249999999999998,0.10119927527264566,0.13249999999999995,0.14006553066917232,0.1775,0.14112409605791565,0.22250000000000003,0.1462725205093025,0.2681721045902079,0.15953092447487371,0.3146176062262309,0.17284051775758358,0.3582308674174085,0.18332282277589307,0.0025867024334162666,20.289381501840296,-0.0038574471170079194,13.163226962474681,-0.0064947937545312045,0.09163485499508439,-0.007704315786817221,18.643630624032042,0.034076188727848435,7129.3339020526255,0.3769808674174085
2025-07-24,0.49,0.5525,0.65375,0.695,0.74125,0.7887996574494973,0.8363710452090491,0.8786306504603064,147.01,137.51,41826.34,97.377,0.6623835113257601,,,,0,0.5,0,0,0,0,0,1,1,1,-0.010000000000000009,0.07733578538067032,0.05249999999999999,0.09935694138419748,0.15375000000000005,0.13776447896082922,0.19499999999999995,0.137325947087798,0.24124999999999996,0.1446051297894828,0.2887996574494973,0.15651579141044314,0.33637104520904915,0.16777216671949868,0.3786306504603064,0.17503511171655528,0.0054062556635743435,21.028143530992068,-0.0020327879940989697,13.521439173673414,-0.007466231161296138,0.0907404060821504,-0.007817826954366655,18.891079274227536,0.04673653395632143,7220.121379680393,0.3886306504603064
2025-07-25,0.4825,0.54375,0.6475,0.69,0.7375,0.7852923748806195,0.833061101987247,0.876945622981719,147.67,137.43,41456.23,97.645,0.6612378953071038,,,,0,0.5,0,0,0,0,0,1,1,1,-0.017500000000000016,0.06612525707143507,0.043749999999999956,0.08327918966093706,0.14749999999999996,0.11616792696582556,0.18999999999999995,0.11923194814163696,0.23750000000000004,0.12748975586787537,0.28529237488061954,0.13798103116738858,0.33306110198724703,0.14807641346058287,0.37694562298171896,0.15696713051969957,0.008792004536045896,21.58349455084668,0.00045850292391662323,13.808972521827656,-0.008326555159195108,0.09020235872215165,-0.007757870682902002,18.956689207755602,0.035050183588935524,6413.35171467295,0.394445622981719
2025-07-28,0.48125,0.53625,0.635,0.6725,0.715,0.7593712048753951,0.8045289187972267,0.8453493700387118,148.55,137.81,40998.27,98.634,0.6639784584315045,,,,0,0.5,0,0,0,0,0,1,1,1,-0.01874999999999999,0.06672402852068926,0.036250000000000004,0.07633916922818973,0.135,0.09997242697072506,0.1725,0.09840043155647915,0.21499999999999997,0.10111970983939855,0.2593712048753951,0.10737961532625184,0.30452891879722666,0.11417152677304165,0.3453493700387118,0.11921487654259866,0.013457044907984004,22.189263848681193,0.009953728117106032,14.722919351842535,-0.0035192095988684463,0.09366798786176012,-0.004561493482806734,19.436575110189338,0.022534353335269337,5928.536450582134,0.3640993700387118
2025-07-29,0.48,0.53,0.63125,0.67625,0.72125,0.7661551686123582,0.8114153625294483,0.8523975594452211,148.46,137.9,40674.55,98.886,0.6660784049575642,,,,0,0.5,0,0,0,0,0,1,1,1,-0.020000000000000018,0.06625473844929441,0.030000000000000027,0.07237769225667934,0.13124999999999998,0.09823169004937216,0.17625000000000002,0.10652742729366349,0.22124999999999995,0.11359303355212114,0.2661551686123582,0.12129388775489769,0.31141536252944835,0.12882723740718605,0.3523975594452211,0.13494843011270474,0.011314790972690558,21.664147075731194,0.011492653876820748,14.572053587327957,0.00012198416067100278,0.09499809462120912,-0.003508315538838981,19.42736766257447,0.014223763576800873,5725.555893840239,0.3723975594452211
2025-07-30,0.48125,0.5275,0.63,0.675,0.71875,0.7634527831632467,0.8084806557189527,0.8484884466906857,149.5,137.98,40654.7,99.815,0.6676588628762542,,,,0,0.5,0,0,0,0,0,1,1,1,-0.01874999999999999,0.06822967359123328,0.02749999999999997,0.07260514586054323,0.13,0.09775626749001998,0.17500000000000004,0.10393386061268473,0.21875,0.10925489667994692,0.2634527831632467,0.11662327178272114,0.30848065571895267,0.12391338030088184,0.3484884466906857,0.12916783716743507,0.016301613846174737,22.58807889302787,0.019433216987659842,15.283845303125503,0.0030462969441797886,0.0956360260368142,-0.0024833090544993026,19.462168259498526,0.012884771678939854,5838.350340446988,0.36723844669068567
2025-07-31,0.4775,0.52,0.62,0.665,0.7075,0.74125,0.78125,0.8175,150.75,138.03,41069.82,99.968,0.6631376451077944,2025-07-31,0.5," ""MPM""",1,0.5,0,0,0,0,0,0,0,0,-0.02250000000000002,0.06422969157549385,0.020000000000000018,0.06676825549833754,0.12,0.08777206452749475,0.16500000000000004,0.09359031329552048,0.20750000000000002,0.09811506697903649,0.24124999999999996,0.09452008674247925,0.28125,0.09681468319049302,0.3175,0.09873233218854882,0.02234580041368564,23.343243740491033,0.01933429419349187,14.975769425398227,-0.0029695967859930048,0.09023463392095388,-0.0017285147068395975,19.47275973337088,0.02156351690415212,6286.979928889115,0.34
2025-08-01,0.50375,0.60125,0.65,0.6975,0.7375,0.77,0.7875,0.83,147.38,138.08,40799.6,99.141,0.6726896458135433,,,,0,0.5,0,0,0,0,0,0,0,0,0.003750000000000031,0.091962494058006,0.10124999999999995,0.15155224316058047,0.15000000000000002,0.12128158530423683,0.1975,0.12950829675557074,0.23750000000000004,0.13216769828036035,0.27,0.1316616223138829,0.2875,0.11342664043181905,0.32999999999999996,0.12321524370969572,-0.0013382798868392493,19.291790291357103,0.00989203411636364,13.923920693272734,0.01122774980731628,0.10130960245029552,-0.0010454007791669728,19.49332858897138,0.013564281187448866,5856.951345800873,0.32624999999999993
2025-08-04,0.495,0.57,0.62,0.67,0.7,0.71375,0.74625,0.79,147.09,138.55,40290.7,98.784,0.6715888231694881,,,,0,0.5,0,0,0,0,0,0,0,0,-0.0050000000000000044,0.07316519884898742,0.06999999999999995,0.08894079407341127,0.12,0.0799229044977815,0.17000000000000004,0.0896272188451539,0.19999999999999996,0.0835218680943155,0.21375,0.06600780290936703,0.24624999999999997,0.07232642736509742,0.29000000000000004,0.08136906841243796,-0.00415696257379627,20.087439201204745,0.005324093980461202,13.783946974059646,0.00951000291636976,0.09679447162806698,0.002561579206344709,19.9352273474276,0.000325739530527786,5404.2999812090275,0.29500000000000004
2025-08-05,0.4975,0.5675,0.61625,0.665,0.6975,0.7125,0.74375,0.78125,147.61,138.87,40549.54,98.782,0.6692094031569676,,,,0,0.5,0,0,0,0,0,0,0,0,-0.0025000000000000022,0.0762581939515034,0.0675,0.08978594060940126,0.11624999999999996,0.08467195009536999,0.16500000000000004,0.0918366458976958,0.1975,0.09265405621692158,0.21250000000000002,0.08467804288666614,0.24375000000000002,0.08671475018211017,0.28125,0.08852038815042984,-0.0011672559335507034,20.96712083914042,0.004638144864097326,13.949281308218517,0.005803236372676214,0.093925624091039,0.004968031639088568,20.059144044252776,0.005551475855096223,5867.524016609685,0.28375
2025-08-06,0.5,0.5875,0.6375,0.685,0.72375,0.75,0.77875,0.82375,147.37,138.6,40794.86,98.177,0.6661939336364253,,,,0,0.5,0,0,0,0,0,0,0,0,0.0,0.0772862610834677,0.08750000000000002,0.10970071516666924,0.13749999999999996,0.10901587059666795,0.18500000000000005,0.11499464851849206,0.22375,0.12250387012120079,0.25,0.12801593130445055,0.27875000000000005,0.1278465927223824,0.32375,0.13926135456172029,-0.0030611036885454836,20.656194667072157,-0.00185036448113531,13.38694442594469,0.001205339398253994,0.09152769581125253,0.0031447792683411244,19.60223448792317,0.010249492363055968,6064.094383030148,0.32375
2025-08-07,0.495,0.5725,0.62125,0.66625,0.7025,0.72625,0.7625,0.785,147.13,138.65,41059.15,98.4,0.6687963025895467,,,,0,0.5,0,0,0,0,0,0,0,0,-0.0050000000000000044,0.07056750056266659,0.07250000000000001,0.08586703156313102,0.12124999999999997,0.08522762945363549,0.16625,0.08913553455761014,0.2025,0.0921445034795697,0.22624999999999995,0.09204597193300901,0.26249999999999996,0.10060599921828173,0.28500000000000003,0.08704550865175953,-0.0049606562809617815,20.521547164738152,-1.27030906619465e-05,13.868309805252267,0.004963290406815855,0.0954079471066207,0.003521190473605595,19.690845656702322,0.015238310615401759,6223.645778139777,0.29000000000000004
2025-08-08,0.495,0.575,0.625,0.6725,0.7125,0.7375,0.77625,0.79375,147.72,138.62,41820.48,98.18,0.664635797454644,,,,0,0.5,0,0,0,0,0,0,0,0,-0.0050000000000000044,0.07177276549660577,0.07499999999999996,0.09117361672051494,0.125,0.09333037848474235,0.1725,0.10082807718339926,0.21250000000000002,0.10821798475922884,0.23750000000000004,0.1099588766595545,0.27625,0.11852179870423607,0.29374999999999996,0.10830682914512813,-0.0014634657437481377,21.24491017655643,-0.002516061289688345,13.637904828881744,-0.0010614722587728492,0.09057372342629022,0.0033439974521925443,19.633616459454657,0.0312911397399486,6846.673687741706,0.29874999999999996
2025-08-12,0.495,0.575,0.625,0.67375,0.715,0.73875,0.78125,0.81125,147.84,138.56,42718.17,98.097,0.6635349025974026,,,,0,0.5,0,0,0,0,0,0,0,0,-0.0050000000000000044,0.07183619423748439,0.07499999999999996,0.0899994101776429,0.125,0.09258363981961071,0.17374999999999996,0.10067514468679561,0.21499999999999997,0.1079944557281799,0.23875000000000002,0.1082521194375129,0.28125,0.11899653514787933,0.31125,0.12564720089361447,-0.000797523621568441,21.177683702811493,-0.003482837489086104,13.656994672983203,-0.002695094112042361,0.09101300975741367,0.0029133416571668707,19.570738267566327,0.04935445539505338,7388.636501668501,0.31625000000000003
2025-08-13,0.495,0.57125,0.625,0.67875,0.7225,0.74875,0.7925,0.82625,147.38,138.36,43274.67,97.84,0.6638621251187408,,,,0,0.5,0,0,0,0,0,0,0,0,-0.0050000000000000044,0.07175159066403136,0.07125000000000004,0.08547401530248971,0.125,0.09233771117549294,0.17874999999999996,0.10481544625760364,0.22250000000000003,0.11381148272077779,0.24875000000000003,0.11714979429867078,0.2925,0.12711399744834473,0.32625000000000004,0.13433706754557173,-0.003792052237040298,20.624317712601965,-0.005971890055451828,13.469940243555442,-0.0021955128170430536,0.09223635258946083,0.0013569994029204685,19.387528390478764,0.05806680685985572,7462.9317899568705,0.33125000000000004
2025-08-14,0.50375,0.585,0.64125,0.6975,0.74375,0.7925,0.81625,0.85375,147.76,137.97,42649.26,98.254,0.664956686518679,,,,0,0.5,0,0,0,0,0,0,0,0,0.003750000000000031,0.08038658737922705,0.08499999999999996,0.10006470814327761,0.14125,0.1083719741687158,0.1975,0.12116192776163492,0.24375000000000002,0.1313678648373514,0.2925,0.15647777909170402,0.31625000000000003,0.14521736793387985,0.35375,0.15428649658626525,-0.0008452513777599378,21.15282944967059,-0.0015821611081022514,14.018694297486192,-0.0007434157797365617,0.0935776860629568,-0.0014836258368012484,19.078588663383456,0.039001504422325445,6435.247899918315,0.35
2025-08-15,0.50625,0.59375,0.65,0.70875,0.7525,0.8,0.84125,0.87,147.19,137.91,43378.31,97.852,0.664800597866703,,,,0,0.5,0,0,0,0,0,0,0,0,0.006249999999999978,0.07926908638087715,0.09375,0.10318684269065748,0.15000000000000002,0.11041344526077979,0.20875,0.12401048562930139,0.25249999999999995,0.13026822762173396,0.30000000000000004,0.14503293936781247,0.34125000000000005,0.15871978789091468,0.37,0.15704801015283132,-0.004467350465504095,20.463176597112124,-0.005394241060674244,13.501695228454594,-0.0009367132778912236,0.09318285969984896,-0.0018997991640882857,19.197173919474594,0.05200192573811468,7240.3625573669415,0.36375
2025-08-18,0.50125,0.59125,0.64875,0.7,0.7525,0.79625,0.83125,0.85875,147.88,137.81,43714.31,98.167,0.6638287800919664,,,,0,0.5,0,0,0,0,0,0,0,0,0.0012499999999999734,0.07210714097816429,0.09125000000000005,0.09526260095293737,0.14875000000000005,0.10350051926638815,0.19999999999999996,0.10792765346107247,0.25249999999999995,0.12337813260857122,0.29625,0.13220878426736837,0.33125000000000004,0.1346976701132372,0.35875,0.13462869808130784,0.0004498912480929731,21.348910385403826,-0.001904847116573992,13.95811783731682,-0.0023589462559704295,0.09228874802850506,-0.002536904542181093,19.179426309058698,0.0552712184589413,7248.5560585587955,0.35750000000000004
2025-08-19,0.505,0.5975,0.66,0.7125,0.75625,0.8,0.855,0.8775,147.68,137.62,43546.29,98.265,0.6653913867822319,,,,0,0.5,0,0,0,0,0,0,0,0,0.0050000000000000044,0.07689294022702198,0.09750000000000003,0.10028005381708027,0.16000000000000003,0.11295316119771959,0.21250000000000002,0.12093520482821607,0.25625,0.12410713971954423,0.30000000000000004,0.13320024965705168,0.355,0.15712451851692155,0.37749999999999995,0.15327513870064113,-0.0005143615149299751,20.924542323299974,-0.0007982225566508324,13.973422535314896,-0.00028727059969471723,0.09430174330391994,-0.0036488951956212584,19.06861811526474,0.04650722249433858,6817.926072915965,0.37249999999999994
2025-08-20,0.50625,0.61,0.66375,0.715,0.76,0.805,0.86125,0.885,147.33,137.52,42888.55,98.218,0.6666530916989072,,,,0,0.5,0,0,0,0,0,0,0,0,0.006249999999999978,0.07662269850742959,0.10999999999999999,0.10914801129636531,0.16374999999999995,0.11091757252886669,0.21499999999999997,0.11762047777488849,0.26,0.12442725043685354,0.30500000000000005,0.1344263412255987,0.36124999999999996,0.1518809686256667,0.385,0.15179515179535297,-0.0031158971652440184,20.59605946428583,-0.0016953838397802215,13.87391073987196,0.0014206001217619776,0.09511220873854753,-0.0039834866372128845,19.081364000611785,0.026858537924276466,6103.813659437408,0.37875000000000003
2025-08-21,0.50875,0.61,0.66125,0.70875,0.755,0.8075,0.85,0.89,148.38,137.56,42610.17,98.619,0.6646380913869794,,,,0,0.5,0,0,0,0,0,0,0,0,0.008750000000000036,0.07803786848118521,0.10999999999999999,0.10249042606632597,0.16125,0.10460107269216146,0.20875,0.10807532023736299,0.255,0.11606179689056872,0.3075,0.13273822984373862,0.35,0.133672394840461,0.39,0.15025172299952805,0.003353980146601261,21.780098985596,0.00166522692335233,14.278884857410276,-0.001689229327832084,0.09251978416038797,-0.003672130197657695,19.208201820092313,0.018439184956960352,6024.707184646148,0.38125
2025-08-22,0.5175,0.61875,0.67,0.71875,0.765,0.82,0.8625,0.90375,146.94,137.55,42633.29,97.716,0.6650061249489587,,,,0,0.5,0,0,0,0,0,0,0,0,0.01749999999999996,0.08524812821209876,0.11875000000000002,0.1085750712902478,0.17000000000000004,0.11239041730992605,0.21875,0.11876844981247925,0.265,0.126250767048383,0.31999999999999995,0.1420086443813885,0.36250000000000004,0.14709203139255456,0.40375000000000005,0.15881592657008547,-0.006359864890908634,19.954772524701838,-0.0076773092858885205,13.214183205739843,-0.0013331299415220326,0.09352912249912015,-0.0037589900701823394,19.224241710182397,0.018010056867102612,6184.898492421562,0.3862500000000001
2025-08-25,0.50875,0.61625,0.66875,0.72125,0.76875,0.825,0.8875,0.91875,147.79,137.5,42807.82,98.43,0.6660125854252656,,,,0,0.5,0,0,0,0,0,0,0,0,0.008750000000000036,0.07231651283466906,0.11624999999999996,0.10085869969337136,0.16874999999999996,0.1065700208889615,0.22124999999999995,0.11671683621844275,0.26875000000000004,0.125277996395325,0.32499999999999996,0.14008929884629495,0.38749999999999996,0.16596670153009452,0.41874999999999996,0.16554046238345144,-0.0006525274450339973,21.26912232115785,-0.0008247788958112191,14.239799186064431,-0.0001801398991258928,0.09455620249461716,-0.004146372376830947,19.201766844495836,0.020530721833631117,6380.565959183696,0.4099999999999999
2025-08-26,0.505,0.6175,0.6675,0.71625,0.76375,0.83,0.89375,0.92,147.41,137.36,42394.4,98.225,0.6663387829862288,,,,0,0.5,0,0,0,0,0,0,0,0,0.0050000000000000044,0.07055674926124939,0.11750000000000005,0.1007795402600501,0.16749999999999998,0.10386790918365763,0.21625000000000005,0.10889165177494486,0.26375000000000004,0.11683215758288079,0.32999999999999996,0.14013277290452175,0.39375000000000004,0.15952736280691326,0.42000000000000004,0.15714337010106172,-0.0028377285995014483,20.662438430277987,-0.002698729221409643,13.83126100212688,0.00013235902104274074,0.09452607682015168,-0.004998189061934065,19.102314318984725,0.0089957186274172,5900.575298515134,0.41500000000000004
2025-08-27,0.5,0.615,0.66125,0.71,0.75875,0.8125,0.86375,0.91,147.41,137.35,42520.27,98.232,0.6663862695882233,,,,0,0.5,0,0,0,0,0,0,0,0,0.0,0.0671957833133025,0.11499999999999999,0.09650504150842654,0.16125,0.09695745610659035,0.20999999999999996,0.10313017106045408,0.25875000000000004,0.11208531179709702,0.3125,0.1180839398372544,0.36375,0.12218984032084435,0.41000000000000003,0.14244523339637216,-0.0024834717175202517,20.76572452548089,-0.00229640831988432,13.875151593069717,0.00018052496890235052,0.0943576212818168,-0.004872393993732799,19.16984556558046,0.009773558055127588,6166.933257176184,0.41000000000000003
2025-08-28,0.5,0.61125,0.66125,0.71,0.75625,0.81,0.85,0.90625,146.93,137.43,42828.79,97.813,0.6657115633294766,,,,0,0.5,0,0,0,0,0,0,0,0,0.0,0.06955433715813669,0.11124999999999996,0.09253645756392015,0.16125,0.09865878394135585,0.20999999999999996,0.10509678019728086,0.25625,0.11090749305736602,0.31000000000000005,0.12014437031020098,0.35,0.11661881423716891,0.40625,0.13973992401349378,-0.0048662871617389,20.308682088632736,-0.005540982939872583,13.45837382683878,-0.0006861080144459564,0.09359470427146865,-0.004094351244610501,19.28643148847536,0.014481402790518542,6456.38375209373,0.40625
2025-08-29,0.4975,0.6075,0.65625,0.7075,0.75375,0.815,0.84875,0.9,147.04,137.54,42718.47,97.771,0.664927910772579,,,,0,0.5,0,0,0,0,0,0,0,0,-0.0025000000000000022,0.06776285591348824,0.10750000000000004,0.0896456291752411,0.15625,0.09374315948613099,0.20750000000000002,0.1027990023848997,0.25375000000000003,0.10934917889095552,0.31499999999999995,0.12651094236598337,0.34875,0.12184212319323684,0.4,0.13402649696791558,-0.0028685161701581426,20.620435420040067,-0.004856579996671782,13.585122625825406,-0.0019965676870776577,0.09304510669626254,-0.003120232223555205,19.387562123935965,0.009896369621125304,6218.3769080317,0.4025
2025-09-01,0.49875,0.60875,0.6575,0.70875,0.75625,0.81,0.8475,0.895,147.18,137.3,42188.79,97.771,0.6642954205734475,,,,0,0.5,0,0,0,0,0,0,0,0,-0.0012499999999999734,0.0703443338421671,0.10875000000000001,0.09220656911033487,0.15749999999999997,0.09679806426764015,0.20875,0.10491521178574648,0.25625,0.11285115215333963,0.31000000000000005,0.11954335713071751,0.34750000000000003,0.12262294060956858,0.395,0.13087318184367158,-0.001851437407173785,20.779429469046164,-0.0041622678426742055,13.653025938450881,-0.002317391643418013,0.09278860724077664,-0.0045783595480364415,19.111896599657,-0.0042607368594551965,5690.197340432125,0.39625
2025-09-02,0.48875,0.58,0.635,0.69,0.7375,0.7925,0.84375,0.88,148.34,137.52,42310.49,98.397,0.6633207496292302,,,,0,0.5,0,0,0,0,0,0,0,0,-0.011249999999999982,0.060325130152795337,0.07999999999999996,0.06305968604231071,0.135,0.07413155437703267,0.18999999999999995,0.0857325305101001,0.23750000000000004,0.09320946354665371,0.2925,0.10317692310458493,0.34375,0.11998927398351933,0.38,0.1178274706512118,0.0055892431642776555,21.904678040268777,0.0024113618234664447,14.311385531326977,-0.00316230318724079,0.09219094174784359,-0.002610966057441146,19.424274049862532,-0.0037629587016849643,6010.573494204975,0.39125
2025-09-03,0.48875,0.58,0.6375,0.69375,0.74,0.795,0.84125,0.88125,148.1,137.29,41938.89,98.142,0.6626738690074274,,,,0,0.5,0,0,0,0,0,0,0,0,-0.011249999999999982,0.06444024904959245,0.07999999999999996,0.07427088945693872,0.13749999999999996,0.08551317928382329,0.19374999999999998,0.09673530411473519,0.24,0.10282195746639333,0.29500000000000004,0.1126037506008174,0.34125000000000005,0.1192978700507692,0.38125,0.12530366455160513,0.003795580859427774,21.199222479047307,0.00013961313912500315,13.826244833950739,-0.00364514505613033,0.0920782649267724,-0.0037082459488682645,19.137009284465847,-0.014125169901300553,5640.761372980989,0.39249999999999996
2025-09-04,0.485,0.56625,0.62125,0.68,0.72625,0.7625,0.80625,0.86,148.49,137.63,42580.27,98.347,0.662313960536063,,,,0,0.5,0,0,0,0,0,0,0,0,-0.015000000000000013,0.06197685940160069,0.06625000000000003,0.0636725869339434,0.12124999999999997,0.07080784688570674,0.18000000000000005,0.08349806426499928,0.22624999999999995,0.09000025456678251,0.26249999999999996,0.08093664390898869,0.30625,0.08578346535420622,0.36,0.10520937204768288,0.006057074717472055,21.546997713223277,0.0021419080304226974,14.071922052396914,-0.003895732971004113,0.09218362903831989,-0.0008892760566959022,19.561617930489547,-0.0011441026518964343,6438.327197003899,0.375
2025-09-05,0.485,0.55625,0.61375,0.675,0.72,0.77125,0.815,0.85625,147.41,137.96,43018.75,97.768,0.6632385862560206,,,,0,0.5,0,0,0,0,0,0,0,0,-0.015000000000000013,0.06417399421431247,0.05625000000000002,0.06071170695392919,0.11375000000000002,0.07076505109300979,0.17500000000000004,0.08451060147499612,0.21999999999999997,0.08985196854492417,0.27125,0.10318257079072612,0.31499999999999995,0.1089757223031359,0.35624999999999996,0.11048841573073953,-0.0013549217532688642,20.26739903180885,-0.0034371266762617653,13.411645862737515,-0.0020880572112994406,0.09345327590244068,0.0017572140170492615,19.78355266458192,0.006827716661367026,6668.292840016467,0.37124999999999997
2025-09-08,0.48125,0.5325,0.6,0.66625,0.71375,0.75875,0.8025,0.83875,147.53,138.04,43643.81,97.454,0.6605707313766691,,,,0,0.5,0,0,0,0,0,0,0,0,-0.01874999999999999,0.06132690426824711,0.03249999999999997,0.043514737772421264,0.09999999999999998,0.06255930193850767,0.16625,0.07972580620770853,0.21375,0.0881024175308226,0.25875000000000004,0.09132701543282096,0.3025,0.09734381587892993,0.33875,0.09726788814759924,-0.0004776406583987274,20.74036251690484,-0.006270081544709952,13.302308870758836,-0.005798081651780575,0.09058810674664475,0.0025492232494968414,19.707865184545028,0.01928202777658363,7066.17356627882,0.3575
2025-09-09,0.4825,0.5675,0.64875,0.7025,0.75,0.80125,0.8475,0.895,147.41,138.0,43459.29,97.788,0.663374262261719,,,,0,0.5,0,0,0,0,0,0,0,0,-0.017500000000000016,0.06463764432829205,0.0675,0.09067167913446139,0.14875000000000005,0.11913540056837035,0.2025,0.1211484381675233,0.25,0.128688281570279,0.30125,0.13996095686652854,0.34750000000000003,0.1485735902941281,0.395,0.16240215168432137,-0.0011451493776215528,20.65287182887704,-0.0027071969420759934,13.816289769997681,-0.0015665155401414694,0.09446618654486694,0.002462571098568212,19.587160445733318,0.01409501933888162,6553.7346956732,0.41250000000000003
2025-09-10,0.48125,0.56,0.64,0.69375,0.73625,0.78875,0.8375,0.88125,147.47,137.95,43837.67,97.78,0.6630501118871635,,,,0,0.5,0,0,0,0,0,0,0,0,-0.01874999999999999,0.06373437001121479,0.06000000000000005,0.07362148272815772,0.14,0.09395114528673798,0.19374999999999998,0.09994869217577074,0.23624999999999996,0.10227809188475345,0.28874999999999995,0.11277352689667286,0.3375,0.12293704354669888,0.38125,0.12935918269044067,-0.0007690561614273691,20.779506777135794,-0.002758273929390398,13.738627928889926,-0.0019934032726978243,0.09337074941702261,0.002248611418877334,19.518538890502995,0.022252797641753932,6886.888886347137,0.39999999999999997
2025-09-11,0.48,0.56,0.64,0.69125,0.73375,0.795,0.84625,0.9,147.21,137.85,44372.5,97.531,0.662529719448407,,,,0,0.5,0,0,0,0,0,0,0,0,-0.020000000000000018,0.06337419501548736,0.06000000000000005,0.0750372811472636,0.14,0.09345761168038969,0.19125000000000003,0.0978361430279081,0.23375,0.10205791179921342,0.29500000000000004,0.12029736380641554,0.34624999999999995,0.13168923504155683,0.4,0.14869240117681592,-0.0023448724552032805,20.518324568315478,-0.00493091314226583,13.48873699901452,-0.002594508429059643,0.0928502233843771,0.001565741147749958,19.4232593556343,0.03264970863732347,7221.878583098143,0.42000000000000004
2025-09-12,0.48,0.56,0.6375,0.6925,0.73625,0.80375,0.85625,0.90375,147.67,137.61,44768.12,97.55,0.660594568971355,,,,0,0.5,0,0,0,0,0,0,0,0,-0.020000000000000018,0.06433211222279928,0.06000000000000005,0.07548385210253067,0.13749999999999996,0.0901778526501229,0.1925,0.09966245890575964,0.23624999999999996,0.10566113123623111,0.30374999999999996,0.12625297052681017,0.35624999999999996,0.1374515103544771,0.40375000000000005,0.14419864659231219,0.0006098387315354616,21.086756561252855,-0.004583710887435864,13.610732523996617,-0.005192826771640451,0.09112674523377062,-6.903091495009288e-05,19.218556865274493,0.040174518734116114,7320.501396606291,0.42375000000000007
2025-09-16,0.48,0.555,0.63375,0.69,0.73625,0.805,0.8575,0.91625,146.5,136.52,44902.27,96.633,0.6596109215017064,,,,0,0.5,0,0,0,0,0,0,0,0,-0.020000000000000018,0.06480976170114283,0.05500000000000005,0.07082297580077723,0.13375000000000004,0.08691635899865424,0.18999999999999995,0.0966294756503312,0.23624999999999996,0.10489402677012138,0.30500000000000005,0.12294955573226107,0.35750000000000004,0.13309357348037032,0.41625,0.15234151067890045,-0.006853726162794801,19.767888817648313,-0.013168577191145956,12.720300010620988,-0.006358558079969689,0.09099121475742866,-0.0075242630220638766,18.231972417472576,0.04185359819826457,7178.034003499015,0.43625
2025-09-17,0.48,0.55625,0.635,0.69375,0.74,0.8025,0.85375,0.9125,146.99,136.65,44790.38,96.873,0.6590448329818355,,,,0,0.5,0,0,0,0,0,0,0,0,-0.020000000000000018,0.0651450142830356,0.05625000000000002,0.07435112152671752,0.135,0.08960131500014434,0.19374999999999998,0.10112337904467317,0.24,0.10840418828864351,0.3025,0.11823226658989205,0.35375,0.12664094015180227,0.4125,0.14144526609465424,-0.0032988306611560366,20.689253600757098,-0.010014010826454818,13.344430588422725,-0.006736512948600205,0.09110059177746876,-0.006228796456894845,18.82969869057179,0.03775963797764438,6890.316922056409,0.4325
2025-09-18,0.48,0.565,0.645,0.7025,0.7475,0.815,0.86625,0.9225,148.0,136.56,45303.43,97.348,0.6577567567567567,,,,0,0.5,0,0,0,0,0,0,0,0,-0.020000000000000018,0.06540151523359783,0.06499999999999995,0.08343043811798401,0.14500000000000002,0.0994317005368851,0.2025,0.10847389170992139,0.24750000000000005,0.11423834997648119,0.31499999999999995,0.13052225211919755,0.36624999999999996,0.1391135839747828,0.4225,0.15000127373902672,0.0033218086909362694,21.627541627203,-0.004717338006367462,13.846383483185932,-0.008012782812283077,0.0903168409981987,-0.0065365182946126475,18.835386083656985,0.04671837795610721,7351.861945057557,0.4425
2025-09-19,0.47875,0.6125,0.67,0.71625,0.75875,0.825,0.88125,0.94375,147.97,136.1,45045.81,97.644,0.6598905183483139,2025-09-19,0.5," ""MPM""",1,0.5,0,0,0,0,0,0,0,0,-0.02124999999999999,0.0643590786528338,0.11250000000000004,0.1277814829256081,0.17000000000000004,0.12038271090337527,0.21625000000000005,0.11824483777416128,0.25875000000000004,0.12189789362367809,0.32499999999999996,0.13497366384857978,0.38125,0.1484820486550773,0.44375,0.16581356426987837,0.0032578590340329745,21.20059491305537,-0.0011932203805927314,13.99227904783308,-0.004438367717550083,0.0932050548012392,-0.009356882640453418,18.47638272232743,0.03784595207786122,6834.31094703493,0.46499999999999997
2025-09-22,0.61875,0.67,0.72,0.7675,0.8375,0.91125,0.965,0.99625,147.72,135.89,45493.66,97.341,0.6589561332250202,,,,0,0.5,0,0,0,0,0,0,0,0,0.11875000000000002,0.20503337570173813,0.17000000000000004,0.16551168034606167,0.21999999999999997,0.1591430001380706,0.26749999999999996,0.16267322991812183,0.3375,0.1949128469708784,0.41125,0.21526257107917546,0.46499999999999997,0.22417136415788186,0.49624999999999997,0.20750382079821195,0.0012980542742590017,20.852349322584217,-0.004101618650752719,13.54478908165322,-0.005394140625784421,0.09173249509220671,-0.010287503869194099,18.50577170789427,0.04472184182158377,7278.022386869561,0.37749999999999995
2025-09-24,0.61125,0.665,0.71625,0.765,0.8275,0.905,0.96,0.9875,148.91,135.96,45630.31,97.873,0.6572627761735277,,,,0,0.5,0,0,0,0,0,0,0,0,0.11124999999999996,0.1418316522523994,0.16500000000000004,0.13147670694844027,0.21625000000000005,0.1317076631671643,0.265,0.13726723423625142,0.3275,0.1513476511895414,0.405,0.17212144270793484,0.45999999999999996,0.18258567329614528,0.48750000000000004,0.1736656764972434,0.008981295461244272,22.09115884852727,0.001626685210570948,14.156423447679671,-0.007294519533081606,0.0903604950978345,-0.009222046922765834,18.753865437563448,0.044474954442443156,7194.957920629793,0.3762500000000001
2025-09-25,0.6225,0.66875,0.715,0.76,0.8275,0.90875,0.96375,1.0,149.79,135.82,45754.93,98.553,0.6579411175645904,,,,0,0.5,0,0,0,0,0,0,0,0,0.12250000000000005,0.13949251250807554,0.16874999999999996,0.12712661077712584,0.21499999999999997,0.12391747860488922,0.26,0.12573590416857705,0.3275,0.1447038627007623,0.40874999999999995,0.16654708239287053,0.46375,0.17640567320597966,0.5,0.1808613094710323,0.014126273243355589,22.494708489426557,0.008416517063003464,14.641235814404666,-0.005639377826488291,0.09183754063370553,-0.009686580604235492,18.67000572214448,0.0433147886534697,7173.0012090341115,0.37749999999999995
2025-09-26,0.6225,0.66875,0.71375,0.7575,0.8225,0.90625,0.96375,1.0,149.5,135.79,45354.99,98.152,0.6565351170568562,,,,0,0.5,0,0,0,0,0,0,0,0,0.12250000000000005,0.12709912105866328,0.16874999999999996,0.12048499632438792,0.21375,0.11906068335363551,0.25749999999999995,0.12131191008665232,0.3225,0.13504062999556132,0.40625,0.15671503759436023,0.46375,0.16880178011041103,0.5,0.17175494319446272,0.011447282961679872,21.70554557038912,0.00435450177510798,13.91414075574231,-0.00702511336827978,0.0904489412097288,-0.009341907996250029,18.743220754261543,0.03086361570214169,6644.229023078326,0.37749999999999995
2025-09-29,0.63875,0.67875,0.72,0.7675,0.835,0.9025,0.965,1.00875,148.59,135.9,45043.75,97.906,0.6589003297664715,,,,0,0.5,0,0,0,0,0,0,0,0,0.13875000000000004,0.13679249053968523,0.17874999999999996,0.12648805008971742,0.21999999999999997,0.12312018276997683,0.26749999999999996,0.1302262640535986,0.33499999999999996,0.14628058881671824,0.40249999999999997,0.14949601454962258,0.46499999999999997,0.16539117413288462,0.50875,0.17597947372492462,0.004726453942430657,20.726723251047076,0.0017896043327048203,13.720745168797919,-0.002934283095812947,0.0934704009711711,-0.007985751200782267,18.918886127963674,0.02121893145092229,6420.830410326584,0.37
2025-09-30,0.64875,0.69,0.7225,0.77125,0.84375,0.9125,0.975,1.01625,147.91,135.79,44932.63,97.775,0.6610438780339396,,,,0,0.5,0,0,0,0,0,0,0,0,0.14875000000000005,0.1358088738501143,0.18999999999999995,0.13086255156951498,0.22250000000000003,0.12123191617534645,0.27125,0.1286029983659971,0.34375,0.14819279043260347,0.4125,0.15805529480844538,0.475,0.17149979514497826,0.5162500000000001,0.17682841317044606,-0.00016561383585314787,20.336079513008002,0.00044714436419039937,13.67701319332079,0.0006034403265335193,0.09492314450108963,-0.008155200812233181,18.807323378753978,0.016149177436603133,6428.502754121953,0.36750000000000005
2025-10-01,0.635,0.68125,0.71875,0.76875,0.84,0.91125,0.96875,1.00875,147.06,135.78,44550.85,97.706,0.6643954848361213,,,,0,0.5,0,0,0,0,0,0,0,0,0.135,0.11275336656838963,0.18125000000000002,0.11419053239529997,0.21875,0.11419071951132809,0.26875000000000004,0.12220076781853617,0.33999999999999997,0.1378315062683496,0.41125,0.15087969764634301,0.46875,0.15843784140622086,0.50875,0.1628361802956132,-0.005871079609405973,19.811421522237268,-0.00022562611246201085,13.677416903002253,0.005669056687667281,0.09729658367439531,-0.007677381870270148,18.860858272702586,0.0048314441509324825,6110.8379172801,0.37375
2025-10-02,0.63625,0.68375,0.72,0.77125,0.83625,0.90375,0.955,0.99625,147.25,135.73,44936.73,97.846,0.6644889643463497,,,,0,0.5,0,0,0,0,0,0,0,0,0.13624999999999998,0.11461759455564857,0.18374999999999997,0.11640723800215313,0.21999999999999997,0.1149629351131205,0.27125,0.12357688119315369,0.33625000000000005,0.1323629377407033,0.40375000000000005,0.14096179114583518,0.45499999999999996,0.14373492948504407,0.49624999999999997,0.14988504259965318,-0.004219808756103137,20.438209407014142,0.0014892451932180327,13.865783648675105,0.005721633026035456,0.09575952988930747,-0.0073935396113822775,18.84810108717383,0.010541929162827327,6662.6005311294575,0.36
2025-10-03,0.6175,0.67125,0.71125,0.7625,0.82,0.88375,0.9325,0.9725,147.46,135.91,45769.5,97.723,0.6627085311270853,,,,0,0.5,0,0,0,0,0,0,0,0,0.11750000000000005,0.09353899199439053,0.17125,0.10132018214426364,0.21125000000000005,0.10464422174550247,0.26249999999999996,0.11256194817038001,0.31999999999999995,0.11579248222283067,0.38375000000000004,0.12195552576314761,0.4325,0.12494719217044026,0.47250000000000003,0.12949595773499423,-0.0025838395043357434,20.71868859844085,0.00044482186906068976,13.703844407009186,0.0030242691953460267,0.0934013082749372,-0.0055753921798173765,19.074970899991456,0.024855135748606174,7386.880665549506,0.355
2025-10-06,0.53875,0.62125,0.6875,0.7425,0.78875,0.855,0.91625,0.9425,150.35,135.9,47944.76,98.108,0.6525307615563686,,,,0,0.5,0,0,0,0,0,0,0,0,0.03874999999999995,0.020306082043394902,0.12124999999999997,0.054572320137152075,0.1875,0.0833147316670404,0.24250000000000005,0.09473600024317552,0.28874999999999995,0.0900204681302682,0.355,0.10051243538776178,0.41625,0.11778857497582884,0.4425,0.10902842122888834,0.01632473721566899,23.58100713688063,0.004509171926002039,14.130143659856884,-0.011648283268061157,0.08363058472108642,-0.005018834356501902,19.0199002835067,0.06715350507427427,9203.5155446348,0.40375000000000005
2025-10-07,0.5325,0.64125,0.695,0.74875,0.7975,0.85625,0.91875,0.9475,151.91,135.87,47950.88,98.578,0.6489237048252255,,,,0,0.5,0,0,0,0,0,0,0,0,0.03249999999999997,0.046087564903912415,0.14125,0.09465071498184519,0.19499999999999995,0.10048317600445811,0.24875000000000003,0.10901676992710274,0.2975,0.11223659612158776,0.35624999999999996,0.11481205627556434,0.41874999999999996,0.12901671785710578,0.4475,0.1283916419375568,0.02531047516198704,23.998626137756034,0.008903048979562608,14.457562898644596,-0.016044986586407683,0.08411215819398643,-0.004476813622408907,18.993206840347227,0.061463391137089464,8225.40700033994,0.41500000000000004
2025-10-08,0.53875,0.6525,0.7025,0.7475,0.805,0.8725,0.9325,0.9675,152.69,135.68,47734.99,98.915,0.6478158360075972,,,,0,0.5,0,0,0,0,0,0,0,0,0.03874999999999995,0.06397596361518265,0.15249999999999997,0.10348085349265312,0.2025,0.10762605614757959,0.24750000000000005,0.10737283072949155,0.30500000000000005,0.12012698517132347,0.37250000000000005,0.13444779603557389,0.4325,0.1445307911072008,0.4675,0.15088728907415982,0.02878357072592267,23.822893095162073,0.011595793258721232,14.566511494492673,-0.01677405046906847,0.08564327434071606,-0.005008690040553469,18.822325828119347,0.05192102337932703,7681.114721946178,0.4287500000000001
2025-10-09,0.5375,0.64375,0.68875,0.735,0.78875,0.86,0.91625,0.955,153.07,135.79,48580.44,99.538,0.6502776507480238,,,,0,0.5,0,0,0,0,0,0,0,0,0.03749999999999998,0.06546098442433734,0.14375000000000004,0.09048116242595738,0.18874999999999997,0.09117266551230463,0.235,0.09551335407996686,0.28874999999999995,0.10166842500179352,0.36,0.11714745647640445,0.41625,0.1237697612339912,0.45499999999999996,0.132012087332819,0.02938110705375216,23.532464921193196,0.017057045335763743,14.978738668293303,-0.012055727230213784,0.08960570273587998,-0.003394433129667387,19.02061581766199,0.06454507544988021,8427.455606026611,0.4175
2025-10-10,0.52,0.63125,0.67875,0.7325,0.77875,0.83375,0.8925,0.935,151.18,135.9,48088.8,98.978,0.6547030030427304,,,,0,0.5,0,0,0,0,0,0,0,0,0.020000000000000018,0.05075906054422186,0.13124999999999998,0.08035335363587992,0.17874999999999996,0.08592668408363235,0.23250000000000004,0.09819963999466585,0.27875000000000005,0.09774887885673789,0.33375,0.09490721987885942,0.39249999999999996,0.10539437045449807,0.43500000000000005,0.11559250800592058,0.015404351636985182,21.18814012954317,0.010716486662980236,14.08718902577283,-0.004701350390292909,0.09381137665027561,-0.001836210062431142,19.120232664211557,0.04888628954610203,7497.232401546775,0.41500000000000004
2025-10-14,0.5025,0.59875,0.655,0.69625,0.7425,0.78625,0.84625,0.8925,151.84,136.33,46847.32,99.047,0.6523116438356164,,,,0,0.5,0,0,0,0,0,0,0,0,0.0024999999999999467,0.04199231717287277,0.09875,0.053281586280786386,0.15500000000000003,0.06739162329729931,0.19625000000000004,0.06448251310444308,0.24250000000000005,0.06723491277538429,0.28625,0.058934342111790494,0.34624999999999995,0.06997411099422823,0.39249999999999996,0.08191487441969703,0.018254000187770816,22.36782108004087,0.010638813481238279,14.257302790401852,-0.007565950120988269,0.08986332404321551,0.001881329276717082,19.51516552005222,0.019057409332826687,6270.292438528348,0.39
2025-10-15,0.51125,0.6125,0.66625,0.7075,0.765,0.82,0.875,0.905,151.05,136.34,47672.67,98.793,0.6540417080436941,,,,0,0.5,0,0,0,0,0,0,0,0,0.011249999999999982,0.06103449260836136,0.11250000000000004,0.08162240593657566,0.16625,0.08987637067511112,0.20750000000000002,0.09127755682914773,0.265,0.10628530823612081,0.31999999999999995,0.11527451908019348,0.375,0.12061726635756609,0.405,0.11412379916196569,0.01180946766965666,21.381344680576035,0.007408238287284809,13.970291036835675,-0.00443754388562143,0.09223036317321776,0.002422607078129967,19.350114408300044,0.03374533016468843,7531.65818302361,0.39375000000000004
2025-10-16,0.5225,0.6275,0.6875,0.73,0.785,0.83375,0.88,0.96625,150.43,136.11,48277.74,98.336,0.6536993950674732,,,,0,0.5,0,0,0,0,0,0,0,0,0.022499999999999964,0.07289246251898296,0.12749999999999995,0.09587970227338494,0.1875,0.1104238505797066,0.22999999999999998,0.1142474202818976,0.28500000000000003,0.12280054378130711,0.33375,0.12314663512611723,0.38,0.1214395006735135,0.46625000000000005,0.17688583488223986,0.006331802506631264,20.996578619898287,0.0018782160055383164,13.591472010067918,-0.004510714452498044,0.09139524219029027,0.0008824178248400951,19.067287520196885,0.04304853977333164,7896.687597130462,0.4437500000000001
2025-10-17,0.525,0.6225,0.675,0.71625,0.76625,0.8225,0.8675,0.935,150.63,136.47,47582.15,98.433,0.6534754033061144,,,,0,0.5,0,0,0,0,0,0,0,0,0.025000000000000022,0.07234523126598569,0.12250000000000005,0.08578667849636734,0.17500000000000004,0.09015017312207119,0.21625000000000005,0.09282998713660928,0.26625,0.09637827758419515,0.3225,0.10653318410403523,0.36750000000000005,0.10748994806576861,0.43500000000000005,0.12317268874146525,0.006444370947212195,21.478371282959444,0.0020701488807096467,13.882003685454535,-0.004429628223427678,0.09123754973065668,0.003596090630308678,19.495718750167498,0.024929188196907832,6886.715923208692,0.41000000000000003
2025-10-20,0.54125,0.64125,0.69,0.7325,0.8,0.86625,0.91375,0.9875,150.75,135.93,49185.5,98.586,0.6539701492537313,,,,0,0.5,0,0,0,0,0,0,0,0,0.04125000000000001,0.08743941288089757,0.14125,0.10550113827004182,0.18999999999999995,0.10822746492688706,0.23250000000000004,0.11289520640192585,0.30000000000000004,0.1357706788236358,0.36624999999999996,0.15371534359590955,0.41374999999999995,0.15889692438452363,0.48750000000000004,0.18230438599769472,0.006321635748282572,21.593062587655055,0.0029956796896579378,14.050705130359503,-0.003388414694267978,0.0918628228877949,-0.00014343561395954846,18.826956738501025,0.055054460130624594,8648.238452997757,0.44625000000000004
2025-10-21,0.51,0.6375,0.68625,0.7275,0.79375,0.85375,0.9025,0.97125,151.94,136.14,49316.06,98.934,0.6511386073450046,,,,0,0.5,0,0,0,0,0,0,0,0,0.010000000000000009,0.04962396424125237,0.13749999999999996,0.09449907707687943,0.18625000000000003,0.09912691477174829,0.22750000000000004,0.10239117162975697,0.29374999999999996,0.11750097227710188,0.35375,0.1247824992416976,0.40249999999999997,0.1310082766305909,0.47124999999999995,0.14602123188133087,0.012923204101292354,22.740087485178663,0.005876100148389316,14.350884852420563,-0.0070413421217076985,0.08890296006157994,0.0013865238706450816,19.217223544143508,0.053032200996262414,8144.218987661254,0.46124999999999994
2025-10-22,0.505,0.64125,0.68875,0.72875,0.78625,0.84875,0.9025,0.95125,151.99,136.16,49307.79,98.897,0.6506809658530166,,,,0,0.5,0,0,0,0,0,0,0,0,0.0050000000000000044,0.055310805341564795,0.14125,0.09764854895075292,0.18874999999999997,0.10162170837499351,0.22875,0.10422255742672659,0.28625,0.10921734407254713,0.34875,0.12015951830999816,0.40249999999999997,0.13107977472509036,0.45125000000000004,0.1264969298328802,0.011816396498352399,22.29793197526584,0.004705190338486334,14.164178859256168,-0.007112749905224924,0.08958054594562181,0.0014341926231016926,19.200459508527047,0.048585664936302175,7878.167969522838,0.44625000000000004
2025-10-23,0.50375,0.63875,0.69,0.7275,0.785,0.8425,0.8875,0.96875,152.59,136.1,48641.61,98.936,0.6483780064224393,,,,0,0.5,0,0,0,0,0,0,0,0,0.003750000000000031,0.05895625473628319,0.13875000000000004,0.09301296697708328,0.18999999999999995,0.10154495539287622,0.22750000000000004,0.10239938495746104,0.28500000000000003,0.11007152651017782,0.3425,0.1150697792065607,0.38749999999999996,0.11527384186435108,0.46875,0.1506975501563893,0.014567916010079871,22.72240428944798,0.004558977326956982,14.170694337245934,-0.009955758531916159,0.08782075387622668,0.0009413702821168027,19.131533838914933,0.031117028343618864,7079.764838438001,0.46499999999999997
2025-10-24,0.505,0.6325,0.6925,0.73125,0.7825,0.8425,0.895,0.9475,152.87,136.14,49299.65,98.952,0.6472950873291031,,,,0,0.5,0,0,0,0,0,0,0,0,0.0050000000000000044,0.06281758243328439,0.13249999999999995,0.08685933061414064,0.1925,0.10298463206402408,0.23124999999999996,0.10641660389567498,0.2825,0.10834367355805008,0.3425,0.1175023917212652,0.395,0.12818042153351106,0.4475,0.12376082296836377,0.015389929127948346,22.66821307182306,0.004517955332085653,14.149138806197698,-0.010805309535586914,0.08792149103695546,0.0011177456834425598,19.19565447963889,0.04115461022363425,7912.82182998745,0.4425
2025-10-27,0.5025,0.6275,0.69125,0.72875,0.78,0.84375,0.9025,0.96625,152.88,135.96,50512.32,98.783,0.6461473050758765,,,,0,0.5,0,0,0,0,0,0,0,0,0.0024999999999999467,0.061274852928387025,0.12749999999999995,0.08407344824407559,0.19125000000000003,0.1002177363855088,0.22875,0.10242473331606394,0.28,0.1070184806465968,0.34375,0.11932002912317308,0.40249999999999997,0.13405227958342858,0.46625000000000005,0.1493282455817425,0.014317750560634725,22.429278944414676,0.0024812636685153737,13.953154311008731,-0.011774962205044646,0.08765955075115073,-0.00026838926001785307,19.008605086643,0.06098688841331393,8872.612827781006,0.4637500000000001
2025-10-28,0.5075,0.635,0.695,0.72875,0.78,0.84375,0.9025,0.9525,152.11,136.22,50219.18,98.667,0.6486555781999868,,,,0,0.5,0,0,0,0,0,0,0,0,0.007499999999999951,0.0681418518713457,0.135,0.09406650885373469,0.19499999999999995,0.1038305033127841,0.22875,0.10297313055493862,0.28,0.10838054584238355,0.34375,0.11907859304814195,0.40249999999999997,0.13080629207581151,0.4525,0.12966006221247517,0.0080319155986164,21.534127475107596,0.0009175610223728657,13.888478042220356,-0.00716096884121141,0.09103917453498411,0.0015255950739822461,19.34159801677515,0.04912722919543542,8000.844581211924,0.44500000000000006
2025-10-29,0.5,0.64625,0.6975,0.73125,0.785,0.85125,0.915,0.97125,152.73,136.13,51307.65,99.22,0.6496431611340274,,,,0,0.5,0,0,0,0,0,0,0,0,0.0,0.05963333734376863,0.14625,0.10310214763651782,0.1975,0.10457349723357634,0.23124999999999996,0.10553680056594295,0.28500000000000003,0.11386242549871484,0.35124999999999995,0.12656586573530137,0.41500000000000004,0.1423328115816973,0.47124999999999995,0.15233741339570672,0.010526733669006732,22.377565564405273,0.005790237691690164,14.495433154319699,-0.004781032666147245,0.09143553614866295,0.0007388103315823588,19.171301800848596,0.06477605852921421,8999.15222215854,0.47124999999999995
2025-10-30,0.47875,0.6175,0.685,0.71875,0.76875,0.8325,0.89625,0.9525,154.13,136.21,51325.61,99.526,0.6457276325180042,,,,0,0.5,0,0,0,0,0,0,0,0,-0.02124999999999999,0.041499185175028985,0.11750000000000005,0.06934276676195494,0.18500000000000005,0.09039897681100584,0.21875,0.09203154827742555,0.26875000000000004,0.0958756393277731,0.3325,0.10480828497845962,0.39625,0.11805051582609272,0.4525,0.12686918393848867,0.017410102810370073,23.558283631994556,0.00796234142665869,14.594952989286512,-0.00936289539219697,0.08710262477620312,0.0011686793922868648,19.269942401649374,0.05771331487586278,8491.20293671923,0.47375
2025-10-31,0.62,0.68875,0.7175,0.76625,0.8275,0.89125,0.94875,0.96625,154.0,136.04,52411.34,99.804,0.6480779220779221,2025-10-31,0.5," ""MPM""",1,0.5,0,0,0,0,0,0,0,0,0.12,0.19239862345198694,0.18874999999999997,0.15049756375310452,0.21750000000000003,0.12717997697992767,0.26625,0.14422650948006255,0.3275,0.16069632198720674,0.39125,0.17015007996331433,0.44875,0.17622276575003026,0.46625000000000005,0.14616518545098955,0.014292300599354648,22.791443814033244,0.009776633814829662,14.690314207205247,-0.0045040477077793305,0.09095391059695157,-0.00019475771038425063,19.071804494934696,0.07183289045264454,9367.075812016068,0.34625000000000006
2025-11-04,0.6275,0.69375,0.7275,0.77125,0.83375,0.89875,0.95875,0.97625,153.68,135.87,51497.2,100.224,0.6521603331598126,,,,0,0.5,0,0,0,0,0,0,0,0,0.12749999999999995,0.14669100622256737,0.19374999999999998,0.12957954333764465,0.22750000000000004,0.12521415553814796,0.27125,0.13155974831901895,0.33375,0.14519795890689036,0.39875000000000005,0.15591212487618133,0.45875,0.1664416221544318,0.47624999999999995,0.15184378335232707,0.010115616434754707,22.303932420070282,0.012744694342063089,14.929640187984077,0.0025790700328356168,0.09457301340152446,-0.0014294691120755596,18.96267134627783,0.047006371817301,7886.987613517107,0.34875
2025-11-05,0.62,0.68875,0.72125,0.76,0.82125,0.89,0.9425,0.96,154.12,136.1,50212.27,100.204,0.6501686997145081,,,,0,0.5,0,0,0,0,0,0,0,0,0.12,0.1211635979666652,0.18874999999999997,0.11529032950602436,0.22124999999999995,0.11151407598694285,0.26,0.11329013269902044,0.32125000000000004,0.12406279865404557,0.39,0.137990528803841,0.4425,0.1403798223293916,0.45999999999999996,0.13041686670984087,0.01175412510380464,22.758515357446726,0.011471465681749437,14.667118150920302,-0.00030120018310547317,0.09094527655601536,0.0001873973448367906,19.27821334818259,0.01853424375481481,6739.931136826897,0.33999999999999997
2025-11-06,0.625,0.69375,0.725,0.76375,0.825,0.89375,0.9475,0.965,153.06,135.89,50883.68,99.733,0.651594146086502,,,,0,0.5,0,0,0,0,0,0,0,0,0.125,0.12057205543598981,0.19374999999999998,0.11790794557725093,0.22499999999999998,0.11473393030074408,0.26375000000000004,0.11834029430792747,0.32499999999999996,0.12890109161824226,0.39375000000000004,0.1411369034336859,0.4475,0.1475813244182107,0.46499999999999997,0.1400803843210382,0.004416387224632034,21.476311381672275,0.0061306245731413515,14.10612685944767,0.0016849155373563382,0.0927276652913871,-0.0013632138041015382,19.006332853494712,0.029092440593599837,7887.815192552407,0.33999999999999997
2025-11-07,0.61875,0.68875,0.725,0.765,0.82625,0.895,0.94875,0.96625,153.43,135.86,50276.37,99.603,0.6491755197810075,,,,0,0.5,0,0,0,0,0,0,0,0,0.11875000000000002,0.10788352874447849,0.18874999999999997,0.10875449952622418,0.22499999999999998,0.11214088047275339,0.265,0.1174585542188954,0.32625000000000004,0.12773936489142212,0.395,0.1394058447243478,0.44875,0.14613860652494115,0.46625000000000005,0.14021565828711635,0.006600010497034589,22.172137219694804,0.004470566167505485,14.106416691830944,-0.0021374863022934135,0.08977812618605363,-0.001649710290297409,19.0503505177642,0.01420355645422112,7114.889656657622,0.34750000000000003
2025-11-10,0.6175,0.69,0.72125,0.76375,0.815,0.89125,0.96,0.9725,154.15,135.63,50911.76,99.589,0.6460525462212131,,,,0,0.5,0,0,0,0,0,0,0,0,0.11750000000000005,0.10528171788695628,0.18999999999999995,0.10977329819101223,0.22124999999999995,0.10704441250535157,0.26375000000000004,0.11458005060659704,0.31499999999999995,0.11464381038845817,0.39125,0.13349352844799,0.45999999999999996,0.15547019323979905,0.47250000000000003,0.14566502899543432,0.010965516336782992,22.801733646583074,0.004303553015386384,14.158484758161038,-0.006615303190057493,0.08747170304265273,-0.0032812425363673097,18.85501907429932,0.024611696710489468,7944.494598556485,0.355
2025-11-11,0.6075,0.685,0.71875,0.75875,0.81125,0.88,0.9425,0.96,154.16,135.8,50842.93,99.443,0.6450635703165543,,,,0,0.5,0,0,0,0,0,0,0,0,0.10750000000000004,0.09372177484981992,0.18500000000000005,0.10327348549467597,0.21875,0.10507163317347568,0.25875000000000004,0.10909304855773283,0.31125,0.11423850084908926,0.38,0.12235908993756528,0.4425,0.1322323995475202,0.45999999999999996,0.13029496699842913,0.01004409442628098,22.491793070980208,0.00259614560596048,14.030770186621481,-0.007400368517695032,0.08795189246973867,-0.0019952745431629925,19.133829528354198,0.02039856670762222,7658.452020453384,0.3524999999999999
2025-11-12,0.5975,0.68,0.71625,0.75125,0.80375,0.87,0.92625,0.9475,154.79,135.86,51063.31,99.495,0.6427740810129854,,,,0,0.5,0,0,0,0,0,0,0,0,0.09750000000000003,0.08608638238539923,0.18000000000000005,0.09919404941938692,0.21625000000000005,0.10325824852901866,0.25125,0.10299777917090758,0.30374999999999996,0.1087049849020284,0.37,0.11625217078052452,0.42625,0.12066121109647598,0.4475,0.12177332677713149,0.013192646678601488,23.004775278009816,0.002893922762199477,14.143389057648221,-0.010197029202208947,0.08655079835819057,-0.0013818652240384878,19.16487457914627,0.020504097744845042,7837.425079062581,0.35
2025-11-13,0.5775,0.67375,0.7125,0.7475,0.8,0.8625,0.9175,0.94,154.56,135.84,51281.83,99.156,0.6415372670807453,,,,0,0.5,0,0,0,0,0,0,0,0,0.07750000000000001,0.06985554029557806,0.17374999999999996,0.09464986506107731,0.21250000000000002,0.10041553794695546,0.24750000000000005,0.10232342009118844,0.30000000000000004,0.10840585976218153,0.36250000000000004,0.11349296853751412,0.4175,0.11899188263885607,0.43999999999999995,0.12014219769169654,0.010526315789473774,22.451197151730923,-0.0007059638068833219,13.798445066325115,-0.011149549447029736,0.08662964555168662,-0.001345360711056165,19.12407175804816,0.021188354586837488,7931.388816069724,0.36249999999999993
2025-11-14,0.57,0.66875,0.7075,0.74625,0.795,0.8575,0.91125,0.94,154.54,135.86,50376.53,99.299,0.6425456192571504,,,,0,0.5,0,0,0,0,0,0,0,0,0.06999999999999995,0.07096252995517827,0.16874999999999996,0.09231040573203475,0.20750000000000002,0.09699686323655243,0.24624999999999997,0.10334084144577671,0.29500000000000004,0.10591321086506245,0.35750000000000004,0.11285328715548026,0.41125,0.11816416810579156,0.43999999999999995,0.12497463090975847,0.00903983206610277,22.39446200137644,0.0002498131437978171,14.075585852680561,-0.008743206477157093,0.08866407333504567,-0.0011065322162626698,19.150554311964754,0.0010689601402244446,6880.475136780966,0.37
2025-11-17,0.5625,0.66375,0.70625,0.745,0.78875,0.85375,0.91125,0.94,155.26,135.72,50323.91,99.588,0.6414272832667783,,,,0,0.5,0,0,0,0,0,0,0,0,0.0625,0.06883693365626109,0.16374999999999995,0.08989752511616855,0.20625000000000004,0.09808512793208601,0.245,0.10331258297922108,0.28874999999999995,0.10254948045584655,0.35375,0.11259047239196684,0.41125,0.12255140075763171,0.43999999999999995,0.12680363825516705,0.012210943561057916,23.06792696383775,0.002577720461543216,14.346196748528996,-0.009548006288747414,0.08762442891250799,-0.0018606635140798976,19.00710724967351,-0.0026935289609108554,7121.35165608977,0.37749999999999995
2025-11-18,0.5475,0.65375,0.6975,0.73375,0.775,0.8375,0.895,0.9225,155.51,135.71,48702.98,99.55,0.6401517587293422,,,,0,0.5,0,0,0,0,0,0,0,0,0.04749999999999999,0.05878344682394798,0.15375000000000005,0.08264460756693759,0.1975,0.09051134905982927,0.23375,0.09304932028130686,0.275,0.09235419112925192,0.3375,0.09920807410128019,0.395,0.1080265844485161,0.4225,0.11034844008963185,0.012270138323840461,22.985137835628592,0.0017090938180310325,14.194171122831378,-0.01046187838966728,0.08699622610208768,-0.0018534590547357435,19.05482760184401,-0.0343550111201989,5580.6187058357245,0.375
2025-11-19,0.55625,0.665,0.705,0.7375,0.78375,0.8475,0.89875,0.92875,157.16,135.61,48537.7,100.228,0.6377449732756426,,,,0,0.5,0,0,0,0,0,0,0,0,0.05625000000000002,0.0754295861755705,0.16500000000000004,0.09877756953488537,0.20499999999999996,0.10193637849098247,0.23750000000000004,0.1016824491538495,0.28374999999999995,0.10791625605020716,0.34750000000000003,0.1168908181512156,0.39875000000000005,0.11921224244963202,0.42874999999999996,0.12426010577787738,0.021275489648180938,24.409967212497236,0.007875219279831907,14.854481414880112,-0.013160694145535603,0.08540972182951623,-0.002394517988310462,18.978661997593917,-0.0368888838356562,6088.548391071323,0.37249999999999994
2025-11-20,0.5875,0.68,0.71375,0.7575,0.815,0.87875,0.9325,0.96,157.48,134.96,49823.94,100.158,0.6360045720091441,,,,0,0.5,0,0,0,0,0,0,0,0,0.08750000000000002,0.10602827128039294,0.18000000000000005,0.1108799863661728,0.21375,0.10892345033396256,0.25749999999999995,0.12172487742500959,0.31499999999999995,0.13805242831469655,0.37875000000000003,0.14679175374709486,0.4325,0.15400482883607236,0.45999999999999996,0.1555671143317069,0.02153275320201982,23.958555180163984,0.00653314962932586,14.499528189179742,-0.014734998659014458,0.08500774156437685,-0.006737785693520969,18.382447204757653,-0.011872625301654153,7643.152998128964,0.37249999999999994
2025-11-21,0.575,0.67,0.71,0.745,0.80625,0.87625,0.92875,0.95625,156.4,135.24,48625.88,100.18,0.640537084398977,,,,0,0.5,0,0,0,0,0,0,0,0,0.07499999999999996,0.08158395166505372,0.17000000000000004,0.09433757003648047,0.20999999999999996,0.10139539049155899,0.245,0.10158512316840673,0.30625,0.11709952331305795,0.37625,0.13207508140983903,0.42874999999999996,0.13772366556009907,0.45625000000000004,0.13999918357894825,0.013274938290001403,22.475153388501866,0.006125332805731945,14.457648113509322,-0.007110448783791609,0.09078071510562702,-0.004361989950858602,18.944619928389017,-0.03561796541900662,6054.749362442977,0.3812500000000001
2025-11-25,0.6075,0.6925,0.7225,0.76125,0.8125,0.8775,0.93,0.96625,156.06,135.0,48659.52,99.664,0.6386261694220172,,,,0,0.5,0,0,0,0,0,0,0,0,0.10750000000000004,0.11582052421081057,0.1925,0.11882977797448124,0.22250000000000003,0.11428587013882929,0.26125,0.12074109770653263,0.3125,0.12347148367493599,0.37749999999999995,0.1309596768495318,0.43000000000000005,0.1371652384654155,0.46625000000000005,0.14836929920692166,0.01002844466880888,22.36262138793748,0.0005853078689272069,13.889705900800081,-0.009406977857411377,0.08762060372748381,-0.0057116342786439536,18.685204290074566,-0.034337815480914115,6487.551378494274,0.35875
2025-11-26,0.625,0.695,0.7225,0.76625,0.82125,0.8875,0.94,0.9775,156.48,134.96,49559.07,99.595,0.6364711145194274,,,,0,0.5,0,0,0,0,0,0,0,0,0.125,0.12018775987441677,0.19499999999999995,0.11242256805257944,0.22250000000000003,0.10913470131487779,0.26625,0.11967578623460517,0.32125000000000004,0.1290693194014194,0.38749999999999996,0.1390716882508224,0.43999999999999995,0.14549648031669093,0.47750000000000004,0.15454945211655835,0.011568260494341953,22.909065528859173,-0.0005148209215996749,13.993796429045005,-0.012008310482116886,0.08606256293272752,-0.005640060268704133,18.76028046688657,-0.015554823630536313,7484.936076959893,0.35250000000000004
2025-11-27,0.61375,0.6925,0.72,0.7625,0.81125,0.8775,0.925,0.95875,156.31,135.14,50167.1,99.595,0.6371633292815558,,,,0,0.5,0,0,0,0,0,0,0,0,0.11375000000000002,0.09780899328357151,0.1925,0.10611094323570158,0.21999999999999997,0.10497174865324044,0.26249999999999996,0.11209817114727494,0.31125,0.11431661678320593,0.37749999999999995,0.12404013517307544,0.42500000000000004,0.12560555782984995,0.45875,0.1294470109514605,0.009099389608167693,22.57505435451185,-0.0009800115755716219,14.058106537775444,-0.010050784412139501,0.08784057179288418,-0.003917550848925695,19.00316176936093,-0.00342532008990383,7788.129165648381,0.345
2025-11-28,0.62375,0.69375,0.7225,0.76375,0.81125,0.8775,0.925,0.95875,156.18,135.13,50253.91,99.444,0.6367268536304265,,,,0,0.5,0,0,0,0,0,0,0,0,0.12375000000000003,0.10791350533649258,0.19374999999999998,0.10646568540719603,0.22250000000000003,0.10752030305150073,0.26375000000000004,0.11324414677157624,0.31125,0.11648778956524031,0.37749999999999995,0.1261461645004811,0.42500000000000004,0.1298144076492631,0.45875,0.1345179643195884,0.007138573446054434,22.44442673574065,-0.0026067184934591503,13.928241709992037,-0.00973530536951543,0.0875468945771386,-0.0036240566576835557,18.956516785553347,-0.0006548830407763664,7559.835906400418,0.33499999999999996
2025-12-01,0.67875,0.71,0.73625,0.7825,0.8275,0.91625,0.965,0.99875,155.44,134.43,49303.28,99.414,0.639565105506948,,,,0,0.5,0,0,0,0,0,0,0,0,0.17874999999999996,0.15759610891237286,0.20999999999999996,0.12124866408371182,0.23624999999999996,0.1199078578667212,0.2825,0.13094580180133653,0.3275,0.13281837542457342,0.41625,0.16494069340798623,0.46499999999999997,0.1705382024444052,0.49875,0.17532747337121868,0.0019434247462751305,21.724032182514975,-0.0028516032871172504,13.966665168975865,-0.004844245493389452,0.0907475853444829,-0.008134580266725635,18.26321202200154,-0.017583595558462027,6469.491634601116,0.32000000000000006
2025-12-02,0.6775,0.70625,0.73125,0.7725,0.82375,0.8975,0.945,0.97875,155.87,134.7,49303.45,99.357,0.6374350420221979,,,,0,0.5,0,0,0,0,0,0,0,0,0.1775,0.13198574652654138,0.20625000000000004,0.11006080827676734,0.23124999999999996,0.108762878442203,0.27249999999999996,0.11282547651360164,0.32375,0.12241516544255926,0.39749999999999996,0.13050514082987497,0.44499999999999995,0.13473477379419752,0.47875,0.13952572259669793,0.004109977324263072,22.43218137265609,-0.0031998691760650485,13.942939995626489,-0.007336664174633195,0.08769508039891472,-0.0056508852807541626,18.821948052143014,-0.014528806535379532,6781.884252700154,0.30125
2025-12-03,0.6775,0.7075,0.73125,0.7725,0.825,0.8925,0.93875,0.98375,155.25,134.45,49864.68,98.854,0.6367407407407407,,,,0,0.5,0,0,0,0,0,0,0,0,0.1775,0.12427714865831385,0.20750000000000002,0.11013612303904718,0.23124999999999996,0.10865874991364222,0.27249999999999996,0.11411294623983714,0.32499999999999996,0.12302899471121687,0.39249999999999996,0.12814857288154968,0.43875,0.13173716108658695,0.48375,0.14776537131254808,-0.00038954223957807395,21.70629638609043,-0.00756419324056585,13.477092964907229,-0.00722593037519983,0.08767689617098118,-0.006975911133761219,18.55658783457403,-0.0016822257954435746,7414.081304681604,0.30625
2025-12-04,0.7,0.71875,0.74,0.78375,0.84625,0.905,0.9375,0.9825,155.09,134.11,51028.42,98.989,0.6382681023921594,,,,0,0.5,0,0,0,0,0,0,0,0,0.19999999999999996,0.1421717769783306,0.21875,0.11974864254814832,0.24,0.11679350158676938,0.28374999999999995,0.12500357314478117,0.34624999999999995,0.14301548825171695,0.405,0.14222730576507892,0.4375,0.13283394850321528,0.48250000000000004,0.14435883027128227,-0.0017314735547987376,21.76623378622409,-0.005602395659524594,13.828298342855021,-0.0039204416477326256,0.08969629428578307,-0.008758638530618295,18.336554222354096,0.020782509131290313,8382.85385655726,0.2825000000000001
2025-12-05,0.7025,0.72,0.74625,0.79625,0.865,0.935,0.97125,1.01625,155.34,133.94,50491.87,98.992,0.6372602034247458,,,,0,0.5,0,0,0,0,0,0,0,0,0.2025,0.1326175915550546,0.21999999999999997,0.11551384384970853,0.24624999999999997,0.11906909686932365,0.29625,0.13262117815426555,0.365,0.15260492053627395,0.43500000000000005,0.16733437337175716,0.47124999999999995,0.16752276039633407,0.5162500000000001,0.17766378918613013,-0.0008554540016595149,22.134114173548625,-0.005202008046455829,13.845827170054989,-0.004379789168894351,0.08829996327420708,-0.009301207492742049,18.351082448470862,0.010445243440644087,7329.164508049769,0.3137500000000001
2025-12-08,0.70125,0.7175,0.7425,0.79,0.85875,0.93125,0.99,1.03,155.93,133.84,50581.94,99.087,0.6354582184313474,,,,0,0.5,0,0,0,0,0,0,0,0,0.20125000000000004,0.12537134933174787,0.21750000000000003,0.11040821731758621,0.24250000000000005,0.1113763321866873,0.29000000000000004,0.11967157372747039,0.35875,0.13581790088894918,0.43125,0.14994726284905102,0.49,0.17300729906440293,0.53,0.17739591441444058,0.0021337035180400365,22.66565411469506,-0.003989089686416444,13.961181279651868,-0.0061301221915475036,0.08687125963806464,-0.009300759087023103,18.391777211572673,0.011938323624409655,7467.491362835499,0.32875
2025-12-09,0.6975,0.71625,0.745,0.79375,0.865,0.935,0.9875,1.04,156.88,133.96,50655.1,99.22,0.632457929627741,,,,0,0.5,0,0,0,0,0,0,0,0,0.1975,0.11857907392618483,0.21625000000000005,0.10868008845683175,0.245,0.11373777852734357,0.29374999999999996,0.12339185015629583,0.365,0.14057833526640418,0.43500000000000005,0.15061572950276592,0.48750000000000004,0.15902336237511006,0.54,0.1774264835555266,0.0073554671572451736,23.37012724412611,-0.0024671895955781387,14.072526683060346,-0.009769909674249311,0.08473794655665912,-0.007799248961211122,18.61777841871539,0.013662200415059347,7476.887050761441,0.3425
2025-12-10,0.705,0.7175,0.7425,0.78875,0.85875,0.92625,0.9875,1.03125,156.03,133.96,50602.8,98.786,0.6331218355444466,,,,0,0.5,0,0,0,0,0,0,0,0,0.20499999999999996,0.12515849198673046,0.21750000000000003,0.10967242427987145,0.24250000000000005,0.1096433064272696,0.28874999999999995,0.11610165672158157,0.35875,0.13018065446551563,0.42625,0.13818951777408173,0.48750000000000004,0.15561681721547738,0.53125,0.16051941704832906,0.0012963010498754921,22.063229531178507,-0.006502397856637538,13.585892423833343,-0.007802886524354823,0.08692196928201823,-0.007122686609200824,18.625891051086285,0.012858974337675539,7356.666240787235,0.32625000000000004
2025-12-11,0.70625,0.71625,0.7425,0.7875,0.8575,0.9175,0.955,1.00625,155.59,134.2,50148.82,98.346,0.632084324185359,,,,0,0.5,0,0,0,0,0,0,0,0,0.20625000000000004,0.12194075892383038,0.21625000000000005,0.10741737665616846,0.24250000000000005,0.10982590524986768,0.2875,0.1157174072065782,0.35750000000000004,0.12941595666368522,0.4175,0.13092837281866165,0.45499999999999996,0.12079249148444238,0.5062500000000001,0.1352548744868618,-0.001783560448584646,21.804285278901204,-0.010355712849597128,13.306407116207964,-0.008598402229864426,0.08618323968032104,-0.004731603850546621,18.89118380069658,0.004691679964452895,6884.880012223941,0.30000000000000004
2025-12-12,0.71125,0.72125,0.7425,0.7875,0.86,0.92,0.96875,1.01875,155.82,134.05,50836.55,98.399,0.6314914645103324,,,,0,0.5,0,0,0,0,0,0,0,0,0.21125000000000005,0.12421003180941581,0.22124999999999995,0.11229730464132659,0.24250000000000005,0.10953106115815825,0.2875,0.11600898951279859,0.36,0.13177620500831322,0.42000000000000004,0.13655652649950978,0.46875,0.14589260663549075,0.51875,0.15635398469552209,-0.0007118533197376943,22.2184966363738,-0.009445097382905311,13.5818926269463,-0.008747348687718728,0.08627356055004787,-0.005183731173259781,18.66817589849427,0.018924285470690038,7731.218595712075,0.3075
2025-12-15,0.71625,0.72375,0.74625,0.7925,0.865,0.92,0.96875,1.01875,155.22,134.07,50168.11,98.309,0.6333526607395954,,,,0,0.5,0,0,0,0,0,0,0,0,0.21625000000000005,0.1253933677338508,0.22375,0.11243379180120117,0.24624999999999997,0.11296199665155504,0.2925,0.12084047898407957,0.365,0.13525733243732896,0.42000000000000004,0.13606554655337455,0.46875,0.14303048878227542,0.51875,0.15310934139060972,-0.004776712724008439,21.566694675261857,-0.00985771155051862,13.54826613527149,-0.005108003255713291,0.08870981067743866,-0.0043740113917376386,18.739387570774625,0.005736714210148689,6821.209780662917,0.3025
2025-12-16,0.71625,0.72125,0.745,0.7925,0.865,0.92,0.96875,1.01875,154.72,133.43,49383.29,98.146,0.6343459152016546,,,,0,0.5,0,0,0,0,0,0,0,0,0.21625000000000005,0.12135724335348153,0.22124999999999995,0.10797613056869215,0.245,0.10991768193037699,0.2925,0.1186051981233126,0.365,0.1324311208962936,0.42000000000000004,0.13578934137412468,0.46875,0.14243973631109041,0.51875,0.1521502665296628,-0.007810796598648293,21.290776603230483,-0.010781061253945278,13.459425247625461,-0.0029932472627019115,0.08927102152945898,-0.008283504714053869,18.111438671127672,-0.009062530760934981,6232.185628324434,0.3025
2025-12-17,0.71875,0.7225,0.745,0.8025,0.8775,0.93,0.98375,1.03125,155.69,133.23,49512.28,98.368,0.6318196415954782,,,,0,0.5,0,0,0,0,0,0,0,0,0.21875,0.12171357627797053,0.22250000000000003,0.10926014859852029,0.245,0.10969157342232949,0.3025,0.12775378072900434,0.37749999999999995,0.1436701436041754,0.43000000000000005,0.14548014757047245,0.48375,0.15704462801702956,0.53125,0.16396731511326856,-0.001647995793442494,22.519446044405726,-0.007952576002291335,13.784043695604566,-0.006313163368552189,0.08635168872360444,-0.008856536019431666,18.180197236691868,-0.007280254505501474,6714.978573763525,0.3125
2025-12-18,0.72,0.725,0.745,0.80375,0.87375,0.935,0.99,1.03125,155.56,133.34,49001.5,98.427,0.6327269220879403,,,,0,0.5,0,0,0,0,0,0,0,0,0.21999999999999997,0.12028915791698247,0.22499999999999998,0.11081779406919401,0.245,0.10932494592524444,0.30374999999999996,0.12442069522031685,0.37375,0.13400872021126242,0.43500000000000005,0.14614151698181543,0.49,0.15694224431208326,0.53125,0.15836789850768263,-0.0019696279520361355,22.09009420460157,-0.006455259850706325,13.799917731512508,-0.004493417851284855,0.08820287553719497,-0.007199922565465572,18.45860540290289,-0.01797797814889523,6263.349058655091,0.31125
2025-12-19,0.72625,0.72875,0.7575,0.81875,0.88625,0.95,1.0125,1.05625,157.76,132.85,49507.21,98.599,0.6249936612576066,2025-12-19,0.75," ""MPM (Hike to 0.75%)""",1,0.75,0,0,0,0,0,0,0,0,-0.02375000000000005,0.1243568895987942,-0.02124999999999999,0.112999855852014,0.007499999999999951,0.12150460960512899,0.06874999999999998,0.13727281830113947,0.13624999999999998,0.14579416972096493,0.19999999999999996,0.15761794578325095,0.26249999999999996,0.1748263290162071,0.3062499999999999,0.1813477154056804,0.012054066884354031,24.27475877753517,-0.003935303628550977,13.952412631966624,-0.015808100496097408,0.08040826794934897,-0.010070677302414769,18.000120705784667,-0.007528235368150138,7015.752312666831,0.32999999999999996
2025-12-22,0.72875,0.76,0.82375,0.8875,0.94375,1.01125,1.0675,1.12625,157.06,132.4,50402.39,98.286,0.6257863236979498,,,,0,0.75,0,0,0,0,0,0,0,0,-0.02124999999999999,0.12286786641108338,0.010000000000000009,0.14199677506662778,0.07374999999999998,0.18247887258636908,0.13749999999999996,0.19885829027406154,0.19374999999999998,0.1973538169051262,0.26125,0.2113401718232396,0.3174999999999999,0.21884162311782873,0.37625,0.24010517394333175,0.00735020588273032,22.680141894653616,-0.006146489392414181,13.572736077349958,-0.013414037904149433,0.08436835815215504,-0.012378831787377845,17.78180629247464,0.008621413083834888,7797.631357214588,0.39749999999999996
2025-12-23,0.7275,0.7525,0.80875,0.87,0.92625,0.97125,1.0375,1.1075,156.22,132.85,50412.87,97.942,0.6269491742414544,,,,0,0.75,0,0,0,0,0,0,0,0,-0.022499999999999964,0.11864565336126098,0.0024999999999999467,0.12098411397702913,0.05874999999999997,0.13921674546553564,0.12,0.15122433216855768,0.17625000000000002,0.15454598608557069,0.22124999999999995,0.14402006115408783,0.2875000000000001,0.1628461185955825,0.35749999999999993,0.18942238064545858,0.0019112120162645542,21.846524579397595,-0.008761964522013764,13.33967284571942,-0.010670091977793804,0.08622310245257214,-0.00822682752030581,18.49988400890777,0.007064391239561945,7442.27710267964,0.3799999999999999
2025-12-24,0.72875,0.75625,0.825,0.885,0.9425,0.98625,1.04625,1.11125,155.94,132.8,50344.1,97.941,0.6280684878799538,,,,0,0.75,0,0,0,0,0,0,0,0,-0.02124999999999999,0.11862048005201731,0.006249999999999978,0.12326681161612874,0.07499999999999996,0.15246745020043828,0.135,0.163359870969495,0.1925,0.16939978281297563,0.23624999999999996,0.16590646717572965,0.2962499999999999,0.17456804620974709,0.36125000000000007,0.18989960970170439,0.00028865582603685764,21.836272490586282,-0.007941753384779177,13.509236436475547,-0.008246304772493405,0.08735789879872446,-0.007800125519261101,18.379642393757564,0.004902673351380062,7265.199976672717,0.38250000000000006
2025-12-25,0.72875,0.7575,0.825,0.89375,0.95,1.0075,1.0675,1.12625,155.8,132.68,50407.79,105.8706012530088,0.6825635785197636,,,,0,0.75,0,0,0,0,0,0,0,0,-0.02124999999999999,0.1168761098198432,0.007499999999999951,0.12131010466255199,0.07499999999999996,0.14275166469245804,0.14375000000000004,0.1626045775768088,0.19999999999999996,0.16765496080693676,0.25750000000000006,0.18070077811009888,0.3174999999999999,0.19061754748648319,0.37625,0.199428352711281,-0.00044588582115151834,21.854927765406586,0.06898073398117363,21.499780096915842,0.07395479484088725,0.1416088573480644,-0.007784865503548409,18.296066340095066,0.005932327420762334,7301.659537876047,0.39749999999999996
2025-12-26,0.72875,0.75875,0.82625,0.89875,0.95,1.0075,1.07,1.12625,156.56,132.7,50750.39,98.022,0.6260986203372509,,,,0,0.75,0,0,0,0,0,0,0,0,-0.02124999999999999,0.11564430247662649,0.008750000000000036,0.12028893236809135,0.07625000000000004,0.1396561468584766,0.14875000000000005,0.15962659348893982,0.19999999999999996,0.16051110918567058,0.25750000000000006,0.16938842827391543,0.32000000000000006,0.18184396762349686,0.37625,0.18991697046291312,0.004307565984662171,22.713947590167265,-0.009555943761180966,10.515090965464054,-0.014063565078677988,0.06340452880978809,-0.0067328096287784705,18.393172617862177,0.012267753155049835,7593.809613868827,0.39749999999999996
2025-12-29,0.72875,0.75875,0.82625,0.89125,0.9525,1.01,1.075,1.135,156.06,132.61,50526.92,98.037,0.6282006920415225,,,,0,0.75,0,0,0,0,0,0,0,0,-0.02124999999999999,0.11461567588496058,0.008750000000000036,0.11835225106745806,0.07625000000000004,0.13628282858360274,0.14125,0.14603635531478798,0.2025,0.15932133371919344,0.26,0.16737418815982186,0.32499999999999996,0.18123406376749485,0.385,0.1942702254041302,0.0009011060194523646,21.94231165712921,-0.00871476059288482,12.742602345715909,-0.009867404200824527,0.08165058941729353,-0.006729908582599493,18.33490979528696,0.006582049386527109,7207.624768478112,0.40625
2025-12-30,0.7275,0.76125,0.835,0.90125,0.9625,1.03,1.095,1.155,156.41,132.41,50339.48,98.238,0.6280800460328624,,,,0,0.75,0,0,0,0,0,0,0,0,-0.022499999999999964,0.11246210780738664,0.011249999999999982,0.11959019624883493,0.08499999999999996,0.14271763749511446,0.15125,0.15554676764326258,0.21250000000000002,0.1656949599468085,0.28,0.1834574222972838,0.345,0.19590338428679166,0.405,0.20769760002064674,0.0029721731491247445,22.41541481602485,-0.006120114633054799,13.39085271160178,-0.009327196211565253,0.08407884142265187,-0.007376643627149713,18.19897549891894,0.0018140803517921048,7049.767689036213,0.4275
2026-01-05,0.7275,0.76375,0.84125,0.9075,0.965,1.0375,1.12,1.18,156.4,132.01,51832.8,98.27,0.6283248081841432,,,,0,0.75,0,0,0,0,0,0,0,0,-0.022499999999999964,0.11216738144569016,0.01375000000000004,0.12011755237839794,0.09125000000000005,0.14367969000143943,0.15749999999999997,0.1561539367804622,0.21499999999999997,0.16188393686525926,0.2875000000000001,0.1805331821808761,0.3700000000000001,0.20991248721331135,0.42999999999999994,0.22132609347569665,0.002538396451373138,22.28311259155214,-0.005502576031748835,13.528505155364869,-0.008282905636893368,0.08556480983897119,-0.009469355903715714,17.913199398326782,0.0295166827264646,8610.314355680872,0.4524999999999999
2026-01-06,0.7275,0.7625,0.84125,0.9075,0.96375,1.0375,1.12,1.18,156.64,132.0,52518.08,98.58,0.6293411644535241,,,,0,0.75,0,0,0,0,0,0,0,0,-0.022499999999999964,0.11155839000452095,0.012499999999999956,0.11675357654066087,0.09125000000000005,0.1386622894501932,0.15749999999999997,0.15090923478667728,0.21375,0.156621758916496,0.2875000000000001,0.1732689919435424,0.3700000000000001,0.19528800992070372,0.42999999999999994,0.20645776443924224,0.003578258794283633,22.48892437968297,-0.002158851923078042,13.902893962321244,-0.005978458396464975,0.08716934237435892,-0.008759710587873176,18.113650848287236,0.041586969310308856,8710.960099333191,0.4524999999999999
2026-01-07,0.7275,0.7525,0.8275,0.8925,0.9525,1.01125,1.09,1.15,156.77,132.11,51961.98,98.684,0.6294826816355169,,,,0,0.75,0,0,0,0,0,0,0,0,-0.022499999999999964,0.11093302555124418,0.0024999999999999467,0.10609735238083773,0.07750000000000001,0.12236598479372385,0.14249999999999996,0.13315329326098757,0.2025,0.14342252208891526,0.26125,0.14331322843035355,0.3400000000000001,0.15922202745215674,0.3999999999999999,0.1701825096556805,0.003951252937823921,22.50075644833126,-0.0009504158480714277,13.929928485263218,-0.005143880915089476,0.08731803702058116,-0.007251549877888222,18.310616417219507,0.029057691576465858,7704.522569804198,0.4224999999999999
2026-01-08,0.72875,0.74625,0.81625,0.88125,0.94125,1.00375,1.06875,1.1275,156.88,132.67,51117.26,98.934,0.630634880163182,,,,0,0.75,0,0,0,0,0,0,0,0,-0.02124999999999999,0.11157843643845966,-0.003750000000000031,0.10311888319460871,0.06625000000000003,0.1147866710337303,0.13124999999999998,0.1258795249913076,0.19125000000000003,0.13495424508048004,0.2537499999999999,0.14370365323848122,0.3187500000000001,0.14602731878083774,0.37749999999999995,0.15559878237895686,0.0043501781364335594,22.513699657280085,0.0016580900666697915,14.134818444584027,-0.0029428798373969836,0.08858831605803585,-0.002604939988648177,18.88095493184244,0.011792487655648231,6903.543763610753,0.39874999999999994
2026-01-09,0.7275,0.74875,0.82125,0.8875,0.9525,1.01375,1.0775,1.135,157.88,132.48,51939.89,99.133,0.627900937420826,,,,0,0.75,0,0,0,0,0,0,0,0,-0.022499999999999964,0.10925391296065445,-0.0012499999999999734,0.10866447234782761,0.07125000000000004,0.12448304723117354,0.13749999999999996,0.13680009344071253,0.2025,0.15059911113144342,0.26374999999999993,0.1578178412118152,0.3274999999999999,0.16394344685908968,0.385,0.17261557200672506,0.010428766627946838,23.425645404325167,0.003717072506382575,14.226690155088647,-0.006907594350680364,0.08553647930613673,-0.003478947665344083,18.494160258706472,0.026769696127023006,8023.480507920365,0.4075
2026-01-13,0.7275,0.75,0.82375,0.89125,0.95875,1.02625,1.095,1.16,159.13,131.97,53549.16,99.134,0.6229749261610005,,,,0,0.75,0,0,0,0,0,0,0,0,-0.022499999999999964,0.10905550277129583,0.0,0.10971628072990347,0.07374999999999998,0.1259959846946297,0.14125,0.13898129925111746,0.20875,0.15315984850893372,0.2762500000000001,0.1672233928992679,0.345,0.18007778795673302,0.4099999999999999,0.1967807422253225,0.017419464149278495,24.23286083778771,0.003550397771030871,14.11793441574143,-0.01390734585281436,0.08169225582761186,-0.006571667306519655,18.018171469011634,0.05550852670607069,9366.965735669794,0.4324999999999999
2026-01-14,0.73,0.765,0.845,0.9175,0.98,1.04375,1.10875,1.165,158.45,131.86,54341.23,99.133,0.6256421584095929,,,,0,0.75,0,0,0,0,0,0,0,0,-0.020000000000000018,0.11111032823245792,0.015000000000000013,0.124211010629936,0.09499999999999997,0.14589364199589838,0.16749999999999998,0.16312865911840624,0.22999999999999998,0.17064019100186079,0.29374999999999996,0.17867068065384717,0.3587499999999999,0.1864414737966429,0.41500000000000004,0.19150326500382675,0.012146395525987147,22.90233754249755,0.0031406767574672315,14.07845689309734,-0.0091802682368738,0.08669696232412905,-0.006524720100055645,18.121917350916647,0.06671355074795457,9437.983929522,0.43500000000000005
2026-01-15,0.73,0.7725,0.8575,0.9275,0.98,1.0475,1.1125,1.17375,158.65,132.04,54110.5,99.321,0.6260384494169555,,,,0,0.75,0,0,0,0,0,0,0,0,-0.020000000000000018,0.10964019923082113,0.022499999999999964,0.12549952414415433,0.10750000000000004,0.14923876333817232,0.1775,0.16164099255341347,0.22999999999999998,0.16049258258143195,0.2975000000000001,0.17314732188997772,0.36250000000000004,0.1821638704720483,0.42375000000000007,0.19485506845009604,0.012508775288786828,23.13714198029723,0.004574448736855208,14.246652665972249,-0.008124383647898378,0.08684430680848676,-0.004414686466780492,18.416260829454302,0.05878208527914853,8653.445884049033,0.4437500000000001
2026-01-16,0.73,0.7875,0.8825,0.94375,0.99875,1.065,1.13,1.19125,158.12,131.91,53936.17,99.393,0.628592208449279,,,,0,0.75,0,0,0,0,0,0,0,0,-0.020000000000000018,0.10885641936521706,0.03749999999999998,0.13547804502233707,0.13249999999999995,0.166144094870467,0.19374999999999998,0.16996336564771264,0.24875000000000003,0.17551548104884052,0.31499999999999995,0.18554834862148795,0.3799999999999999,0.1948943978227412,0.4412499999999999,0.20615192596721865,0.008193324194217012,22.469569469313825,0.004751880449273555,14.231234653208872,-0.003702568966881048,0.08939788435921092,-0.004584300186767905,18.26960321888241,0.051494641329330855,8342.134226312279,0.46124999999999994
2026-01-19,0.73,0.7775,0.88,0.9475,1.0025,1.07625,1.1425,1.205,158.12,131.34,53583.57,99.393,0.628592208449279,,,,0,0.75,0,0,0,0,0,0,0,0,-0.020000000000000018,0.10838899248708556,0.02749999999999997,0.11747853479944603,0.13,0.15032943773868646,0.1975,0.1637087970067994,0.25249999999999995,0.1695158378536059,0.32624999999999993,0.18713336689910154,0.39250000000000007,0.19787689728838964,0.45500000000000007,0.20996976435892822,0.0071016846597242705,22.604123180648628,0.004118995643508789,14.171897515252752,-0.0032480784494975205,0.08849588867255453,-0.008103433952859456,17.76760750391439,0.04036113853008803,7946.159215043153,0.4750000000000001
2026-01-20,0.73,0.775,0.8825,0.9575,1.0125,1.1,1.16875,1.2325,158.16,131.04,52991.1,98.641,0.6236785533636824,,,,0,0.75,0,0,0,0,0,0,0,0,-0.020000000000000018,0.10799951712333322,0.025000000000000022,0.11593880283411939,0.13249999999999995,0.1487361615567121,0.20750000000000002,0.16796896362228453,0.26249999999999996,0.17412868615346833,0.3500000000000001,0.20241701408173018,0.41874999999999996,0.21524071256041444,0.48249999999999993,0.22783398124340826,0.006564690683103282,22.649395609099173,-0.0036154942525533037,13.39407045723739,-0.010400860150587802,0.08340309274125857,-0.009550011904446924,17.728548806097592,0.02539498874386776,7429.432462856639,0.5025
2026-01-21,0.735,0.795,0.89625,0.9625,1.02375,1.11,1.17,1.23,158.27,131.33,52774.64,98.761,0.6240032855247362,,,,0,0.75,0,0,0,0,0,0,0,0,-0.015000000000000013,0.11264383155154245,0.04500000000000004,0.13627577221718112,0.14625,0.15864028273326947,0.21250000000000002,0.16575162621961226,0.27374999999999994,0.1784134695992724,0.3600000000000001,0.19898175960489617,0.41999999999999993,0.201940992691946,0.48,0.20994462946713544,0.006396886763658563,22.730875221331218,-0.0025716148297933988,13.79876633621646,-0.009199874893523384,0.08564518625560658,-0.0066034810102646585,18.231808278084003,0.017491987473089197,7434.158558123017,0.495
2026-01-22,0.7325,0.7825,0.89375,0.96,1.02,1.105,1.1625,1.2225,158.41,131.6,53688.89,98.359,0.6209140837068367,,,,0,0.75,0,0,0,0,0,0,0,0,-0.01749999999999996,0.10782407073882438,0.03249999999999997,0.11538795863745754,0.14375000000000004,0.14823629321695975,0.20999999999999996,0.15774988054567451,0.27,0.16684772581381613,0.355,0.18447789339746112,0.4125000000000001,0.1880733575393847,0.4724999999999999,0.19718837260956446,0.007078987771501694,22.804188728225512,-0.0065111760270054895,13.427193595581471,-0.013785532380291572,0.0830156917516276,-0.00409034323314963,18.47867623661,0.03096273219259973,8479.987951863477,0.4899999999999999
2026-01-23,0.72875,0.7725,0.90125,0.97125,1.04,1.1225,1.185,1.2425,155.72,131.36,53846.87,97.599,0.6267595684562035,2026-01-23,0.75," ""MPM""",1,0.75,0,0,0,0,0,0,0,0,-0.02124999999999999,0.10417063874673982,0.022499999999999964,0.10752887323623306,0.15125,0.15326342493231615,0.22124999999999995,0.1669551447805253,0.29000000000000004,0.18469624396809947,0.37250000000000005,0.19923635662117523,0.43500000000000005,0.20967327081489984,0.49249999999999994,0.21646712903128473,-0.00960061566054718,20.024417191079124,-0.013845509048696684,12.85265123118937,-0.004577930107562285,0.09038957585469287,-0.005515241675089025,18.156419285431426,0.030588052413070794,8308.464474747532,0.5137499999999999
2026-01-26,0.7975,0.92125,0.99125,1.055,1.1475,1.21875,1.28375,1.3475,154.17,131.55,52885.25,97.04,0.6294350392423949,,,,0,0.75,0,0,0,0,0,0,0,0,0.04749999999999999,0.17411517058673254,0.17125,0.26005946088731513,0.24124999999999996,0.23820266886560415,0.30499999999999994,0.2442784503374561,0.39749999999999996,0.28212260732634387,0.46875,0.2858143816430161,0.53375,0.2974820765374717,0.5974999999999999,0.31154543292056824,-0.018819171752786103,19.508284418580303,-0.019046708918458003,12.662319951839692,-0.0005260358328037438,0.09130435446991048,-0.0035864827095174194,18.436421052256705,0.009794232174645482,7186.900982726787,0.5499999999999999
2026-01-27,0.78875,0.9125,0.98875,1.05875,1.14875,1.22375,1.2975,1.37125,152.19,131.23,53333.54,96.217,0.6322163085616663,,,,0,0.75,0,0,0,0,0,0,0,0,0.03874999999999995,0.13798692548025449,0.16249999999999998,0.19256538939934364,0.23875000000000002,0.19714132339485335,0.3087500000000001,0.21155430241438244,0.39874999999999994,0.23625279487019668,0.4737499999999999,0.2480082751444278,0.5475000000000001,0.2672457355235289,0.6212500000000001,0.289084159315939,-0.03026325431137484,18.440634010617174,-0.02651794442772982,12.191387676186011,0.0035598289259039417,0.09267207951244627,-0.005418924551896649,18.07605089324285,0.015455770340437129,7945.444919612462,0.5825000000000001
2026-01-28,0.78,0.8975,0.9725,1.04125,1.1075,1.1875,1.26625,1.34,153.41,131.72,53358.71,96.446,0.628681311518154,,,,0,0.75,0,0,0,0,0,0,0,0,0.030000000000000027,0.1244043298699492,0.14749999999999996,0.16339202762286387,0.22250000000000003,0.16922132440618387,0.29125,0.18038635166389483,0.35749999999999993,0.17885920196981298,0.4375,0.19522845913228704,0.5162500000000001,0.21562014160273368,0.5900000000000001,0.23282705210446464,-0.021744675424053034,20.786731768751054,-0.01952641517585971,12.89076902300657,0.002234593551860881,0.08758736568860703,-0.0013419562234167001,18.6970106193462,0.013088995270235272,7857.167694776035,0.56
2026-01-29,0.77625,0.8975,0.97,1.0375,1.1,1.18125,1.25625,1.3175,153.12,131.52,53375.6,96.283,0.6288074712643678,,,,0,0.75,0,0,0,0,0,0,0,0,0.026249999999999996,0.12063432978315236,0.14749999999999996,0.16089221840507895,0.21999999999999997,0.16625149082334478,0.2875000000000001,0.17613353617232286,0.3500000000000001,0.17872469385886314,0.4312499999999999,0.19438549933021476,0.5062500000000001,0.20780485788015346,0.5674999999999999,0.21096606920561012,-0.02252183238853986,20.436630941765884,-0.020317501663617482,12.820861419994728,0.0022193158511603314,0.08858056542954851,-0.002412051153688709,18.348571709595888,0.010890372382637823,7834.214960461941,0.5412499999999999
2026-01-30,0.76875,0.89,0.96375,1.03,1.1,1.19,1.255,1.31,154.78,131.61,53322.85,96.991,0.6266378085023905,,,,0,0.75,0,0,0,0,0,0,0,0,0.018750000000000044,0.11318031979711307,0.14,0.14944378459606322,0.21375,0.15808712776222045,0.28,0.16708420944507107,0.3500000000000001,0.18039465922446274,0.43999999999999995,0.20372674057303186,0.5049999999999999,0.20737842955813868,0.56,0.2084174162133845,-0.011520972768609833,22.319664574582106,-0.012588124506884452,13.67990262178536,-0.0011143716383834807,0.08648688361412593,-0.0013506540807961943,18.490960441875274,0.007224570561013128,7751.395528618326,0.54125
2026-02-02,0.785,0.90625,0.97625,1.04,1.11,1.19,1.2575,1.3125,155.62,131.79,52655.18,97.632,0.6273743734738466,,,,0,0.75,0,0,0,0,0,0,0,0,0.03500000000000003,0.13152277632932619,0.15625,0.16539715859286863,0.22624999999999995,0.1707215877857028,0.29000000000000004,0.17775172749074797,0.3600000000000001,0.18918520924307636,0.43999999999999995,0.19854585034513073,0.5075000000000001,0.20839180041811023,0.5625,0.21283584790618404,-0.005905668995078044,22.62732033386652,-0.005755764930160842,14.123244314608542,0.00011599229884788422,0.08811270592601506,0.0002504610760717612,18.65171439575954,-0.007557717587326157,7084.343479361887,0.5275
2026-02-03,0.795,0.91875,0.9925,1.0575,1.13375,1.2125,1.2875,1.34375,155.75,131.49,54720.66,97.437,0.6255987158908507,,,,0,0.75,0,0,0,0,0,0,0,0,0.04500000000000004,0.13496839690031093,0.16874999999999996,0.16957300103342665,0.24250000000000005,0.18056935415041508,0.3075000000000001,0.189975233179149,0.38375000000000004,0.20731940552324124,0.4624999999999999,0.2180718901942944,0.5375000000000001,0.23533341050760015,0.59375,0.24212916875311663,-0.004868636270701291,22.320385333342273,-0.007320523393735692,13.649427823874063,-0.002497891378269419,0.08631009058136696,-0.0018294858461560715,18.28151646412701,0.028573075170745577,9404.305284210219,0.54875
2026-02-04,0.7925,0.91625,0.98875,1.055,1.1275,1.2025,1.27,1.325,156.87,131.57,54293.36,97.616,0.6222732198635813,,,,0,0.75,0,0,0,0,0,0,0,0,0.04249999999999998,0.12612423104723147,0.16625,0.15833195446910908,0.23875000000000002,0.16732694724696384,0.30499999999999994,0.17781752612033364,0.37749999999999995,0.18876116321895398,0.4524999999999999,0.19667421201952084,0.52,0.20353019656695048,0.575,0.2091412755045048,0.0022137250955928042,23.260799617475158,-0.005008289389123211,13.83429039171746,-0.007240911574169966,0.08374790583911984,-0.001059149112250811,18.465279433062733,0.01884128922229373,8217.238826110173,0.5325
2026-02-05,0.7975,0.91875,0.99125,1.0575,1.1375,1.21625,1.2875,1.3475,157.04,131.65,53818.04,97.824,0.6229240957717779,,,,0,0.75,0,0,0,0,0,0,0,0,0.04749999999999999,0.12943667823169325,0.16874999999999996,0.15768153995213607,0.24124999999999996,0.16717129499020833,0.3075000000000001,0.17718517713884707,0.38749999999999996,0.19628771910820864,0.46625000000000005,0.20969202964848854,0.5375000000000001,0.22244985987169796,0.5974999999999999,0.23374857968472873,0.003213297814574282,22.90989862805111,-0.00245094165208872,13.9648114567225,-0.005682323126165959,0.0859865251103904,-0.00027717343843134675,18.543616368608895,0.008165964023518086,7695.747143892753,0.5499999999999999
2026-02-06,0.79625,0.92,0.9925,1.06,1.13625,1.21875,1.28875,1.35375,157.22,131.59,54253.68,97.633,0.6209960564813637,,,,0,0.75,0,0,0,0,0,0,0,0,0.04625000000000001,0.12469257950837809,0.17000000000000004,0.1553013417846968,0.24250000000000005,0.16500827416593344,0.31000000000000005,0.17613255217979906,0.38625,0.18846582326992767,0.46875,0.2046557488814682,0.5387500000000001,0.2151033291184541,0.60375,0.22969290404593568,0.00425412317794497,22.84835899576018,-0.003737781800482346,13.668639828368256,-0.00799675113375155,0.08435298689447834,-0.0003228685924827818,18.460369505330547,0.013349824257368439,8255.553484511001,0.5575
2026-02-09,0.8,0.92375,0.9975,1.0725,1.155,1.24125,1.32125,1.38625,155.88,131.06,56363.94,96.816,0.6210931485758276,,,,0,0.75,0,0,0,0,0,0,0,0,0.050000000000000044,0.12716762357813494,0.17374999999999996,0.15612441236839347,0.24750000000000005,0.16721422234858485,0.3225,0.18526287555925547,0.405,0.2043546436193333,0.49124999999999996,0.22260198354897298,0.57125,0.24326967556989532,0.63625,0.2554492974772038,-0.0036688100016619087,21.321162296727806,-0.010905316475870107,12.893839599544506,-0.007301871517324024,0.08546443013336558,-0.0038119054586637654,17.953235207842198,0.048433517118173154,10197.822044703156,0.5862499999999999
2026-02-10,0.79,0.92,0.99625,1.07625,1.15625,1.235,1.31875,1.3825,154.38,131.53,57650.54,96.799,0.627017748413007,,,,0,0.75,0,0,0,0,0,0,0,0,0.040000000000000036,0.11453362315108795,0.17000000000000004,0.14876995664882753,0.24624999999999997,0.16194810268994564,0.32624999999999993,0.1817964758398154,0.40625,0.1957660686097178,0.4850000000000001,0.2044697934387223,0.5687500000000001,0.22487671837892842,0.6325000000000001,0.2350202710114262,-0.01175612051223783,20.264317235022418,-0.009898053222620724,13.209713808778503,0.001843784164263405,0.09175970195883132,-7.222165205152177e-05,18.64526531248991,0.06829073008806266,10579.105134344325,0.5925
2026-02-12,0.79625,0.92375,0.99625,1.07375,1.1575,1.23875,1.3275,1.3925,152.75,131.55,57639.84,96.925,0.6345335515548282,,,,0,0.75,0,0,0,0,0,0,0,0,0.04625000000000001,0.1233637216749901,0.17374999999999996,0.15182905638417687,0.24624999999999997,0.16016698983012823,0.32375,0.17449210856103536,0.4075,0.19229522535951749,0.48875,0.20574153604864764,0.5774999999999999,0.22840504445307852,0.6425000000000001,0.2398645703293545,-0.020403189862215138,19.33421099831935,-0.007488508165883865,13.44359418068585,0.013132814044700123,0.09715700344500566,0.00019768255223389237,18.549085139435192,0.0648380565532,9760.672264872162,0.5962500000000001
2026-02-13,0.7825,0.9125,0.98625,1.06,1.1375,1.2175,1.305,1.37,152.71,131.8,56941.97,96.915,0.6346342741143344,,,,0,0.75,0,0,0,0,0,0,0,0,0.03249999999999997,0.10724608798706048,0.16249999999999998,0.1377906789075899,0.23624999999999996,0.14853900836263356,0.31000000000000005,0.15894187398992587,0.38749999999999996,0.16873712556515796,0.4675,0.18038029857868287,0.5549999999999999,0.19865464167386726,0.6200000000000001,0.20947635097939,-0.01879082080130045,20.167988889813557,-0.006366879921259792,13.440226710319422,0.012598758406159882,0.09372758853574614,0.0021899142283594722,18.776005253431705,0.04920149941811329,8746.917121411192,0.5875000000000001
2026-02-16,0.77375,0.8975,0.975,1.0475,1.115,1.1775,1.24875,1.3075,153.51,131.93,56806.41,96.915,0.631326949384405,,,,0,0.75,0,0,0,0,0,0,0,0,0.02375000000000005,0.10306286880695736,0.14749999999999996,0.12562251398257374,0.22499999999999998,0.13988075632949204,0.2975000000000001,0.15013228386708688,0.365,0.15173212538571468,0.4275,0.14626068197619624,0.49875,0.1474806011020775,0.5575000000000001,0.15177059231527967,-0.012187588479061245,21.297036809484325,-0.005103062145256996,13.467076001797878,0.0071019925341574254,0.0892508320542359,0.0031707891995470415,18.801692822213923,0.04394317385249777,8695.161780883907,0.5337500000000001
2026-02-17,0.76125,0.885,0.96,1.03,1.1,1.16625,1.24375,1.30375,153.29,132.59,56566.49,97.155,0.6337986822362842,,,,0,0.75,0,0,0,0,0,0,0,0,0.011249999999999982,0.09502280319015277,0.135,0.1191082197768163,0.20999999999999996,0.1293236174589859,0.28,0.13768796639098468,0.3500000000000001,0.14609052224124297,0.41625,0.15143232177517474,0.4937499999999999,0.16472783355387488,0.55375,0.1725734206526779,-0.012067993232901007,20.941940383569232,-0.0014922888133837614,13.728432396786559,0.01062525243459395,0.09242973505823637,0.007710402012532714,19.380815914544627,0.036692656883214055,8454.263115424306,0.5425
2026-02-18,0.75875,0.88875,0.9625,1.02875,1.0975,1.16125,1.24625,1.30375,154.84,132.48,57143.84,97.703,0.630993283389305,,,,0,0.75,0,0,0,0,0,0,0,0,0.008750000000000036,0.09887238912487828,0.13875000000000004,0.1291939386059594,0.21250000000000002,0.13867975969456425,0.27875000000000005,0.14440876320310614,0.3474999999999999,0.15182607454827035,0.4112499999999999,0.15526874792615653,0.4962500000000001,0.17499559605988635,0.55375,0.1804524319140377,-0.0010097002190371659,22.60752845139902,0.004624007617222316,14.1977166966374,0.0055654650398475605,0.08864067417455812,0.006323705349512765,18.977983994480937,0.04330359217202429,9082.327602717283,0.5449999999999999
2026-02-19,0.76,0.89875,0.975,1.0425,1.11,1.17375,1.25625,1.315,155.0,132.41,57467.83,97.925,0.631774193548387,,,,0,0.75,0,0,0,0,0,0,0,0,0.010000000000000009,0.10326861578999869,0.14875000000000005,0.13957794188985317,0.22499999999999998,0.1520917738794837,0.2925,0.16087973269470401,0.3600000000000001,0.1678881837977524,0.42375000000000007,0.172972237191922,0.5062500000000001,0.18705908555316975,0.565,0.1949031353481261,0.0010785814393572532,22.21328950654228,0.0073396666032310605,14.186615405245831,0.006186915670346535,0.09018620516069131,0.005379589450386025,18.85728559750254,0.044742852069706573,9157.580841890493,0.5549999999999999
2026-02-20,0.75875,0.905,0.97375,1.0375,1.1025,1.1675,1.2525,1.31,155.07,132.67,56825.7,97.796,0.6306571225897982,,,,0,0.75,0,0,0,0,0,0,0,0,0.008750000000000036,0.10296160916827579,0.15500000000000003,0.1421954465996642,0.22375,0.14633528376226834,0.2875000000000001,0.15146108975261385,0.35250000000000004,0.15685407900643855,0.4175,0.16395200939486698,0.5025,0.18056112653117817,0.56,0.18704000262545173,0.0026120802244837026,22.08467006320859,0.006304063401807019,13.900689272599593,0.0036291553197626506,0.08886932367395584,0.006944707980721734,19.106763706532803,0.030131963128165375,8287.76417625355,0.55125
2026-02-24,0.75625,0.9025,0.9725,1.0375,1.1025,1.1675,1.2525,1.31,154.74,132.64,54416.36832244595,97.559,0.6304704665891172,,,,0,0.75,0,0,0,0,0,0,0,0,0.006249999999999978,0.10167460160290565,0.15249999999999997,0.1361176271163459,0.22250000000000003,0.14424775794075984,0.2875000000000001,0.15227700536959965,0.35250000000000004,0.1590611755760062,0.4175,0.16616203692729492,0.5025,0.18154151428169185,0.56,0.18857751392062605,0.0007955140767187236,21.651124994275136,0.003886033688562553,13.65521694317674,0.0030359375221890327,0.08905183741990941,0.006228237204044925,18.954581894789285,-0.014053155083828173,6029.288317893865,0.5537500000000001
